小区名称,类型,区域(行政区),商圈板块,城市,数据来源
泰宸景苑,住宅,嘉定,丰庄,上海,fang.com
嘉泰花园公寓,住宅,嘉定,丰庄,上海,fang.com
金祥坊,住宅,嘉定,丰庄,上海,fang.com
丰庄十四街坊,住宅,嘉定,丰庄,上海,fang.com
泰宸新苑,住宅,嘉定,丰庄,上海,fang.com
湖畔天下,住宅,嘉定,南翔,上海,fang.com
翔和雅苑,住宅,嘉定,南翔,上海,fang.com
上海西环中心星信名邸,住宅,嘉定,南翔,上海,fang.com
金地格林公馆,住宅,嘉定,南翔,上海,fang.com
金地格林世界森林公馆,住宅,嘉定,南翔,上海,fang.com
华润中央公园,住宅,嘉定,南翔,上海,fang.com
华谊逸品澜湾,住宅,嘉定,南翔,上海,fang.com
漪园新村,住宅,嘉定,南翔,上海,fang.com
路劲翡丽湾,住宅,嘉定,南翔,上海,fang.com
民东公寓,住宅,嘉定,南翔,上海,fang.com
金地格林世界高尔夫公馆,住宅,嘉定,南翔,上海,fang.com
中冶祥腾城市佳园,住宅,嘉定,南翔,上海,fang.com
德华二村,住宅,嘉定,南翔,上海,fang.com
季景铭郡,住宅,嘉定,南翔,上海,fang.com
南华小区,住宅,嘉定,南翔,上海,fang.com
中建溪岸澜庭,住宅,嘉定,南翔,上海,fang.com
宏立瑞园,住宅,嘉定,南翔,上海,fang.com
同盛公寓,住宅,嘉定,南翔,上海,fang.com
翔华新村,住宅,嘉定,南翔,上海,fang.com
上隽嘉苑,住宅,嘉定,南翔,上海,fang.com
嘉宝新苑,住宅,嘉定,南翔,上海,fang.com
三湘森林海尚,住宅,嘉定,南翔,上海,fang.com
翔瑞新苑,住宅,嘉定,南翔,上海,fang.com
永翔佳苑,住宅,嘉定,南翔,上海,fang.com
红翔新村,住宅,嘉定,南翔,上海,fang.com
虹翔公寓,住宅,嘉定,南翔,上海,fang.com
古猗园路355弄小区,住宅,嘉定,南翔,上海,fang.com
金地格林世界圣莫尼卡,住宅,嘉定,南翔,上海,fang.com
德华四村,住宅,嘉定,南翔,上海,fang.com
金地格林世界卢尔公寓,住宅,嘉定,南翔,上海,fang.com
新里崴廉公馆,住宅,嘉定,南翔,上海,fang.com
银翔新村,住宅,嘉定,南翔,上海,fang.com
骏丰嘉骊花园,住宅,嘉定,南翔,上海,fang.com
银凯公寓,住宅,嘉定,南翔,上海,fang.com
绿洲古猗新苑,住宅,嘉定,南翔,上海,fang.com
祥源福邸,住宅,嘉定,南翔,上海,fang.com
德华三村,住宅,嘉定,南翔,上海,fang.com
好世凤翔苑,住宅,嘉定,南翔,上海,fang.com
德华一村,住宅,嘉定,南翔,上海,fang.com
利翔公寓,住宅,嘉定,南翔,上海,fang.com
布鲁斯郡(公寓住宅),住宅,嘉定,南翔,上海,fang.com
金地格林世界白金院邸花园洋房,住宅,嘉定,南翔,上海,fang.com
金地格林世界布鲁斯郡小区,住宅,嘉定,南翔,上海,fang.com
绿城留香园,住宅,嘉定,南翔,上海,fang.com
南华二村,住宅,嘉定,南翔,上海,fang.com
瑞和云庭,住宅,嘉定,南翔,上海,fang.com
泰翔嘉苑,住宅,嘉定,南翔,上海,fang.com
翔瑞新苑东区,住宅,嘉定,南翔,上海,fang.com
云翔佳苑,住宅,嘉定,南翔,上海,fang.com
新成三坊四坊,住宅,嘉定,嘉定城区,上海,fang.com
迎园新村二坊,住宅,嘉定,嘉定城区,上海,fang.com
南陈小区,住宅,嘉定,嘉定城区,上海,fang.com
信义嘉庭,住宅,嘉定,嘉定城区,上海,fang.com
嘉星小区,住宅,嘉定,嘉定城区,上海,fang.com
李园二村,住宅,嘉定,嘉定城区,上海,fang.com
迎园新村十坊,住宅,嘉定,嘉定城区,上海,fang.com
嘉乐东润舒庭,住宅,嘉定,嘉定城区,上海,fang.com
李园一村,住宅,嘉定,嘉定城区,上海,fang.com
新成六坊,住宅,嘉定,嘉定城区,上海,fang.com
新城金郡,住宅,嘉定,嘉定新城,上海,fang.com
保利家园,住宅,嘉定,嘉定新城,上海,fang.com
保利星海屿,住宅,嘉定,嘉定新城,上海,fang.com
龙湖郦城,住宅,嘉定,嘉定新城,上海,fang.com
保利湖畔阳光苑,住宅,嘉定,嘉定新城,上海,fang.com
盘古天地,住宅,嘉定,嘉定新城,上海,fang.com
阳光里,住宅,嘉定,嘉定新城,上海,fang.com
嘉宝梦之缘景庭,住宅,嘉定,嘉定新城,上海,fang.com
中信泰富又一城,住宅,嘉定,嘉定新城,上海,fang.com
嘉宝紫提湾,住宅,嘉定,嘉定新城,上海,fang.com
远香舫新苑,住宅,嘉定,嘉定新城,上海,fang.com
西郊金茂府,住宅,嘉定,嘉定新城,上海,fang.com
金地世家,住宅,嘉定,嘉定新城,上海,fang.com
新城香溢璟庭1期,住宅,嘉定,嘉定新城,上海,fang.com
白银时代,住宅,嘉定,嘉定新城,上海,fang.com
保利天鹅语,住宅,嘉定,嘉定新城,上海,fang.com
盘古园府,住宅,嘉定,嘉定新城,上海,fang.com
枫树林景苑,住宅,嘉定,嘉定新城,上海,fang.com
恒大御景湾,住宅,嘉定,嘉定新城,上海,fang.com
骏丰玲珑坊,住宅,嘉定,嘉定新城,上海,fang.com
秋霞坊,住宅,嘉定,嘉定新城,上海,fang.com
保利天琴宇,住宅,嘉定,嘉定新城,上海,fang.com
风荷丽景,住宅,嘉定,嘉定新城,上海,fang.com
龙湖蔚澜香醍公寓,住宅,嘉定,嘉定新城,上海,fang.com
中信泰富又一城雅苑,住宅,嘉定,嘉定新城,上海,fang.com
佳兆业1号,住宅,嘉定,嘉定新城,上海,fang.com
远香湖1号,住宅,嘉定,嘉定新城,上海,fang.com
绿地颐景嘉园,住宅,嘉定,嘉定新城,上海,fang.com
阳光城新界,住宅,嘉定,嘉定新城,上海,fang.com
臻品嘉园东区,住宅,嘉定,嘉定新城,上海,fang.com
安高东方御府,住宅,嘉定,嘉定新城,上海,fang.com
马陆清水湾公寓,住宅,嘉定,嘉定新城,上海,fang.com
远香舫嘉苑,住宅,嘉定,嘉定新城,上海,fang.com
常发豪庭国际,住宅,嘉定,嘉定新城,上海,fang.com
盘古嘉德,住宅,嘉定,嘉定新城,上海,fang.com
上实海上公元,住宅,嘉定,嘉定新城,上海,fang.com
好世皇马苑,住宅,嘉定,嘉定新城,上海,fang.com
新城香溢璟庭2期,住宅,嘉定,嘉定新城,上海,fang.com
嘉宝梦之星,住宅,嘉定,嘉定新城,上海,fang.com
金沙湾绿地和苑,住宅,嘉定,嘉定新城,上海,fang.com
旭辉华庭,住宅,嘉定,嘉定新城,上海,fang.com
合景领峰,住宅,嘉定,嘉定新城,上海,fang.com
新城香溢澜庭,住宅,嘉定,嘉定新城,上海,fang.com
东方豪园,住宅,嘉定,嘉定新城,上海,fang.com
远香舫庭苑,住宅,嘉定,嘉定新城,上海,fang.com
上实海上荟,住宅,嘉定,嘉定新城,上海,fang.com
外冈新苑,住宅,嘉定,外冈,上海,fang.com
西上海御庭,住宅,嘉定,安亭,上海,fang.com
博泰景苑,住宅,嘉定,安亭,上海,fang.com
大学里,住宅,嘉定,安亭,上海,fang.com
润渡佳苑,住宅,嘉定,安亭,上海,fang.com
绿地海域苏河源,住宅,嘉定,安亭,上海,fang.com
安亭瑞仕锦庭,住宅,嘉定,安亭,上海,fang.com
恒大名都,住宅,嘉定,安亭,上海,fang.com
莱英北郡,住宅,嘉定,安亭,上海,fang.com
安亭新镇波恩风情,住宅,嘉定,安亭,上海,fang.com
沁富佳苑,住宅,嘉定,安亭,上海,fang.com
路劲上海派,住宅,嘉定,安亭,上海,fang.com
旭辉·公元,住宅,嘉定,安亭,上海,fang.com
安亭新镇宾根花园,住宅,嘉定,安亭,上海,fang.com
安亭新苑,住宅,嘉定,安亭,上海,fang.com
大众春盛苑,住宅,嘉定,安亭,上海,fang.com
古北萃庭,住宅,嘉定,安亭,上海,fang.com
佳兆业城市广场,住宅,嘉定,徐行,上海,fang.com
绿地新江桥城,住宅,嘉定,江桥,上海,fang.com
金鹤新城双佳翠庭,住宅,嘉定,江桥,上海,fang.com
金鹤新城水岸金桥苑,住宅,嘉定,江桥,上海,fang.com
金鹤新城澜茵华庭,住宅,嘉定,江桥,上海,fang.com
金鹤新城缘圆宝邸,住宅,嘉定,江桥,上海,fang.com
金鹤新城中房公寓,住宅,嘉定,江桥,上海,fang.com
嘉海雅苑,住宅,嘉定,江桥,上海,fang.com
中虹华苑,住宅,嘉定,江桥,上海,fang.com
金沙鼎苑,住宅,嘉定,江桥,上海,fang.com
大宅风范城,住宅,嘉定,江桥,上海,fang.com
金鹤新城水岸秀苑,住宅,嘉定,江桥,上海,fang.com
富友嘉园,住宅,嘉定,江桥,上海,fang.com
金鹤新城金霞苑,住宅,嘉定,江桥,上海,fang.com
天禧嘉苑,住宅,嘉定,江桥,上海,fang.com
嘉城新航域,住宅,嘉定,江桥,上海,fang.com
金鹤新城城杰苑,住宅,嘉定,江桥,上海,fang.com
爱德佳苑,住宅,嘉定,江桥,上海,fang.com
金帝城市岸泊,住宅,嘉定,江桥,上海,fang.com
中星海兰苑,住宅,嘉定,江桥,上海,fang.com
保利云上,住宅,嘉定,江桥,上海,fang.com
万达城市公寓,住宅,嘉定,江桥,上海,fang.com
爱德佳苑三街坊,住宅,嘉定,江桥,上海,fang.com
龙湖天璞雅筑,住宅,嘉定,江桥,上海,fang.com
嘉城,住宅,嘉定,江桥,上海,fang.com
金鹤新城泰宸复兴苑,住宅,嘉定,江桥,上海,fang.com
金鹤新城泰宸沙河茗苑,住宅,嘉定,江桥,上海,fang.com
嘉城雅颂湾,住宅,嘉定,江桥,上海,fang.com
华江景城,住宅,嘉定,江桥,上海,fang.com
嘉怡坊,住宅,嘉定,江桥,上海,fang.com
曹江公寓,住宅,嘉定,江桥,上海,fang.com
香馥湾,住宅,嘉定,江桥,上海,fang.com
华江一村,住宅,嘉定,江桥,上海,fang.com
中星海上名豪苑四期御菁园,住宅,嘉定,江桥,上海,fang.com
恒嘉花园,住宅,嘉定,江桥,上海,fang.com
丽江佳苑,住宅,嘉定,江桥,上海,fang.com
宁兴上尚湾,住宅,嘉定,江桥,上海,fang.com
天际蓝桥,住宅,嘉定,江桥,上海,fang.com
翠堤尚郡,住宅,嘉定,江桥,上海,fang.com
汇丰沁苑,住宅,嘉定,江桥,上海,fang.com
爱德佳苑五街坊,住宅,嘉定,江桥,上海,fang.com
锦华茗园,住宅,嘉定,江桥,上海,fang.com
江桥佳苑,住宅,嘉定,江桥,上海,fang.com
嘉城爱琴海,住宅,嘉定,江桥,上海,fang.com
嘉旺苑,住宅,嘉定,江桥,上海,fang.com
嘉城幸福港,住宅,嘉定,江桥,上海,fang.com
江桥二村三街坊,住宅,嘉定,江桥,上海,fang.com
保利云上|澄光,住宅,嘉定,江桥,上海,fang.com
盐湖新居,住宅,嘉定,江桥,上海,fang.com
汇丰沁苑二期,住宅,嘉定,江桥,上海,fang.com
江桥一村,住宅,嘉定,江桥,上海,fang.com
江桥二村五街坊,住宅,嘉定,江桥,上海,fang.com
江桥二村二街坊,住宅,嘉定,江桥,上海,fang.com
高潮新苑,住宅,嘉定,江桥,上海,fang.com
中星海上名豪苑(60弄),住宅,嘉定,江桥,上海,fang.com
江桥二村四街坊,住宅,嘉定,江桥,上海,fang.com
申江花苑,住宅,嘉定,江桥,上海,fang.com
江桥三村九街坊,住宅,嘉定,江桥,上海,fang.com
家旺景苑,住宅,嘉定,江桥,上海,fang.com
水岸丽苑,住宅,嘉定,江桥,上海,fang.com
金隅大成郡,住宅,嘉定,菊园新区,上海,fang.com
路劲·悦茂府,住宅,嘉定,菊园新区,上海,fang.com
绿地天呈,住宅,嘉定,菊园新区,上海,fang.com
保利海上五月花,住宅,嘉定,菊园新区,上海,fang.com
日月光伯爵天地,住宅,嘉定,菊园新区,上海,fang.com
柳湖景庭,住宅,嘉定,菊园新区,上海,fang.com
合景叠翠峰,住宅,嘉定,菊园新区,上海,fang.com
嘉华居,住宅,嘉定,菊园新区,上海,fang.com
万科金色领域,住宅,嘉定,菊园新区,上海,fang.com
新城枫景,住宅,嘉定,菊园新区,上海,fang.com
嘉宝梦之湾,住宅,嘉定,菊园新区,上海,fang.com
练祁佳城星怡苑,住宅,嘉定,菊园新区,上海,fang.com
沧海绿苑,住宅,嘉定,马陆,上海,fang.com
绿地南桥新苑,住宅,奉贤,南桥,上海,fang.com
正阳世纪星城,住宅,奉贤,南桥,上海,fang.com
正阳世纪星城文华苑,住宅,奉贤,南桥,上海,fang.com
江海新村,住宅,奉贤,南桥,上海,fang.com
九华苑,住宅,奉贤,南桥,上海,fang.com
金辉天鹅湾,住宅,奉贤,南桥,上海,fang.com
悦晟新苑,住宅,奉贤,南桥,上海,fang.com
江海花园,住宅,奉贤,南桥,上海,fang.com
万科南桥传奇,住宅,奉贤,南桥,上海,fang.com
西民旺苑,住宅,奉贤,南桥,上海,fang.com
奉浦苑,住宅,奉贤,南桥,上海,fang.com
育秀九区,住宅,奉贤,南桥,上海,fang.com
贝港花苑,住宅,奉贤,南桥,上海,fang.com
阳光园二期,住宅,奉贤,南桥,上海,fang.com
顺寓国际社区,住宅,奉贤,南桥,上海,fang.com
悦丰新苑,住宅,奉贤,南桥,上海,fang.com
国欣颐养|中澳城,住宅,奉贤,南桥,上海,fang.com
育秀三区,住宅,奉贤,南桥,上海,fang.com
阳光春城,住宅,奉贤,南桥,上海,fang.com
古华A区,住宅,奉贤,南桥,上海,fang.com
秀枫苑,住宅,奉贤,南桥,上海,fang.com
浦南园,住宅,奉贤,南桥,上海,fang.com
贝港八区,住宅,奉贤,南桥,上海,fang.com
百合苑,住宅,奉贤,南桥,上海,fang.com
育秀五区,住宅,奉贤,南桥,上海,fang.com
正阳铂璟湾,住宅,奉贤,南桥,上海,fang.com
贝港一区,住宅,奉贤,南桥,上海,fang.com
曙光新苑,住宅,奉贤,南桥,上海,fang.com
育秀七区,住宅,奉贤,南桥,上海,fang.com
正阳世纪星城行知苑,住宅,奉贤,南桥,上海,fang.com
古华新村,住宅,奉贤,南桥,上海,fang.com
华龙公寓,住宅,奉贤,南桥,上海,fang.com
九华丽苑,住宅,奉贤,南桥,上海,fang.com
万龙新村,住宅,奉贤,南桥,上海,fang.com
阳光四季园,住宅,奉贤,南桥,上海,fang.com
众旺苑北区,住宅,奉贤,南桥,上海,fang.com
聚贤煌都,住宅,奉贤,南桥,上海,fang.com
蓝天苑,住宅,奉贤,南桥,上海,fang.com
铭邦华府,住宅,奉贤,南桥,上海,fang.com
树园新里,住宅,奉贤,南桥,上海,fang.com
贝港七区,住宅,奉贤,南桥,上海,fang.com
江海二村,住宅,奉贤,南桥,上海,fang.com
秋月朗庭,住宅,奉贤,南桥,上海,fang.com
同盛南桥花园,住宅,奉贤,南桥,上海,fang.com
育秀六区,住宅,奉贤,南桥,上海,fang.com
奉浦二村,住宅,奉贤,南桥,上海,fang.com
恒龙尚品嘉苑,住宅,奉贤,南桥,上海,fang.com
景河苑,住宅,奉贤,南桥,上海,fang.com
九华新园,住宅,奉贤,南桥,上海,fang.com
解放新村,住宅,奉贤,南桥,上海,fang.com
育秀二区,住宅,奉贤,南桥,上海,fang.com
育秀十一区,住宅,奉贤,南桥,上海,fang.com
育秀一区,住宅,奉贤,南桥,上海,fang.com
弘泽欣园,住宅,奉贤,南桥,上海,fang.com
绿地观邸,住宅,奉贤,南桥,上海,fang.com
曙光新区,住宅,奉贤,南桥,上海,fang.com
招商南桥1号,住宅,奉贤,南桥,上海,fang.com
贝港南区,住宅,奉贤,南桥,上海,fang.com
良友新村,住宅,奉贤,南桥,上海,fang.com
普康苑,住宅,奉贤,南桥,上海,fang.com
新民旺苑,住宅,奉贤,南桥,上海,fang.com
贝港第二居民区(南区),住宅,奉贤,南桥,上海,fang.com
奉苑新村,住宅,奉贤,南桥,上海,fang.com
树园新村,住宅,奉贤,南桥,上海,fang.com
新发展公寓,住宅,奉贤,南桥,上海,fang.com
阳光园四期,住宅,奉贤,南桥,上海,fang.com
正阳TOP,住宅,奉贤,南桥,上海,fang.com
奉发·左岸晶邸,住宅,奉贤,南桥,上海,fang.com
绅鸿苑,住宅,奉贤,南桥,上海,fang.com
新建西路公房,住宅,奉贤,南桥,上海,fang.com
育秀八区,住宅,奉贤,南桥,上海,fang.com
贝港三区,住宅,奉贤,南桥,上海,fang.com
古华B区,住宅,奉贤,南桥,上海,fang.com
中建公元壹号,住宅,奉贤,奉城,上海,fang.com
新城花屿湾,住宅,奉贤,奉城,上海,fang.com
绿地小米公社,住宅,奉贤,奉城,上海,fang.com
奉馨园,住宅,奉贤,奉城,上海,fang.com
奉德苑,住宅,奉贤,奉城,上海,fang.com
佳源名人公馆,住宅,奉贤,奉城,上海,fang.com
康碧苑,住宅,奉贤,奉城,上海,fang.com
中海戈雅园,住宅,奉贤,奉城,上海,fang.com
车站新村南区,住宅,奉贤,奉城,上海,fang.com
大家美颂,住宅,奉贤,奉城,上海,fang.com
锦港佳苑,住宅,奉贤,奉城,上海,fang.com
水榭兰亭,住宅,奉贤,奉城,上海,fang.com
奉发宝龙广场,住宅,奉贤,奉城,上海,fang.com
龙达新苑,住宅,奉贤,奉城,上海,fang.com
悦城华庭,住宅,奉贤,奉城,上海,fang.com
奉铭佳苑,住宅,奉贤,奉城,上海,fang.com
华盛新苑,住宅,奉贤,奉城,上海,fang.com
天和尚上海,住宅,奉贤,奉城,上海,fang.com
奉德苑(东区),住宅,奉贤,奉城,上海,fang.com
申丰新村,住宅,奉贤,奉城,上海,fang.com
曙光新村(奉城),住宅,奉贤,奉城,上海,fang.com
车站新村(奉城),住宅,奉贤,奉城,上海,fang.com
大宅新村,住宅,奉贤,奉城,上海,fang.com
奉城商都,住宅,奉贤,奉城,上海,fang.com
汤臣臻园,住宅,奉贤,奉贤其他,上海,fang.com
恒盛湖畔豪庭,住宅,奉贤,奉贤其他,上海,fang.com
馨雅名筑,住宅,奉贤,奉贤其他,上海,fang.com
恒盛湖畔豪庭东区,住宅,奉贤,奉贤其他,上海,fang.com
银河丽湾,住宅,奉贤,奉贤其他,上海,fang.com
中粮南桥半岛,住宅,奉贤,奉贤其他,上海,fang.com
金海苑北区,住宅,奉贤,奉贤其他,上海,fang.com
馨雅名庭(西区),住宅,奉贤,奉贤其他,上海,fang.com
金昊雅苑,住宅,奉贤,奉贤其他,上海,fang.com
阳光星期8,住宅,奉贤,奉贤其他,上海,fang.com
金海壹品,住宅,奉贤,奉贤其他,上海,fang.com
绿地无双,住宅,奉贤,奉贤其他,上海,fang.com
合景万景峰,住宅,奉贤,奉贤其他,上海,fang.com
苏宁荣悦,住宅,奉贤,奉贤其他,上海,fang.com
庙泾新村,住宅,奉贤,奉贤其他,上海,fang.com
龙湖天曜,住宅,奉贤,奉贤其他,上海,fang.com
望园豪庭,住宅,奉贤,奉贤其他,上海,fang.com
金昊丽苑,住宅,奉贤,奉贤其他,上海,fang.com
中粮南桥锦云,住宅,奉贤,奉贤其他,上海,fang.com
保利明玥宸光,住宅,奉贤,奉贤其他,上海,fang.com
金海苑南区,住宅,奉贤,奉贤其他,上海,fang.com
绿地领御,住宅,奉贤,奉贤其他,上海,fang.com
馨雅名庭(东区),住宅,奉贤,奉贤其他,上海,fang.com
保利象屿公园悦府,住宅,奉贤,奉贤其他,上海,fang.com
上江南·璟荟名庭,住宅,奉贤,奉贤其他,上海,fang.com
卓越世纪中心公寓,住宅,奉贤,奉贤其他,上海,fang.com
恒盛湖畔豪庭西区,住宅,奉贤,奉贤其他,上海,fang.com
金水苑,住宅,奉贤,奉贤其他,上海,fang.com
桐南美麓,住宅,奉贤,奉贤其他,上海,fang.com
奉发云境,住宅,奉贤,庄行,上海,fang.com
丽水湾,住宅,奉贤,庄行,上海,fang.com
大名城·映雨江南,住宅,奉贤,庄行,上海,fang.com
海韵馨苑,住宅,奉贤,柘林,上海,fang.com
绿地铂晶舍,住宅,奉贤,柘林,上海,fang.com
绿地香颂公寓(奉贤),住宅,奉贤,柘林,上海,fang.com
凤凰城天境,住宅,奉贤,海湾,上海,fang.com
绿城上海诚园,住宅,奉贤,海湾,上海,fang.com
凤凰城天悦,住宅,奉贤,海湾,上海,fang.com
瑞和上海印象,住宅,奉贤,海湾,上海,fang.com
保利玲玥公馆,住宅,奉贤,海湾,上海,fang.com
凤鸣海尚,住宅,奉贤,海湾,上海,fang.com
紫苑小区,住宅,奉贤,海湾,上海,fang.com
诚园正信苑,住宅,奉贤,海湾,上海,fang.com
诚园明礼苑,住宅,奉贤,海湾,上海,fang.com
电建地产·泷悦景轩,住宅,奉贤,海湾,上海,fang.com
大名城映园,住宅,奉贤,海湾,上海,fang.com
红庄新苑奉贤,住宅,奉贤,海湾,上海,fang.com
燎原农场,住宅,奉贤,海湾,上海,fang.com
明城玫瑰园,住宅,奉贤,海湾,上海,fang.com
电建地产·泷悦蓝湾,住宅,奉贤,海湾,上海,fang.com
酩悦都会,住宅,奉贤,海湾旅游区,上海,fang.com
萧塘尚乐苑,住宅,奉贤,西渡,上海,fang.com
华润置地幸福里,住宅,奉贤,西渡,上海,fang.com
新南家园,住宅,奉贤,西渡,上海,fang.com
乐康苑,住宅,奉贤,西渡,上海,fang.com
萧塘尚美苑,住宅,奉贤,西渡,上海,fang.com
中国铁建香榭国际,住宅,奉贤,西渡,上海,fang.com
鸿宝一村(南区),住宅,奉贤,西渡,上海,fang.com
阳光城·未来悦,住宅,奉贤,西渡,上海,fang.com
中国铁建·熙语,住宅,奉贤,西渡,上海,fang.com
水岸家苑一期,住宅,奉贤,西渡,上海,fang.com
金都雅苑,住宅,奉贤,西渡,上海,fang.com
南渡新苑,住宅,奉贤,西渡,上海,fang.com
鸿宝二村南区,住宅,奉贤,西渡,上海,fang.com
鸿宝一村(北区),住宅,奉贤,西渡,上海,fang.com
文怡花园,住宅,奉贤,西渡,上海,fang.com
肖塘新村,住宅,奉贤,西渡,上海,fang.com
悦澜天地,住宅,奉贤,西渡,上海,fang.com
希都公寓,住宅,奉贤,西渡,上海,fang.com
康发小区,住宅,奉贤,西渡,上海,fang.com
浦江花园(奉贤),住宅,奉贤,西渡,上海,fang.com
闸园新村,住宅,奉贤,西渡,上海,fang.com
水帘洞小区,住宅,奉贤,西渡,上海,fang.com
弯弯小区,住宅,奉贤,西渡,上海,fang.com
北虹新村,住宅,奉贤,西渡,上海,fang.com
陈湾小区,住宅,奉贤,西渡,上海,fang.com
大桥公寓,住宅,奉贤,西渡,上海,fang.com
南桥金茂悦,住宅,奉贤,金汇镇,上海,fang.com
金碧汇虹苑,住宅,奉贤,金汇镇,上海,fang.com
万科金域华府,住宅,奉贤,金汇镇,上海,fang.com
敬贤雅苑,住宅,奉贤,金汇镇,上海,fang.com
南行达苑,住宅,奉贤,金汇镇,上海,fang.com
南行旺苑,住宅,奉贤,金汇镇,上海,fang.com
天和前滩时代,住宅,奉贤,金汇镇,上海,fang.com
朗诗未来街区,住宅,奉贤,金汇镇,上海,fang.com
南行贤苑,住宅,奉贤,金汇镇,上海,fang.com
上海龙湖春江天玺,住宅,奉贤,金汇镇,上海,fang.com
象屿滨江悦府,住宅,奉贤,金汇镇,上海,fang.com
沿港河畔家园,住宅,奉贤,金汇镇,上海,fang.com
齐贤雅苑,住宅,奉贤,金汇镇,上海,fang.com
百曲乐苑,住宅,奉贤,金汇镇,上海,fang.com
灏景湾,住宅,奉贤,金汇镇,上海,fang.com
金碧苑(奉贤),住宅,奉贤,金汇镇,上海,fang.com
南行兴苑,住宅,奉贤,金汇镇,上海,fang.com
禹洲天境璞悦,住宅,奉贤,金汇镇,上海,fang.com
张弄富苑,住宅,奉贤,金汇镇,上海,fang.com
百曲雅苑,住宅,奉贤,金汇镇,上海,fang.com
白沙西苑,住宅,奉贤,金汇镇,上海,fang.com
东原郦湾,住宅,奉贤,金汇镇,上海,fang.com
宝华帝华园,住宅,奉贤,青村,上海,fang.com
青村小镇一期,住宅,奉贤,青村,上海,fang.com
北港和景苑,住宅,奉贤,青村,上海,fang.com
东方华璟园,住宅,奉贤,青村,上海,fang.com
滨江公园壹号,住宅,宝山,上大,上海,fang.com
锦秋花园,住宅,宝山,上大,上海,fang.com
保利叶之林,住宅,宝山,上大,上海,fang.com
大华锦上城,住宅,宝山,上大,上海,fang.com
经纬城市绿洲二期,住宅,宝山,上大,上海,fang.com
经纬城市绿洲一期,住宅,宝山,上大,上海,fang.com
经纬城市绿洲六期,住宅,宝山,上大,上海,fang.com
保利熙悦,住宅,宝山,上大,上海,fang.com
宝祁雅苑,住宅,宝山,上大,上海,fang.com
经纬·至臻豪庭,住宅,宝山,上大,上海,fang.com
当代高邸,住宅,宝山,上大,上海,fang.com
汇枫景苑,住宅,宝山,上大,上海,fang.com
经纬城市绿洲三期,住宅,宝山,上大,上海,fang.com
远东君悦庭,住宅,宝山,上大,上海,fang.com
经纬城市绿洲四期,住宅,宝山,上大,上海,fang.com
学林苑,住宅,宝山,上大,上海,fang.com
大华朗香公园里,住宅,宝山,上大,上海,fang.com
丰宝苑,住宅,宝山,上大,上海,fang.com
经纬城市绿洲五期,住宅,宝山,上大,上海,fang.com
共富一村,住宅,宝山,共富,上海,fang.com
共富二村,住宅,宝山,共富,上海,fang.com
宝宸怡景园,住宅,宝山,共康,上海,fang.com
共康五村,住宅,宝山,共康,上海,fang.com
共康六村,住宅,宝山,共康,上海,fang.com
屹立家园,住宅,宝山,共康,上海,fang.com
共康八村,住宅,宝山,共康,上海,fang.com
宝宸共和家园,住宅,宝山,共康,上海,fang.com
共康七村,住宅,宝山,共康,上海,fang.com
和欣国际花园,住宅,宝山,共康,上海,fang.com
宝业馨康苑,住宅,宝山,共康,上海,fang.com
共和新苑,住宅,宝山,共康,上海,fang.com
九英里,住宅,宝山,共康,上海,fang.com
共康雅苑二期,住宅,宝山,共康,上海,fang.com
中环国际公寓二期,住宅,宝山,共康,上海,fang.com
中环国际公寓一期,住宅,宝山,共康,上海,fang.com
共康公寓,住宅,宝山,共康,上海,fang.com
大华铂金华府,住宅,宝山,大华,上海,fang.com
大华水岸蓝桥,住宅,宝山,大华,上海,fang.com
怡华苑,住宅,宝山,大华,上海,fang.com
枫庭丽苑,住宅,宝山,大华,上海,fang.com
馨华苑,住宅,宝山,大华,上海,fang.com
大华一村,住宅,宝山,大华,上海,fang.com
南华苑,住宅,宝山,大华,上海,fang.com
大华二村,住宅,宝山,大华,上海,fang.com
大华公园世家康华苑三期,住宅,宝山,大华,上海,fang.com
久华佳苑,住宅,宝山,大华,上海,fang.com
滨江雅苑,住宅,宝山,大华,上海,fang.com
大华碧云天,住宅,宝山,大场镇,上海,fang.com
中环一号,住宅,宝山,大场镇,上海,fang.com
招商中环华府,住宅,宝山,大场镇,上海,fang.com
南秀雅苑,住宅,宝山,大场镇,上海,fang.com
君邑地中海,住宅,宝山,大场镇,上海,fang.com
呼玛三村,住宅,宝山,张庙,上海,fang.com
通河一村,住宅,宝山,张庙,上海,fang.com
呼玛二村,住宅,宝山,张庙,上海,fang.com
呼玛一村,住宅,宝山,张庙,上海,fang.com
民悦苑,住宅,宝山,张庙,上海,fang.com
呼玛四村,住宅,宝山,张庙,上海,fang.com
富浩花园,住宅,宝山,张庙,上海,fang.com
宝华北岸郡庭,住宅,宝山,月浦,上海,fang.com
新城昱翠湾,住宅,宝山,月浦,上海,fang.com
中冶尚园,住宅,宝山,月浦,上海,fang.com
宝华盛世花园,住宅,宝山,月浦,上海,fang.com
新月明珠园,住宅,宝山,月浦,上海,fang.com
阳光美林,住宅,宝山,月浦,上海,fang.com
中冶祥腾宝月花园,住宅,宝山,月浦,上海,fang.com
乐业一村,住宅,宝山,月浦,上海,fang.com
庆安苑,住宅,宝山,月浦,上海,fang.com
乐业五村,住宅,宝山,月浦,上海,fang.com
庆安一村,住宅,宝山,月浦,上海,fang.com
万业紫辰苑,住宅,宝山,杨行,上海,fang.com
远洋香奈,住宅,宝山,杨行,上海,fang.com
和家欣苑,住宅,宝山,杨行,上海,fang.com
杨泰二村,住宅,宝山,杨行,上海,fang.com
杨泰一村,住宅,宝山,杨行,上海,fang.com
天馨花园,住宅,宝山,杨行,上海,fang.com
同盛嘉园,住宅,宝山,杨行,上海,fang.com
友谊家园,住宅,宝山,杨行,上海,fang.com
东方丽都,住宅,宝山,杨行,上海,fang.com
海尚明城,住宅,宝山,杨行,上海,fang.com
禄德华苑,住宅,宝山,杨行,上海,fang.com
招商海德公馆,住宅,宝山,杨行,上海,fang.com
香逸湾,住宅,宝山,杨行,上海,fang.com
杨泰三村,住宅,宝山,杨行,上海,fang.com
丽景翠庭,住宅,宝山,杨行,上海,fang.com
大黄馨苑,住宅,宝山,杨行,上海,fang.com
宝启花园,住宅,宝山,杨行,上海,fang.com
荣域飘鹰锦和花园,住宅,宝山,杨行,上海,fang.com
四季都会,住宅,宝山,杨行,上海,fang.com
世华佳苑,住宅,宝山,杨行,上海,fang.com
四季都会荣万悦宁苑,住宅,宝山,杨行,上海,fang.com
万科四季花城二期,住宅,宝山,杨行,上海,fang.com
淞南五村,住宅,宝山,淞南,上海,fang.com
嘉骏花苑,住宅,宝山,淞南,上海,fang.com
盛世宝邸一期,住宅,宝山,淞南,上海,fang.com
淞南七村,住宅,宝山,淞南,上海,fang.com
淞南九村,住宅,宝山,淞南,上海,fang.com
嘉骏香山苑,住宅,宝山,淞南,上海,fang.com
淞南八村,住宅,宝山,淞南,上海,fang.com
华浜新村,住宅,宝山,淞南,上海,fang.com
淞南十村,住宅,宝山,淞南,上海,fang.com
新梅淞南苑,住宅,宝山,淞南,上海,fang.com
长宏新苑,住宅,宝山,淞南,上海,fang.com
鹏程花苑,住宅,宝山,淞南,上海,fang.com
淞南六村,住宅,宝山,淞南,上海,fang.com
盛世宝邸二期,住宅,宝山,淞南,上海,fang.com
宝景苑,住宅,宝山,淞南,上海,fang.com
枫桥湾名邸,住宅,宝山,淞南,上海,fang.com
华浜二村,住宅,宝山,淞南,上海,fang.com
万临家园,住宅,宝山,淞南,上海,fang.com
逸居苑,住宅,宝山,淞南,上海,fang.com
都市花苑,住宅,宝山,淞南,上海,fang.com
鎏园,住宅,宝山,淞南,上海,fang.com
美岸栖庭三期,住宅,宝山,淞南,上海,fang.com
淞南三村,住宅,宝山,淞南,上海,fang.com
宝林八村,住宅,宝山,淞宝,上海,fang.com
宝林一村,住宅,宝山,淞宝,上海,fang.com
泗东新村,住宅,宝山,淞宝,上海,fang.com
吴淞新城,住宅,宝山,淞宝,上海,fang.com
二纺公房,住宅,宝山,淞宝,上海,fang.com
宝林枫景苑·知翠里,住宅,宝山,淞宝,上海,fang.com
华能城市花园,住宅,宝山,淞宝,上海,fang.com
海滨新村,住宅,宝山,淞宝,上海,fang.com
宝山七村,住宅,宝山,淞宝,上海,fang.com
上海长滩,住宅,宝山,淞宝,上海,fang.com
白玉兰花园,住宅,宝山,淞宝,上海,fang.com
宝山十村,住宅,宝山,淞宝,上海,fang.com
宝钢三村,住宅,宝山,淞宝,上海,fang.com
宝城三村,住宅,宝山,淞宝,上海,fang.com
恺源景江苑,住宅,宝山,淞宝,上海,fang.com
美罗家园金丰苑一区,住宅,宝山,罗店,上海,fang.com
美罗家园润苑,住宅,宝山,罗店,上海,fang.com
美罗家园宝欣苑一村,住宅,宝山,罗店,上海,fang.com
美罗家园佳翔苑,住宅,宝山,罗店,上海,fang.com
美罗家园佳境苑,住宅,宝山,罗店,上海,fang.com
美罗家园绣苑,住宅,宝山,罗店,上海,fang.com
美罗家园宝欣苑二村,住宅,宝山,罗店,上海,fang.com
美罗家园年吉苑,住宅,宝山,罗店,上海,fang.com
美罗家园宝欣苑九村,住宅,宝山,罗店,上海,fang.com
罗兰佳苑(西区),住宅,宝山,罗店,上海,fang.com
美罗家园美文苑,住宅,宝山,罗店,上海,fang.com
美罗家园罗安苑,住宅,宝山,罗店,上海,fang.com
美罗家园宝欣苑五村,住宅,宝山,罗店,上海,fang.com
美罗家园罗翔苑,住宅,宝山,罗店,上海,fang.com
美罗家园慧苑,住宅,宝山,罗店,上海,fang.com
美罗家园罗秀苑,住宅,宝山,罗店,上海,fang.com
美罗家园罗智苑,住宅,宝山,罗店,上海,fang.com
美罗家园保翔苑,住宅,宝山,罗店,上海,fang.com
美罗家园鼎苑,住宅,宝山,罗店,上海,fang.com
美罗家园雅苑,住宅,宝山,罗店,上海,fang.com
美罗家园宝欣苑六村,住宅,宝山,罗店,上海,fang.com
美罗家园宝欣苑七村,住宅,宝山,罗店,上海,fang.com
共和新路4719弄小区,住宅,宝山,通河,上海,fang.com
通河八村,住宅,宝山,通河,上海,fang.com
通河二村,住宅,宝山,通河,上海,fang.com
通河四村,住宅,宝山,通河,上海,fang.com
通河六村,住宅,宝山,通河,上海,fang.com
泗塘八村,住宅,宝山,通河,上海,fang.com
泗塘二村,住宅,宝山,通河,上海,fang.com
锦辉绿园,住宅,宝山,通河,上海,fang.com
三湘盛世花园,住宅,宝山,通河,上海,fang.com
泗塘五村,住宅,宝山,通河,上海,fang.com
昌鑫世纪园,住宅,宝山,通河,上海,fang.com
好家园,住宅,宝山,通河,上海,fang.com
昌鑫时代绿园,住宅,宝山,通河,上海,fang.com
共江小区,住宅,宝山,通河,上海,fang.com
美树铭家,住宅,宝山,通河,上海,fang.com
盛达家园,住宅,宝山,通河,上海,fang.com
保利叶上海,住宅,宝山,顾村,上海,fang.com
保利叶语一期,住宅,宝山,顾村,上海,fang.com
爱建顾园50弄小区,住宅,宝山,顾村,上海,fang.com
海尚菊苑,住宅,宝山,顾村,上海,fang.com
古北菊翔苑,住宅,宝山,顾村,上海,fang.com
文宝苑,住宅,宝山,顾村,上海,fang.com
好日子大家园D区,住宅,宝山,顾村,上海,fang.com
新顾村大家园D区,住宅,宝山,顾村,上海,fang.com
新天地荻泾花园,住宅,宝山,顾村,上海,fang.com
宝沁苑,住宅,宝山,顾村,上海,fang.com
好日子大家园B区,住宅,宝山,顾村,上海,fang.com
盛宅一村,住宅,宝山,顾村,上海,fang.com
旭辉依云湾,住宅,宝山,顾村,上海,fang.com
新顾村大家园A区,住宅,宝山,顾村,上海,fang.com
馨佳园十一街坊,住宅,宝山,顾村,上海,fang.com
中怡家园,住宅,宝山,顾村,上海,fang.com
成亿宝盛家苑,住宅,宝山,顾村,上海,fang.com
大黄馨园,住宅,宝山,顾村,上海,fang.com
金地天地云墅,住宅,宝山,顾村,上海,fang.com
馨佳园六街坊,住宅,宝山,顾村,上海,fang.com
自然居家园,住宅,宝山,顾村,上海,fang.com
中国铁建青秀城,住宅,宝山,顾村,上海,fang.com
丰水宝邸东苑,住宅,宝山,顾村,上海,fang.com
好日子大家园A区,住宅,宝山,顾村,上海,fang.com
好日子大家园C区,住宅,宝山,顾村,上海,fang.com
馨佳园一街坊,住宅,宝山,顾村,上海,fang.com
新顾村大家园B区,住宅,宝山,顾村,上海,fang.com
宝翔苑,住宅,宝山,顾村,上海,fang.com
丰水宝邸西苑,住宅,宝山,顾村,上海,fang.com
四季绿城,住宅,宝山,高境,上海,fang.com
象屿郦庭,住宅,宝山,高境,上海,fang.com
馨良苑,住宅,宝山,高境,上海,fang.com
崇明新城明珠花苑,住宅,崇明,南门,上海,fang.com
东门新村,住宅,崇明,南门,上海,fang.com
花园弄小区(崇明),住宅,崇明,南门,上海,fang.com
西门南村,住宅,崇明,南门,上海,fang.com
兴贤街小区,住宅,崇明,南门,上海,fang.com
瀛通金鳌山公寓,住宅,崇明,南门,上海,fang.com
鳌山路620弄,住宅,崇明,南门,上海,fang.com
八一路69号,住宅,崇明,南门,上海,fang.com
北门一村,住宅,崇明,南门,上海,fang.com
宝岛世纪园,住宅,崇明,南门,上海,fang.com
八一路小区,住宅,崇明,南门,上海,fang.com
八一路公房,住宅,崇明,南门,上海,fang.com
北门二村,住宅,崇明,南门,上海,fang.com
北门路公房,住宅,崇明,南门,上海,fang.com
八一路59-69号小区,住宅,崇明,南门,上海,fang.com
博澜精品商厦,住宅,崇明,南门,上海,fang.com
翠竹路1688弄9号,住宅,崇明,南门,上海,fang.com
崇安路公房,住宅,崇明,南门,上海,fang.com
川心街公房,住宅,崇明,南门,上海,fang.com
陈仓门弄小区,住宅,崇明,南门,上海,fang.com
崇州佳苑(西区),住宅,崇明,南门,上海,fang.com
崇州佳苑(东区),住宅,崇明,南门,上海,fang.com
崇州佳苑(北区),住宅,崇明,南门,上海,fang.com
城乔镇管弄,住宅,崇明,南门,上海,fang.com
东门新村二期,住宅,崇明,南门,上海,fang.com
达安御廷公寓,住宅,崇明,南门,上海,fang.com
东门路公房,住宅,崇明,南门,上海,fang.com
富民街公房,住宅,崇明,南门,上海,fang.com
甘霖坊,住宅,崇明,南门,上海,fang.com
观潮新村,住宅,崇明,南门,上海,fang.com
广安苑一期,住宅,崇明,南门,上海,fang.com
广安苑二期,住宅,崇明,南门,上海,fang.com
管弄小区(崇明),住宅,崇明,南门,上海,fang.com
海上壹街区,住宅,崇明,南门,上海,fang.com
海岛星城,住宅,崇明,南门,上海,fang.com
寒山寺小区,住宅,崇明,南门,上海,fang.com
寒山寺路158弄小区,住宅,崇明,南门,上海,fang.com
寒山寺路公房,住宅,崇明,南门,上海,fang.com
江海名都公寓,住宅,崇明,南门,上海,fang.com
嘉年花苑,住宅,崇明,南门,上海,fang.com
江山新村,住宅,崇明,南门,上海,fang.com
金月湾,住宅,崇明,南门,上海,fang.com
酱园弄,住宅,崇明,南门,上海,fang.com
金日西苑,住宅,崇明,南门,上海,fang.com
金日东苑,住宅,崇明,南门,上海,fang.com
利民路公房,住宅,崇明,南门,上海,fang.com
绿地曼哈顿公寓,住宅,崇明,南门,上海,fang.com
绿地瀛洲名邸(899弄公寓住宅),住宅,崇明,南门,上海,fang.com
绿地瀛洲名邸(799弄公寓住宅),住宅,崇明,南门,上海,fang.com
明南佳苑,住宅,崇明,南门,上海,fang.com
湄洲新村,住宅,崇明,南门,上海,fang.com
湄洲新村西区,住宅,崇明,南门,上海,fang.com
南门路住宅小区,住宅,崇明,南门,上海,fang.com
南门新村(崇明),住宅,崇明,南门,上海,fang.com
南门港街公房,住宅,崇明,南门,上海,fang.com
南门路318弄小区,住宅,崇明,南门,上海,fang.com
南门路134-228号小区,住宅,崇明,南门,上海,fang.com
沁园村小区,住宅,崇明,南门,上海,fang.com
人民路公房,住宅,崇明,南门,上海,fang.com
人民路49号(崇明),住宅,崇明,南门,上海,fang.com
上海东亚威尼斯公馆世家,住宅,崇明,南门,上海,fang.com
少年弄公房,住宅,崇明,南门,上海,fang.com
少年弄27号小区,住宅,崇明,南门,上海,fang.com
盛世华苑,住宅,崇明,城桥,上海,fang.com
崇明向阳新村,住宅,崇明,堡镇,上海,fang.com
堡镇通运支路公房,住宅,崇明,堡镇,上海,fang.com
堡镇南路公房,住宅,崇明,堡镇,上海,fang.com
堡镇中路公房,住宅,崇明,堡镇,上海,fang.com
堡镇北路小区,住宅,崇明,堡镇,上海,fang.com
堡镇工农路203-251号小区,住宅,崇明,堡镇,上海,fang.com
堡镇中路57号小区,住宅,崇明,堡镇,上海,fang.com
堡镇向阳新村,住宅,崇明,堡镇,上海,fang.com
堡镇正大街小区,住宅,崇明,堡镇,上海,fang.com
堡镇中路89号,住宅,崇明,堡镇,上海,fang.com
堡镇北路2号,住宅,崇明,堡镇,上海,fang.com
崇明博园,住宅,崇明,堡镇,上海,fang.com
电力新村,住宅,崇明,堡镇,上海,fang.com
大通路公房,住宅,崇明,堡镇,上海,fang.com
大通路208号小区,住宅,崇明,堡镇,上海,fang.com
工农新村(崇明),住宅,崇明,堡镇,上海,fang.com
工农路公房,住宅,崇明,堡镇,上海,fang.com
汇秀苑,住宅,崇明,堡镇,上海,fang.com
化工路9号,住宅,崇明,堡镇,上海,fang.com
"交通街28,37号小区",住宅,崇明,堡镇,上海,fang.com
解放街48号,住宅,崇明,堡镇,上海,fang.com
兰凤小区,住宅,崇明,堡镇,上海,fang.com
生产弄公房,住宅,崇明,堡镇,上海,fang.com
石岛苑,住宅,崇明,堡镇,上海,fang.com
崇明岛农场,住宅,崇明,崇明其他,上海,fang.com
碧瀛小区,住宅,崇明,崇明其他,上海,fang.com
白港新村,住宅,崇明,崇明其他,上海,fang.com
工商大楼(崇明),住宅,崇明,崇明其他,上海,fang.com
洪联新村,住宅,崇明,崇明其他,上海,fang.com
明华一村,住宅,崇明,崇明其他,上海,fang.com
庙镇大街公房,住宅,崇明,崇明其他,上海,fang.com
体北新村,住宅,崇明,崇明其他,上海,fang.com
跃进新村,住宅,崇明,崇明其他,上海,fang.com
保利·明玥潮升,住宅,崇明,崇明其他,上海,fang.com
半岛托斯卡纳,住宅,崇明,崇明其他,上海,fang.com
北沿公路3396弄,住宅,崇明,崇明其他,上海,fang.com
北沿公路公房,住宅,崇明,崇明其他,上海,fang.com
长乐一村,住宅,崇明,崇明其他,上海,fang.com
长乐二村,住宅,崇明,崇明其他,上海,fang.com
长候路公房,住宅,崇明,崇明其他,上海,fang.com
长江二村,住宅,崇明,崇明其他,上海,fang.com
崇明长征农场长征一村,住宅,崇明,崇明其他,上海,fang.com
东风三村,住宅,崇明,崇明其他,上海,fang.com
东风四村,住宅,崇明,崇明其他,上海,fang.com
东风二村(崇明),住宅,崇明,崇明其他,上海,fang.com
堤亚纳昱墅公寓,住宅,崇明,崇明其他,上海,fang.com
达山佳苑,住宅,崇明,崇明其他,上海,fang.com
风伟新村,住宅,崇明,崇明其他,上海,fang.com
风伟三村,住宅,崇明,崇明其他,上海,fang.com
风伟四村,住宅,崇明,崇明其他,上海,fang.com
风伟五村,住宅,崇明,崇明其他,上海,fang.com
桂林新村,住宅,崇明,崇明其他,上海,fang.com
供销新村(崇明),住宅,崇明,崇明其他,上海,fang.com
港沿公路1181号小区,住宅,崇明,崇明其他,上海,fang.com
海鸥新村,住宅,崇明,崇明其他,上海,fang.com
虹宝苑,住宅,崇明,崇明其他,上海,fang.com
横沙岛公房,住宅,崇明,崇明其他,上海,fang.com
洪中新村,住宅,崇明,崇明其他,上海,fang.com
宏海公路公房,住宅,崇明,崇明其他,上海,fang.com
洪中二村,住宅,崇明,崇明其他,上海,fang.com
海桥教师公寓,住宅,崇明,崇明其他,上海,fang.com
合作公路公房,住宅,崇明,崇明其他,上海,fang.com
合兴教工楼,住宅,崇明,崇明其他,上海,fang.com
海天景苑,住宅,崇明,崇明其他,上海,fang.com
海燕二村(崇明),住宅,崇明,崇明其他,上海,fang.com
和睦佳苑,住宅,崇明,崇明其他,上海,fang.com
宏海公路313号,住宅,崇明,崇明其他,上海,fang.com
金融街·金悦府,住宅,崇明,崇明其他,上海,fang.com
集林新村,住宅,崇明,崇明其他,上海,fang.com
界河新村,住宅,崇明,崇明其他,上海,fang.com
科技新村,住宅,崇明,崇明其他,上海,fang.com
利民新村,住宅,崇明,崇明其他,上海,fang.com
林风公路326弄小区,住宅,崇明,崇明其他,上海,fang.com
绿华乡教工楼,住宅,崇明,崇明其他,上海,fang.com
连谊西路28号,住宅,崇明,崇明其他,上海,fang.com
乐地农庄,住宅,崇明,崇明其他,上海,fang.com
明华二村,住宅,崇明,崇明其他,上海,fang.com
庙镇大街51号小区,住宅,崇明,崇明其他,上海,fang.com
南坝新村,住宅,崇明,崇明其他,上海,fang.com
前进农场西苑新村,住宅,崇明,崇明其他,上海,fang.com
前进农场海燕新村,住宅,崇明,崇明其他,上海,fang.com
十里江湾,住宅,崇明,崇明其他,上海,fang.com
施翘路公房,住宅,崇明,崇明其他,上海,fang.com
上善居,住宅,崇明,崇明其他,上海,fang.com
施翘路12号小区,住宅,崇明,崇明其他,上海,fang.com
融尚海上桃源,住宅,崇明,崇明其它,上海,fang.com
八一路崇安路住宅小区,住宅,崇明,崇明新城,上海,fang.com
绿舟星城,住宅,崇明,新河,上海,fang.com
富源花苑,住宅,崇明,新河,上海,fang.com
富景名城,住宅,崇明,新河,上海,fang.com
康复路公房,住宅,崇明,新河,上海,fang.com
民主街公房,住宅,崇明,新河,上海,fang.com
御岛财富公馆,住宅,崇明,长兴岛,上海,fang.com
大华凤凰佳苑,住宅,崇明,长兴岛,上海,fang.com
凤辰乐苑,住宅,崇明,长兴岛,上海,fang.com
上海江南滨江苑,住宅,崇明,长兴岛,上海,fang.com
长兴金茂逸墅,住宅,崇明,长兴岛,上海,fang.com
长兴北庭82弄,住宅,崇明,长兴岛,上海,fang.com
长兴镇凤凰镇小区,住宅,崇明,长兴岛,上海,fang.com
长兴北庭西区,住宅,崇明,长兴岛,上海,fang.com
长兴北庭商业街,住宅,崇明,长兴岛,上海,fang.com
长兴北庭东区,住宅,崇明,长兴岛,上海,fang.com
东方渔港商业街,住宅,崇明,长兴岛,上海,fang.com
凤凰花苑(崇明),住宅,崇明,长兴岛,上海,fang.com
丰福路599弄178号,住宅,崇明,长兴岛,上海,fang.com
合作路850弄小区,住宅,崇明,长兴岛,上海,fang.com
绿地长兴新苑,住宅,崇明,长兴岛,上海,fang.com
绿地长兴家园北区,住宅,崇明,长兴岛,上海,fang.com
鹭岛华庭,住宅,崇明,长兴岛,上海,fang.com
绿地长兴家园南区,住宅,崇明,长兴岛,上海,fang.com
鹭岛华庭西苑,住宅,崇明,长兴岛,上海,fang.com
前卫新村,住宅,崇明,长兴岛,上海,fang.com
前卫农场漆厂四村,住宅,崇明,长兴岛,上海,fang.com
漆厂新村,住宅,崇明,长兴岛,上海,fang.com
上海江南清水苑,住宅,崇明,长兴岛,上海,fang.com
泰禾大城小院,住宅,崇明,长兴岛,上海,fang.com
路劲象屿岛上的院子,住宅,崇明,陈家镇,上海,fang.com
安通东路630弄,住宅,崇明,陈家镇,上海,fang.com
北陈公路1462号,住宅,崇明,陈家镇,上海,fang.com
建发和玺,住宅,崇明,陈家镇,上海,fang.com
陈东小区,住宅,崇明,陈家镇,上海,fang.com
崇明教工大楼,住宅,崇明,陈家镇,上海,fang.com
陈彷公路2701弄1-5号,住宅,崇明,陈家镇,上海,fang.com
陈彷公路2743弄4-8号,住宅,崇明,陈家镇,上海,fang.com
东滩智慧名苑,住宅,崇明,陈家镇,上海,fang.com
广福路39号小区,住宅,崇明,陈家镇,上海,fang.com
海玥佳苑,住宅,崇明,陈家镇,上海,fang.com
金茂悦公馆,住宅,崇明,陈家镇,上海,fang.com
揽海果岭小院,住宅,崇明,陈家镇,上海,fang.com
前哨二村,住宅,崇明,陈家镇,上海,fang.com
轻纺新村,住宅,崇明,陈家镇,上海,fang.com
前哨四村,住宅,崇明,陈家镇,上海,fang.com
前哨一村,住宅,崇明,陈家镇,上海,fang.com
前哨五村,住宅,崇明,陈家镇,上海,fang.com
前哨农场东苑二村,住宅,崇明,陈家镇,上海,fang.com
上实·和风院,住宅,崇明,陈家镇,上海,fang.com
龙山新村,住宅,徐汇,万体馆,上海,fang.com
天钥新村,住宅,徐汇,万体馆,上海,fang.com
汇成五村,住宅,徐汇,上海南站,上海,fang.com
华东花苑,住宅,徐汇,上海南站,上海,fang.com
金牛苑,住宅,徐汇,上海南站,上海,fang.com
光华园,住宅,徐汇,上海南站,上海,fang.com
楼园小区,住宅,徐汇,上海南站,上海,fang.com
汇成二村,住宅,徐汇,上海南站,上海,fang.com
汇成一村,住宅,徐汇,上海南站,上海,fang.com
汇京佳丽苑,住宅,徐汇,上海南站,上海,fang.com
东泉小区,住宅,徐汇,上海南站,上海,fang.com
体育花苑,住宅,徐汇,上海南站,上海,fang.com
汇成三村,住宅,徐汇,上海南站,上海,fang.com
徐汇龙庭,住宅,徐汇,上海南站,上海,fang.com
汇成四村,住宅,徐汇,上海南站,上海,fang.com
挹翠苑,住宅,徐汇,上海南站,上海,fang.com
罗城路700弄小区,住宅,徐汇,上海南站,上海,fang.com
梅陇四村,住宅,徐汇,华东理工,上海,fang.com
梅陇三村,住宅,徐汇,华东理工,上海,fang.com
梅陇十一村,住宅,徐汇,华东理工,上海,fang.com
阳光绿园,住宅,徐汇,华东理工,上海,fang.com
和平小区,住宅,徐汇,华东理工,上海,fang.com
梅陇十村,住宅,徐汇,华东理工,上海,fang.com
梅陇七村,住宅,徐汇,华东理工,上海,fang.com
梅陇九村,住宅,徐汇,华东理工,上海,fang.com
凌云新村,住宅,徐汇,华东理工,上海,fang.com
兴荣苑,住宅,徐汇,华东理工,上海,fang.com
舒乐小区,住宅,徐汇,华东理工,上海,fang.com
虹梅南路126弄小区,住宅,徐汇,华东理工,上海,fang.com
龙州小区,住宅,徐汇,华东理工,上海,fang.com
梅陇八村,住宅,徐汇,华东理工,上海,fang.com
化工一四村,住宅,徐汇,华东理工,上海,fang.com
华理苑,住宅,徐汇,华东理工,上海,fang.com
梅陇五村,住宅,徐汇,华东理工,上海,fang.com
书香苑,住宅,徐汇,华东理工,上海,fang.com
舒乐公寓,住宅,徐汇,华东理工,上海,fang.com
阳光新景,住宅,徐汇,华东理工,上海,fang.com
家乐苑,住宅,徐汇,华东理工,上海,fang.com
梅陇六村,住宅,徐汇,华东理工,上海,fang.com
松风花园,住宅,徐汇,华东理工,上海,fang.com
罗秀路1001弄小区,住宅,徐汇,华东理工,上海,fang.com
长陇苑,住宅,徐汇,华东理工,上海,fang.com
馨宁公寓,住宅,徐汇,华泾,上海,fang.com
康乐小区(徐汇),住宅,徐汇,康健,上海,fang.com
中海馨园,住宅,徐汇,康健,上海,fang.com
寿益坊,住宅,徐汇,康健,上海,fang.com
师大新村,住宅,徐汇,康健,上海,fang.com
漕河景苑,住宅,徐汇,康健,上海,fang.com
长丰坊,住宅,徐汇,康健,上海,fang.com
紫竹园,住宅,徐汇,康健,上海,fang.com
寿祥坊,住宅,徐汇,康健,上海,fang.com
中星海上华庭,住宅,徐汇,康健,上海,fang.com
钦州路111弄小区,住宅,徐汇,康健,上海,fang.com
徐汇天悦,住宅,徐汇,康健,上海,fang.com
欣园新村,住宅,徐汇,康健,上海,fang.com
长兴坊,住宅,徐汇,康健,上海,fang.com
新家坡美树馆,住宅,徐汇,建国西路,上海,fang.com
太原邸,住宅,徐汇,建国西路,上海,fang.com
嘉御庭,住宅,徐汇,建国西路,上海,fang.com
梧桐花园,住宅,徐汇,建国西路,上海,fang.com
明园世纪城,住宅,徐汇,建国西路,上海,fang.com
徐家汇花园,住宅,徐汇,徐家汇,上海,fang.com
天际花园,住宅,徐汇,徐家汇,上海,fang.com
东方曼哈顿,住宅,徐汇,徐家汇,上海,fang.com
莱诗邸,住宅,徐汇,徐家汇,上海,fang.com
亚都国际名园,住宅,徐汇,徐家汇,上海,fang.com
谨斜小区,住宅,徐汇,徐家汇,上海,fang.com
创世纪花园,住宅,徐汇,徐家汇,上海,fang.com
四季园,住宅,徐汇,徐家汇,上海,fang.com
虹桥乐庭,住宅,徐汇,徐家汇,上海,fang.com
斜土路2200弄公房,住宅,徐汇,徐家汇,上海,fang.com
兆丰帝景苑,住宅,徐汇,徐家汇,上海,fang.com
永新花苑,住宅,徐汇,徐家汇,上海,fang.com
青松小区,住宅,徐汇,徐家汇,上海,fang.com
阳光名苑,住宅,徐汇,徐家汇,上海,fang.com
南丹小区,住宅,徐汇,徐家汇,上海,fang.com
玉兰花苑,住宅,徐汇,徐家汇,上海,fang.com
振兴小区,住宅,徐汇,徐家汇,上海,fang.com
红旗教师公寓,住宅,徐汇,徐家汇,上海,fang.com
福源汇居,住宅,徐汇,徐家汇,上海,fang.com
佳安公寓,住宅,徐汇,徐家汇,上海,fang.com
永新城,住宅,徐汇,徐家汇,上海,fang.com
东安四村,住宅,徐汇,徐家汇,上海,fang.com
徐汇御苑,住宅,徐汇,徐家汇,上海,fang.com
汇翠花园,住宅,徐汇,徐家汇,上海,fang.com
科乐苑,住宅,徐汇,徐家汇,上海,fang.com
零陵小区,住宅,徐汇,徐家汇,上海,fang.com
东安三村,住宅,徐汇,徐家汇,上海,fang.com
同汇苑,住宅,徐汇,徐家汇,上海,fang.com
海螺花园,住宅,徐汇,徐家汇,上海,fang.com
凯旋一村,住宅,徐汇,徐家汇,上海,fang.com
电影华苑,住宅,徐汇,徐家汇,上海,fang.com
宝能·公馆1288,住宅,徐汇,徐汇滨江,上海,fang.com
中海瀛台一期,住宅,徐汇,徐汇滨江,上海,fang.com
滨江小区,住宅,徐汇,徐汇滨江,上海,fang.com
丝庐花语,住宅,徐汇,斜土路,上海,fang.com
大木小区,住宅,徐汇,斜土路,上海,fang.com
西木小区,住宅,徐汇,斜土路,上海,fang.com
金色港湾公寓,住宅,徐汇,斜土路,上海,fang.com
衡园,住宅,徐汇,斜土路,上海,fang.com
日晖六村,住宅,徐汇,斜土路,上海,fang.com
瑞金南苑,住宅,徐汇,斜土路,上海,fang.com
福华花苑,住宅,徐汇,斜土路,上海,fang.com
新湖云庭,住宅,徐汇,斜土路,上海,fang.com
汇成桂苑,住宅,徐汇,斜土路,上海,fang.com
日晖二村,住宅,徐汇,斜土路,上海,fang.com
金星苑,住宅,徐汇,斜土路,上海,fang.com
枫林新村,住宅,徐汇,斜土路,上海,fang.com
清真小区,住宅,徐汇,斜土路,上海,fang.com
日晖新城,住宅,徐汇,斜土路,上海,fang.com
兴南花园,住宅,徐汇,斜土路,上海,fang.com
汽联大厦,住宅,徐汇,斜土路,上海,fang.com
天合雅园,住宅,徐汇,斜土路,上海,fang.com
嘉瑞花苑,住宅,徐汇,斜土路,上海,fang.com
茶陵路345弄小区,住宅,徐汇,斜土路,上海,fang.com
远雄徐汇园,住宅,徐汇,斜土路,上海,fang.com
中山新村,住宅,徐汇,斜土路,上海,fang.com
汇峰鼎园,住宅,徐汇,斜土路,上海,fang.com
园南二村,住宅,徐汇,植物园,上海,fang.com
园南三村,住宅,徐汇,植物园,上海,fang.com
园南一村,住宅,徐汇,植物园,上海,fang.com
天然居,住宅,徐汇,植物园,上海,fang.com
华悦家园,住宅,徐汇,漕河泾,上海,fang.com
欣嘉苑,住宅,徐汇,漕河泾,上海,fang.com
永兆豪庭,住宅,徐汇,漕河泾,上海,fang.com
桂林苑,住宅,徐汇,漕河泾,上海,fang.com
尚汇豪庭,住宅,徐汇,田林,上海,fang.com
爱建园,住宅,徐汇,田林,上海,fang.com
田林十四村,住宅,徐汇,田林,上海,fang.com
田林十一村,住宅,徐汇,田林,上海,fang.com
钦州花苑,住宅,徐汇,田林,上海,fang.com
万科华尔兹花园,住宅,徐汇,田林,上海,fang.com
田林十二村,住宅,徐汇,田林,上海,fang.com
田林新苑,住宅,徐汇,田林,上海,fang.com
锦馨苑,住宅,徐汇,田林,上海,fang.com
宜山路655弄小区,住宅,徐汇,田林,上海,fang.com
金祥苑,住宅,徐汇,田林,上海,fang.com
明园小安桥,住宅,徐汇,田林,上海,fang.com
长春新苑,住宅,徐汇,田林,上海,fang.com
田林九村,住宅,徐汇,田林,上海,fang.com
华利公寓,住宅,徐汇,田林,上海,fang.com
钦州公寓,住宅,徐汇,田林,上海,fang.com
金丽广场,住宅,徐汇,田林,上海,fang.com
田林十村,住宅,徐汇,田林,上海,fang.com
徐汇玺庭,住宅,徐汇,田林,上海,fang.com
田林七村,住宅,徐汇,田林,上海,fang.com
田林六村,住宅,徐汇,田林,上海,fang.com
田林三村,住宅,徐汇,田林,上海,fang.com
鑫耀中城,住宅,徐汇,田林,上海,fang.com
田林十三村,住宅,徐汇,田林,上海,fang.com
宜山路691弄小区,住宅,徐汇,田林,上海,fang.com
田林八村,住宅,徐汇,田林,上海,fang.com
汇贤居,住宅,徐汇,衡山路,上海,fang.com
长桥四村,住宅,徐汇,长桥,上海,fang.com
长桥三村,住宅,徐汇,长桥,上海,fang.com
华沁家园,住宅,徐汇,长桥,上海,fang.com
长桥一村,住宅,徐汇,长桥,上海,fang.com
长桥五村,住宅,徐汇,长桥,上海,fang.com
徐汇新城,住宅,徐汇,长桥,上海,fang.com
华滨家园,住宅,徐汇,长桥,上海,fang.com
罗秀新村,住宅,徐汇,长桥,上海,fang.com
鑫隆花园,住宅,徐汇,长桥,上海,fang.com
罗秀三村,住宅,徐汇,长桥,上海,fang.com
中恒苑,住宅,徐汇,长桥,上海,fang.com
长桥六村,住宅,徐汇,长桥,上海,fang.com
长桥八村,住宅,徐汇,长桥,上海,fang.com
罗秀二村,住宅,徐汇,长桥,上海,fang.com
尚海湾豪庭,住宅,徐汇,龙华,上海,fang.com
徐汇公园道壹号,住宅,徐汇,龙华,上海,fang.com
百汇园二期,住宅,徐汇,龙华,上海,fang.com
盛大花园,住宅,徐汇,龙华,上海,fang.com
西雅图嘉萱苑,住宅,徐汇,龙华,上海,fang.com
云锦东方,住宅,徐汇,龙华,上海,fang.com
宏润花园,住宅,徐汇,龙华,上海,fang.com
百汇园,住宅,徐汇,龙华,上海,fang.com
徐汇馨苑,住宅,徐汇,龙华,上海,fang.com
三江小区,住宅,徐汇,龙华,上海,fang.com
海珀旭晖,住宅,徐汇,龙华,上海,fang.com
尚海湾豪庭三期,住宅,徐汇,龙华,上海,fang.com
徐汇苑,住宅,徐汇,龙华,上海,fang.com
龙兆苑,住宅,徐汇,龙华,上海,fang.com
上缝小区,住宅,徐汇,龙华,上海,fang.com
中信君廷,住宅,徐汇,龙华,上海,fang.com
金谷园,住宅,徐汇,龙华,上海,fang.com
融创徐汇滨江壹号,住宅,徐汇,龙华,上海,fang.com
漕溪四村,住宅,徐汇,龙华,上海,fang.com
东安花苑,住宅,徐汇,龙华,上海,fang.com
民苑小区,住宅,徐汇,龙华,上海,fang.com
强生花苑,住宅,徐汇,龙华,上海,fang.com
保利西岸,住宅,徐汇,龙华,上海,fang.com
凯翔小区,住宅,徐汇,龙华,上海,fang.com
宜仕怡家,住宅,徐汇,龙华,上海,fang.com
保利星苑,住宅,徐汇,龙华,上海,fang.com
佳信徐汇公寓,住宅,徐汇,龙华,上海,fang.com
正南花苑,住宅,徐汇,龙华,上海,fang.com
漕溪二村,住宅,徐汇,龙华,上海,fang.com
漕溪一村,住宅,徐汇,龙华,上海,fang.com
乾骏园,住宅,徐汇,龙华,上海,fang.com
宛南六村,住宅,徐汇,龙华,上海,fang.com
徐汇临江豪园,住宅,徐汇,龙华,上海,fang.com
大华颐和华城,住宅,普陀,万里,上海,fang.com
万里城,住宅,普陀,万里,上海,fang.com
愉景华庭,住宅,普陀,万里,上海,fang.com
中浩云花园,住宅,普陀,万里,上海,fang.com
中环凯旋宫,住宅,普陀,万里,上海,fang.com
万里真金苑,住宅,普陀,万里,上海,fang.com
平江盛世家园,住宅,普陀,中远两湾城,上海,fang.com
宝华城市之星,住宅,普陀,光新,上海,fang.com
上海香溢花城,住宅,普陀,光新,上海,fang.com
太浜巷小区,住宅,普陀,光新,上海,fang.com
石泉一村,住宅,普陀,光新,上海,fang.com
管弄一二街坊,住宅,普陀,光新,上海,fang.com
秋月枫舍,住宅,普陀,光新,上海,fang.com
光新大楼,住宅,普陀,光新,上海,fang.com
石泉六村,住宅,普陀,光新,上海,fang.com
管弄三街坊,住宅,普陀,光新,上海,fang.com
管弄五六街坊,住宅,普陀,光新,上海,fang.com
岚皋大楼,住宅,普陀,光新,上海,fang.com
光新路129弄小区,住宅,普陀,光新,上海,fang.com
岚皋路300弄小区,住宅,普陀,光新,上海,fang.com
中山北路2185弄小区,住宅,普陀,光新,上海,fang.com
石泉大厦,住宅,普陀,光新,上海,fang.com
管弄四街坊,住宅,普陀,光新,上海,fang.com
光新三村,住宅,普陀,光新,上海,fang.com
合阳小区,住宅,普陀,宜川,上海,fang.com
宜川五村,住宅,普陀,宜川,上海,fang.com
宜川一村,住宅,普陀,宜川,上海,fang.com
曹杨六村,住宅,普陀,曹杨,上海,fang.com
安居兰庭,住宅,普陀,曹杨,上海,fang.com
曹杨二村,住宅,普陀,曹杨,上海,fang.com
曹杨五村南杨园,住宅,普陀,曹杨,上海,fang.com
曹杨华庭,住宅,普陀,曹杨,上海,fang.com
曹杨四村,住宅,普陀,曹杨,上海,fang.com
梅岭苑,住宅,普陀,曹杨,上海,fang.com
常高公寓,住宅,普陀,曹杨,上海,fang.com
香山苑,住宅,普陀,曹杨,上海,fang.com
沙田新苑,住宅,普陀,曹杨,上海,fang.com
曹杨三村,住宅,普陀,曹杨,上海,fang.com
五星公寓,住宅,普陀,曹杨,上海,fang.com
曹杨三村兰岭园,住宅,普陀,曹杨,上海,fang.com
兰花大楼,住宅,普陀,曹杨,上海,fang.com
曹杨三村杏园,住宅,普陀,曹杨,上海,fang.com
君悦苑,住宅,普陀,曹杨,上海,fang.com
曹杨九村,住宅,普陀,曹杨,上海,fang.com
金梅园,住宅,普陀,曹杨,上海,fang.com
曹杨五村杏梅园,住宅,普陀,曹杨,上海,fang.com
桐柏公寓,住宅,普陀,曹杨,上海,fang.com
兰溪大楼,住宅,普陀,曹杨,上海,fang.com
曹杨五村金岭园,住宅,普陀,曹杨,上海,fang.com
金丰世家,住宅,普陀,曹杨,上海,fang.com
曹杨五村,住宅,普陀,曹杨,上海,fang.com
花溪园,住宅,普陀,曹杨,上海,fang.com
梅花园(普陀),住宅,普陀,曹杨,上海,fang.com
曹杨五村梅岭园,住宅,普陀,曹杨,上海,fang.com
曹杨公寓,住宅,普陀,曹杨,上海,fang.com
恒盛鼎城圣都汇,住宅,普陀,桃浦,上海,fang.com
桃浦一村,住宅,普陀,桃浦,上海,fang.com
桃浦七村,住宅,普陀,桃浦,上海,fang.com
桃浦六村,住宅,普陀,桃浦,上海,fang.com
桃浦五村,住宅,普陀,桃浦,上海,fang.com
怡佳公馆,住宅,普陀,桃浦,上海,fang.com
荣和怡景园,住宅,普陀,桃浦,上海,fang.com
桃浦三村,住宅,普陀,桃浦,上海,fang.com
桃浦新家园,住宅,普陀,桃浦,上海,fang.com
桃浦四村,住宅,普陀,桃浦,上海,fang.com
永汇新苑,住宅,普陀,桃浦,上海,fang.com
祁连新家园,住宅,普陀,桃浦,上海,fang.com
桃浦十村,住宅,普陀,桃浦,上海,fang.com
恒盛鼎城华公馆,住宅,普陀,桃浦,上海,fang.com
大华清水湾花园,住宅,普陀,武宁,上海,fang.com
世纪同乐,住宅,普陀,武宁,上海,fang.com
逸流公寓,住宅,普陀,武宁,上海,fang.com
大华清水湾花园三期华府樟园,住宅,普陀,武宁,上海,fang.com
江南名庐,住宅,普陀,武宁,上海,fang.com
绿地海珀玉晖,住宅,普陀,武宁,上海,fang.com
新湖明珠城,住宅,普陀,武宁,上海,fang.com
水岸豪庭,住宅,普陀,武宁,上海,fang.com
泰欣嘉园,住宅,普陀,武宁,上海,fang.com
中山润园,住宅,普陀,武宁,上海,fang.com
新湖明珠城三期,住宅,普陀,武宁,上海,fang.com
白玉新村,住宅,普陀,武宁,上海,fang.com
上海春天,住宅,普陀,武宁,上海,fang.com
绿地世家,住宅,普陀,武宁,上海,fang.com
欧洲映象燕宁苑,住宅,普陀,武宁,上海,fang.com
锦绿新城,住宅,普陀,武宁,上海,fang.com
中远两湾城,住宅,普陀,武宁,上海,fang.com
曹家巷小区,住宅,普陀,武宁,上海,fang.com
中海汇德里,住宅,普陀,武宁,上海,fang.com
白玉大楼,住宅,普陀,武宁,上海,fang.com
康泰公寓,住宅,普陀,武宁,上海,fang.com
金原新苑,住宅,普陀,甘泉,上海,fang.com
工汇花苑,住宅,普陀,甘泉,上海,fang.com
南泉苑,住宅,普陀,甘泉,上海,fang.com
黄陵小区,住宅,普陀,甘泉,上海,fang.com
甘泉苑,住宅,普陀,甘泉,上海,fang.com
双山小区,住宅,普陀,甘泉,上海,fang.com
长征家苑,住宅,普陀,真光,上海,fang.com
真情公寓,住宅,普陀,真光,上海,fang.com
真光新村第二小区,住宅,普陀,真光,上海,fang.com
真光新村第五小区,住宅,普陀,真光,上海,fang.com
真光新村第七小区,住宅,普陀,真光,上海,fang.com
真光新村第九小区,住宅,普陀,真光,上海,fang.com
中关村公寓,住宅,普陀,真如,上海,fang.com
品尊国际,住宅,普陀,真如,上海,fang.com
真如西村,住宅,普陀,真如,上海,fang.com
真西新村,住宅,普陀,真如,上海,fang.com
海棠苑,住宅,普陀,真如,上海,fang.com
宁泉新苑,住宅,普陀,真如,上海,fang.com
水塘小区,住宅,普陀,真如,上海,fang.com
真北二街坊,住宅,普陀,真如,上海,fang.com
车站新村,住宅,普陀,真如,上海,fang.com
恒力锦沧花园,住宅,普陀,真如,上海,fang.com
岚皋馨苑,住宅,普陀,真如,上海,fang.com
绿洲公寓,住宅,普陀,真如,上海,fang.com
上海星港,住宅,普陀,真如,上海,fang.com
中骏天悦,住宅,普陀,真如,上海,fang.com
信仪新村,住宅,普陀,真如,上海,fang.com
阳光西班牙,住宅,普陀,真如,上海,fang.com
樱花苑,住宅,普陀,真如,上海,fang.com
申达枫桥苑,住宅,普陀,真如,上海,fang.com
星河世纪城,住宅,普陀,真如,上海,fang.com
颐宁苑,住宅,普陀,真如,上海,fang.com
中海臻如府,住宅,普陀,真如,上海,fang.com
真北一街坊,住宅,普陀,真如,上海,fang.com
真北三街坊,住宅,普陀,真如,上海,fang.com
嘉发公寓,住宅,普陀,真如,上海,fang.com
苏堤春晓,住宅,普陀,长寿路,上海,fang.com
西康路989,住宅,普陀,长寿路,上海,fang.com
上青佳园,住宅,普陀,长寿路,上海,fang.com
上海知音,住宅,普陀,长寿路,上海,fang.com
世纪之门,住宅,普陀,长寿路,上海,fang.com
河滨围城,住宅,普陀,长寿路,上海,fang.com
浅水湾恺悦名城,住宅,普陀,长寿路,上海,fang.com
半岛花园(普陀),住宅,普陀,长寿路,上海,fang.com
光明城市,住宅,普陀,长寿路,上海,fang.com
绿洲城市花园,住宅,普陀,长寿路,上海,fang.com
锦绣里,住宅,普陀,长寿路,上海,fang.com
秋水云庐,住宅,普陀,长寿路,上海,fang.com
乐活居,住宅,普陀,长寿路,上海,fang.com
圣骊澳门苑,住宅,普陀,长寿路,上海,fang.com
长寿新村,住宅,普陀,长寿路,上海,fang.com
音乐广场,住宅,普陀,长寿路,上海,fang.com
大上海城市花园,住宅,普陀,长寿路,上海,fang.com
汇丽花园,住宅,普陀,长寿路,上海,fang.com
象源丽都,住宅,普陀,长征,上海,fang.com
真源小区,住宅,普陀,长征,上海,fang.com
祥和名邸,住宅,普陀,长征,上海,fang.com
万景园,住宅,普陀,长征,上海,fang.com
滨湖世家,住宅,普陀,长征,上海,fang.com
祥和家园,住宅,普陀,长征,上海,fang.com
金沙雅苑未来街区,住宅,普陀,长征,上海,fang.com
舒诗康庭,住宅,普陀,长征,上海,fang.com
上海豪园,住宅,普陀,长征,上海,fang.com
新长征花苑,住宅,普陀,长征,上海,fang.com
绿洲湖畔花园,住宅,普陀,长征,上海,fang.com
上河湾,住宅,普陀,长征,上海,fang.com
地中海之恋,住宅,普陀,长征,上海,fang.com
东旺公寓,住宅,普陀,长征,上海,fang.com
金沙嘉年华,住宅,普陀,长征,上海,fang.com
泰宸苑二期,住宅,普陀,长征,上海,fang.com
丽和苑,住宅,普陀,长征,上海,fang.com
建德花园牡丹园,住宅,普陀,长征,上海,fang.com
泰宸苑,住宅,普陀,长征,上海,fang.com
雅戈尔长风8号,住宅,普陀,长风,上海,fang.com
怒江苑,住宅,普陀,长风,上海,fang.com
长风二村,住宅,普陀,长风,上海,fang.com
芝巷小区,住宅,普陀,长风,上海,fang.com
长风四村,住宅,普陀,长风,上海,fang.com
长风三村,住宅,普陀,长风,上海,fang.com
国浩长风汇都,住宅,普陀,长风,上海,fang.com
梅川一街坊,住宅,普陀,长风,上海,fang.com
风华水岸,住宅,普陀,长风,上海,fang.com
中海紫御豪庭,住宅,普陀,长风,上海,fang.com
华东师大一村,住宅,普陀,长风,上海,fang.com
中星海上名庭,住宅,普陀,长风,上海,fang.com
长风一村,住宅,普陀,长风,上海,fang.com
梅六小区,住宅,普陀,长风,上海,fang.com
金沙江小区,住宅,普陀,长风,上海,fang.com
长风瑞仕璟庭,住宅,普陀,长风,上海,fang.com
桂巷新村,住宅,普陀,长风,上海,fang.com
北巷小区,住宅,普陀,长风,上海,fang.com
爱建新村,住宅,普陀,长风,上海,fang.com
安居朝阳园,住宅,普陀,长风,上海,fang.com
梅川二街坊,住宅,普陀,长风,上海,fang.com
星梅花苑,住宅,普陀,长风,上海,fang.com
中江小区,住宅,普陀,长风,上海,fang.com
梅川四街坊,住宅,普陀,长风,上海,fang.com
书香名第黎金苑,住宅,普陀,长风,上海,fang.com
梅川馨苑,住宅,普陀,长风,上海,fang.com
怒江小区,住宅,普陀,长风,上海,fang.com
沁和园,住宅,普陀,长风,上海,fang.com
金玉苑,住宅,普陀,长风,上海,fang.com
星风花苑,住宅,普陀,长风,上海,fang.com
安居瑶成湾花园,住宅,普陀,长风,上海,fang.com
金阳怡景公寓,住宅,普陀,长风,上海,fang.com
邮电三村,住宅,普陀,长风,上海,fang.com
开开大楼,住宅,普陀,长风,上海,fang.com
华东师大二村,住宅,普陀,长风,上海,fang.com
怒江新苑,住宅,普陀,长风,上海,fang.com
宋家滩小区,住宅,普陀,长风,上海,fang.com
东外滩1号,住宅,杨浦,东外滩,上海,fang.com
时运苑,住宅,杨浦,东外滩,上海,fang.com
杨家宅小区,住宅,杨浦,东外滩,上海,fang.com
市光四村,住宅,杨浦,中原,上海,fang.com
盛世豪园,住宅,杨浦,中原,上海,fang.com
东方名城,住宅,杨浦,中原,上海,fang.com
城市名园,住宅,杨浦,中原,上海,fang.com
工农三村,住宅,杨浦,中原,上海,fang.com
锦都玫瑰园,住宅,杨浦,中原,上海,fang.com
市光二村,住宅,杨浦,中原,上海,fang.com
殷行路310弄小区,住宅,杨浦,中原,上海,fang.com
城市庭园,住宅,杨浦,中原,上海,fang.com
莱茵半岛,住宅,杨浦,中原,上海,fang.com
明丰阳光苑,住宅,杨浦,中原,上海,fang.com
盛世御珑湾,住宅,杨浦,中原,上海,fang.com
世界路91弄小区,住宅,杨浦,中原,上海,fang.com
翔殷三村,住宅,杨浦,中原,上海,fang.com
兴浦新村,住宅,杨浦,中原,上海,fang.com
殷行路470弄小区,住宅,杨浦,中原,上海,fang.com
复光苑,住宅,杨浦,五角场,上海,fang.com
江湾翰林,住宅,杨浦,五角场,上海,fang.com
文化花园清华苑,住宅,杨浦,五角场,上海,fang.com
民富家园,住宅,杨浦,五角场,上海,fang.com
北茶园,住宅,杨浦,五角场,上海,fang.com
创智坊,住宅,杨浦,五角场,上海,fang.com
复旦小区第十宿舍,住宅,杨浦,五角场,上海,fang.com
国定路700弄小区,住宅,杨浦,五角场,上海,fang.com
国顺路395弄小区,住宅,杨浦,五角场,上海,fang.com
金信公寓,住宅,杨浦,五角场,上海,fang.com
林绿家园,住宅,杨浦,五角场,上海,fang.com
南茶园,住宅,杨浦,五角场,上海,fang.com
文化花园仁德苑,住宅,杨浦,五角场,上海,fang.com
怡福苑,住宅,杨浦,五角场,上海,fang.com
正文花园,住宅,杨浦,五角场,上海,fang.com
翡丽甲第,住宅,杨浦,周家嘴路,上海,fang.com
宝地东花园,住宅,杨浦,周家嘴路,上海,fang.com
阳明新城,住宅,杨浦,周家嘴路,上海,fang.com
阳光城檀悦101,住宅,杨浦,周家嘴路,上海,fang.com
长阳新苑,住宅,杨浦,周家嘴路,上海,fang.com
合生高尔夫公寓,住宅,杨浦,周家嘴路,上海,fang.com
现代星洲城,住宅,杨浦,周家嘴路,上海,fang.com
首创天阅滨江,住宅,杨浦,周家嘴路,上海,fang.com
翡丽云邸,住宅,杨浦,周家嘴路,上海,fang.com
锦杨苑,住宅,杨浦,周家嘴路,上海,fang.com
仁恒·海上源,住宅,杨浦,周家嘴路,上海,fang.com
荣丰花园,住宅,杨浦,周家嘴路,上海,fang.com
嘉禄新苑,住宅,杨浦,周家嘴路,上海,fang.com
康博名邸,住宅,杨浦,周家嘴路,上海,fang.com
安居花苑,住宅,杨浦,周家嘴路,上海,fang.com
瀚杨苑,住宅,杨浦,周家嘴路,上海,fang.com
馨运公寓,住宅,杨浦,周家嘴路,上海,fang.com
中环和润苑,住宅,杨浦,周家嘴路,上海,fang.com
富天苑,住宅,杨浦,周家嘴路,上海,fang.com
万登花园,住宅,杨浦,周家嘴路,上海,fang.com
星惠佳苑,住宅,杨浦,周家嘴路,上海,fang.com
现代星洲城三期,住宅,杨浦,周家嘴路,上海,fang.com
信通浦皓园,住宅,杨浦,周家嘴路,上海,fang.com
中轩丽苑,住宅,杨浦,周家嘴路,上海,fang.com
中环和乐苑,住宅,杨浦,周家嘴路,上海,fang.com
滨江晶典,住宅,杨浦,周家嘴路,上海,fang.com
和瑞雅苑,住宅,杨浦,周家嘴路,上海,fang.com
九州家园,住宅,杨浦,周家嘴路,上海,fang.com
金鹏花园,住宅,杨浦,周家嘴路,上海,fang.com
浦江天第苑,住宅,杨浦,周家嘴路,上海,fang.com
泰鸿苑,住宅,杨浦,周家嘴路,上海,fang.com
万汇公寓,住宅,杨浦,周家嘴路,上海,fang.com
幸福公寓,住宅,杨浦,周家嘴路,上海,fang.com
鑫隆公寓,住宅,杨浦,周家嘴路,上海,fang.com
紫华欣苑,住宅,杨浦,周家嘴路,上海,fang.com
紫华丽苑,住宅,杨浦,周家嘴路,上海,fang.com
珠江香樟南园,住宅,杨浦,周家嘴路,上海,fang.com
长隆小区,住宅,杨浦,周家嘴路,上海,fang.com
海尚佳园,住宅,杨浦,周家嘴路,上海,fang.com
海鹏苑,住宅,杨浦,周家嘴路,上海,fang.com
惠民新苑,住宅,杨浦,周家嘴路,上海,fang.com
金上海家园,住宅,杨浦,周家嘴路,上海,fang.com
康阳小区,住宅,杨浦,周家嘴路,上海,fang.com
眉州路515弄小区,住宅,杨浦,周家嘴路,上海,fang.com
农房万阳公寓,住宅,杨浦,周家嘴路,上海,fang.com
全家福家园,住宅,杨浦,周家嘴路,上海,fang.com
圣骊名苑,住宅,杨浦,周家嘴路,上海,fang.com
榆汾新苑,住宅,杨浦,周家嘴路,上海,fang.com
引翔港小区,住宅,杨浦,周家嘴路,上海,fang.com
银河苑,住宅,杨浦,周家嘴路,上海,fang.com
樟树缘公寓,住宅,杨浦,周家嘴路,上海,fang.com
紫华佳苑,住宅,杨浦,周家嘴路,上海,fang.com
控江四村,住宅,杨浦,控江路,上海,fang.com
中海·海上和集,住宅,杨浦,控江路,上海,fang.com
长白新城,住宅,杨浦,控江路,上海,fang.com
益晖新苑,住宅,杨浦,控江路,上海,fang.com
城市丽园,住宅,杨浦,控江路,上海,fang.com
杨浦公寓,住宅,杨浦,控江路,上海,fang.com
大居苑,住宅,杨浦,控江路,上海,fang.com
国富苑,住宅,杨浦,控江路,上海,fang.com
靖宇家园,住宅,杨浦,控江路,上海,fang.com
金宇名邸,住宅,杨浦,控江路,上海,fang.com
控江绿苑,住宅,杨浦,控江路,上海,fang.com
延吉二村,住宅,杨浦,控江路,上海,fang.com
紫罗兰家苑,住宅,杨浦,控江路,上海,fang.com
东方名园,住宅,杨浦,控江路,上海,fang.com
敦化路2弄小区,住宅,杨浦,控江路,上海,fang.com
海林大楼,住宅,杨浦,控江路,上海,fang.com
建发公园首府,住宅,杨浦,控江路,上海,fang.com
靖宇南路5弄小区,住宅,杨浦,控江路,上海,fang.com
控江一村,住宅,杨浦,控江路,上海,fang.com
控江路888弄小区,住宅,杨浦,控江路,上海,fang.com
控江路1200弄小区,住宅,杨浦,控江路,上海,fang.com
控江路1197弄小区,住宅,杨浦,控江路,上海,fang.com
内江公寓,住宅,杨浦,控江路,上海,fang.com
欧洲豪庭,住宅,杨浦,控江路,上海,fang.com
望春都市家园,住宅,杨浦,控江路,上海,fang.com
九龙仓玺园,住宅,杨浦,新江湾城,上海,fang.com
尚浦名邸,住宅,杨浦,新江湾城,上海,fang.com
嘉誉湾,住宅,杨浦,新江湾城,上海,fang.com
新城御景,住宅,杨浦,新江湾城,上海,fang.com
华润置地橡树湾,住宅,杨浦,新江湾城,上海,fang.com
信达泰禾上海院子公寓,住宅,杨浦,新江湾城,上海,fang.com
新江湾中凯城市之光,住宅,杨浦,新江湾城,上海,fang.com
泰宝华庭,住宅,杨浦,新江湾城,上海,fang.com
保辉香景园,住宅,杨浦,新江湾城,上海,fang.com
上海梦想,住宅,杨浦,新江湾城,上海,fang.com
仁恒怡庭公寓,住宅,杨浦,新江湾城,上海,fang.com
加州水郡,住宅,杨浦,新江湾城,上海,fang.com
涵碧景苑,住宅,杨浦,新江湾城,上海,fang.com
三湘七星府邸,住宅,杨浦,新江湾城,上海,fang.com
金浩园,住宅,杨浦,新江湾城,上海,fang.com
祥生御江湾,住宅,杨浦,新江湾城,上海,fang.com
建发珑庭,住宅,杨浦,新江湾城,上海,fang.com
建发江湾萃,住宅,杨浦,新江湾城,上海,fang.com
润地华庭,住宅,杨浦,新江湾城,上海,fang.com
绿地海珀璞晖,住宅,杨浦,新江湾城,上海,fang.com
上和园,住宅,杨浦,新江湾城,上海,fang.com
东森花园,住宅,杨浦,新江湾城,上海,fang.com
建德国际公寓,住宅,杨浦,新江湾城,上海,fang.com
世纪江湾,住宅,杨浦,新江湾城,上海,fang.com
同济北苑,住宅,杨浦,新江湾城,上海,fang.com
新江湾佳苑,住宅,杨浦,新江湾城,上海,fang.com
新江湾城时代花园,住宅,杨浦,新江湾城,上海,fang.com
新江湾首府公寓,住宅,杨浦,新江湾城,上海,fang.com
阳光城滨江悦,住宅,杨浦,杨浦大桥,上海,fang.com
保利香槟花园,住宅,杨浦,杨浦大桥,上海,fang.com
圣骊河滨苑,住宅,杨浦,杨浦大桥,上海,fang.com
申润江涛苑,住宅,杨浦,杨浦大桥,上海,fang.com
广杭苑,住宅,杨浦,杨浦大桥,上海,fang.com
华谊星城名苑,住宅,杨浦,杨浦大桥,上海,fang.com
海杨公寓,住宅,杨浦,杨浦大桥,上海,fang.com
双喜家园,住宅,杨浦,杨浦大桥,上海,fang.com
欧洲凯城园,住宅,杨浦,杨浦大桥,上海,fang.com
八埭头滨江园,住宅,杨浦,杨浦大桥,上海,fang.com
浦江风景苑,住宅,杨浦,杨浦大桥,上海,fang.com
五金大楼,住宅,杨浦,杨浦大桥,上海,fang.com
华升新苑,住宅,杨浦,鞍山,上海,fang.com
上海大花园,住宅,杨浦,鞍山,上海,fang.com
新凤城,住宅,杨浦,鞍山,上海,fang.com
同济绿园,住宅,杨浦,鞍山,上海,fang.com
鞍山六村,住宅,杨浦,鞍山,上海,fang.com
海上海新城,住宅,杨浦,鞍山,上海,fang.com
保利·天汇,住宅,杨浦,鞍山,上海,fang.com
和平花苑,住宅,杨浦,鞍山,上海,fang.com
恒阳花苑海上花,住宅,杨浦,鞍山,上海,fang.com
凤城五村,住宅,杨浦,鞍山,上海,fang.com
同济新村,住宅,杨浦,鞍山,上海,fang.com
东银茗苑,住宅,杨浦,鞍山,上海,fang.com
华元豪庭,住宅,杨浦,鞍山,上海,fang.com
君欣豪庭,住宅,杨浦,鞍山,上海,fang.com
鞍山三村,住宅,杨浦,鞍山,上海,fang.com
书香公寓,住宅,杨浦,鞍山,上海,fang.com
中通雅苑,住宅,杨浦,鞍山,上海,fang.com
鞍山四村,住宅,杨浦,鞍山,上海,fang.com
宝钢又一村,住宅,杨浦,鞍山,上海,fang.com
凤城三村,住宅,杨浦,鞍山,上海,fang.com
海联苑,住宅,杨浦,鞍山,上海,fang.com
张家浜小区,住宅,杨浦,鞍山,上海,fang.com
鞍山五村,住宅,杨浦,鞍山,上海,fang.com
才茂公寓,住宅,杨浦,鞍山,上海,fang.com
大运盛城,住宅,杨浦,鞍山,上海,fang.com
凤城六村,住宅,杨浦,鞍山,上海,fang.com
凤城三村(延吉西路80弄),住宅,杨浦,鞍山,上海,fang.com
恒联新天地花园,住宅,杨浦,鞍山,上海,fang.com
双辽支路70弄小区,住宅,杨浦,鞍山,上海,fang.com
双辽路200弄小区,住宅,杨浦,鞍山,上海,fang.com
铁岭路110弄小区,住宅,杨浦,鞍山,上海,fang.com
耀浦苑,住宅,杨浦,鞍山,上海,fang.com
英达苑,住宅,杨浦,鞍山,上海,fang.com
鞍山路310弄,住宅,杨浦,鞍山,上海,fang.com
佳龙花园,住宅,杨浦,黄兴公园,上海,fang.com
香阁丽苑,住宅,杨浦,黄兴公园,上海,fang.com
公园3000,住宅,杨浦,黄兴公园,上海,fang.com
文化佳园,住宅,杨浦,黄兴公园,上海,fang.com
兰花教师公寓,住宅,杨浦,黄兴公园,上海,fang.com
东岸新里,住宅,杨浦,黄兴公园,上海,fang.com
黄兴绿园,住宅,杨浦,黄兴公园,上海,fang.com
万佳苑,住宅,杨浦,黄兴公园,上海,fang.com
杨浦欣苑,住宅,杨浦,黄兴公园,上海,fang.com
海上硕和城,住宅,杨浦,黄兴公园,上海,fang.com
浣纱四村,住宅,杨浦,黄兴公园,上海,fang.com
兰馨雅苑,住宅,杨浦,黄兴公园,上海,fang.com
松花江路95弄小区,住宅,杨浦,黄兴公园,上海,fang.com
翔殷路505弄小区,住宅,杨浦,黄兴公园,上海,fang.com
怡佳苑,住宅,杨浦,黄兴公园,上海,fang.com
绿庭尚城,住宅,松江,九亭,上海,fang.com
贝尚湾,住宅,松江,九亭,上海,fang.com
九城湖滨国际,住宅,松江,九亭,上海,fang.com
奥林匹克花园二期,住宅,松江,九亭,上海,fang.com
知雅汇,住宅,松江,九亭,上海,fang.com
颐亭花园,住宅,松江,九亭,上海,fang.com
中大九里德,住宅,松江,九亭,上海,fang.com
新虹桥首府,住宅,松江,九亭,上海,fang.com
摩卡小城,住宅,松江,九亭,上海,fang.com
馨亭家苑,住宅,松江,九亭,上海,fang.com
亭汇花苑,住宅,松江,九亭,上海,fang.com
美丽星城,住宅,松江,九亭,上海,fang.com
五洲云景花苑,住宅,松江,九亭,上海,fang.com
奥林匹克花园一期,住宅,松江,九亭,上海,fang.com
复地九月,住宅,松江,九亭,上海,fang.com
象屿都城,住宅,松江,九亭,上海,fang.com
三盛颐景园,住宅,松江,九亭,上海,fang.com
象屿虹桥悦府,住宅,松江,九亭,上海,fang.com
紫金花园,住宅,松江,九亭,上海,fang.com
上海奥林匹克花园三期,住宅,松江,九亭,上海,fang.com
九亭明珠苑,住宅,松江,九亭,上海,fang.com
上海源花城,住宅,松江,九亭,上海,fang.com
嘉和阳光城,住宅,松江,九亭,上海,fang.com
象屿名城,住宅,松江,九亭,上海,fang.com
象屿品城,住宅,松江,九亭,上海,fang.com
国亭花苑,住宅,松江,九亭,上海,fang.com
九亭家园,住宅,松江,九亭,上海,fang.com
云润家园,住宅,松江,九亭,上海,fang.com
复地富顿街区3期,住宅,松江,九亭,上海,fang.com
九亭丽景苑,住宅,松江,九亭,上海,fang.com
金丰蓝庭三期,住宅,松江,九亭,上海,fang.com
瀛华苑,住宅,松江,九亭,上海,fang.com
九亭苑,住宅,松江,九亭,上海,fang.com
九亭家园二期,住宅,松江,九亭,上海,fang.com
朗庭上郡苑,住宅,松江,九亭,上海,fang.com
洋江唐顿公馆,住宅,松江,九亭,上海,fang.com
金丰蓝庭一期,住宅,松江,九亭,上海,fang.com
新上海弄里人家,住宅,松江,九亭,上海,fang.com
佘北家园康桂苑,住宅,松江,佘山,上海,fang.com
佘北家园士弘苑,住宅,松江,佘山,上海,fang.com
佘北家园丽雅苑,住宅,松江,佘山,上海,fang.com
佘北家园嘉枫苑,住宅,松江,佘山,上海,fang.com
佘北家园凤尾苑,住宅,松江,佘山,上海,fang.com
佘北家园紫鹃苑,住宅,松江,佘山,上海,fang.com
佘北家园茸达苑,住宅,松江,佘山,上海,fang.com
佘北家园结香苑,住宅,松江,佘山,上海,fang.com
佘北家园梧桐苑,住宅,松江,佘山,上海,fang.com
佘北家园榆叶苑,住宅,松江,佘山,上海,fang.com
陈坊新苑,住宅,松江,佘山,上海,fang.com
佘北家园竹青苑,住宅,松江,佘山,上海,fang.com
江秋新苑,住宅,松江,佘山,上海,fang.com
佘北家园茸腾苑,住宅,松江,佘山,上海,fang.com
佘北家园惠泽苑,住宅,松江,佘山,上海,fang.com
佘北家园茸绣苑,住宅,松江,佘山,上海,fang.com
佘北家园秀雅苑,住宅,松江,佘山,上海,fang.com
佘北家园铃兰苑,住宅,松江,佘山,上海,fang.com
佘北家园银杏苑,住宅,松江,佘山,上海,fang.com
佘山家园,住宅,松江,佘山,上海,fang.com
佘北家园士清苑,住宅,松江,佘山,上海,fang.com
佘山翠鑫苑,住宅,松江,佘山,上海,fang.com
佘北家园木槿苑,住宅,松江,佘山,上海,fang.com
象屿上海年华,住宅,松江,新桥,上海,fang.com
万科白马花园,住宅,松江,新桥,上海,fang.com
金地双都汇,住宅,松江,新桥,上海,fang.com
金地都会艺境,住宅,松江,新桥,上海,fang.com
新弘国际城,住宅,松江,新桥,上海,fang.com
明中龙祥家园,住宅,松江,新桥,上海,fang.com
启新苑,住宅,松江,新浜,上海,fang.com
新曲北苑,住宅,松江,新浜,上海,fang.com
友谊南苑,住宅,松江,新浜,上海,fang.com
御上海,住宅,松江,松江大学城,上海,fang.com
绿地蔷薇九里,住宅,松江,松江大学城,上海,fang.com
文翔名苑,住宅,松江,松江大学城,上海,fang.com
恒杰丁香花园,住宅,松江,松江大学城,上海,fang.com
首创锦悦,住宅,松江,松江大学城,上海,fang.com
华发象屿光星华府,住宅,松江,松江大学城,上海,fang.com
上坤红树湾,住宅,松江,松江大学城,上海,fang.com
誉品谷水湾,住宅,松江,松江大学城,上海,fang.com
保利西子湾,住宅,松江,松江大学城,上海,fang.com
合景天悦,住宅,松江,松江大学城,上海,fang.com
金地丰盛道,住宅,松江,松江大学城,上海,fang.com
大学城松云水苑,住宅,松江,松江大学城,上海,fang.com
莱顿小城,住宅,松江,松江大学城,上海,fang.com
绿地云峰名邸,住宅,松江,松江大学城,上海,fang.com
上尚缘,住宅,松江,松江大学城,上海,fang.com
万科·海上映象,住宅,松江,松江大学城,上海,fang.com
中国铁建·星樾云涧,住宅,松江,松江大学城,上海,fang.com
中山文化苑二期南区,住宅,松江,松江大学城,上海,fang.com
东鼎名人府邸(松江),住宅,松江,松江新城,上海,fang.com
久阳文华府邸,住宅,松江,松江新城,上海,fang.com
阳光翠庭,住宅,松江,松江新城,上海,fang.com
名庭花苑,住宅,松江,松江新城,上海,fang.com
东明花苑,住宅,松江,松江新城,上海,fang.com
公捷苑,住宅,松江,松江新城,上海,fang.com
开元新都,住宅,松江,松江新城,上海,fang.com
浪琴水岸花园,住宅,松江,松江新城,上海,fang.com
世纪新城,住宅,松江,松江新城,上海,fang.com
鼎信公寓,住宅,松江,松江新城,上海,fang.com
华亭首府,住宅,松江,松江新城,上海,fang.com
湖畔天地坊,住宅,松江,松江新城,上海,fang.com
月亮河桂园,住宅,松江,松江新城,上海,fang.com
紫东新苑,住宅,松江,松江新城,上海,fang.com
绿庭悦公馆,住宅,松江,松江新城,上海,fang.com
明丰公寓,住宅,松江,松江新城,上海,fang.com
赛杰苑,住宅,松江,松江新城,上海,fang.com
上泰绅苑,住宅,松江,松江新城,上海,fang.com
天乐小区,住宅,松江,松江新城,上海,fang.com
檀香花苑,住宅,松江,松江新城,上海,fang.com
文荟峰景,住宅,松江,松江新城,上海,fang.com
万科云间传奇,住宅,松江,松江新城,上海,fang.com
珠江新城,住宅,松江,松江新城,上海,fang.com
安琪花苑,住宅,松江,松江新城,上海,fang.com
昌鑫花园,住宅,松江,松江新城,上海,fang.com
辰弘佳苑公寓,住宅,松江,松江新城,上海,fang.com
德邑小城,住宅,松江,松江新城,上海,fang.com
恒大帝景,住宅,松江,松江新城,上海,fang.com
江虹花园,住宅,松江,松江新城,上海,fang.com
名仕豪庭二期,住宅,松江,松江新城,上海,fang.com
泰晤士小镇公寓,住宅,松江,松江新城,上海,fang.com
建设花园,住宅,松江,松江新城,上海,fang.com
祥和花苑,住宅,松江,松江新城,上海,fang.com
云著深蓝,住宅,松江,松江新城,上海,fang.com
中山光星苑,住宅,松江,松江新城,上海,fang.com
恒都·云湾,住宅,松江,松江新城,上海,fang.com
海德名园,住宅,松江,松江新城,上海,fang.com
兰桥公寓北区,住宅,松江,松江新城,上海,fang.com
绿洲华庭苑,住宅,松江,松江新城,上海,fang.com
茸北苑,住宅,松江,松江新城,上海,fang.com
大江苑,住宅,松江,松江新城,上海,fang.com
云间名门,住宅,松江,松江老城,上海,fang.com
松岳名都,住宅,松江,松江老城,上海,fang.com
谷水佳苑,住宅,松江,松江老城,上海,fang.com
民乐小区,住宅,松江,松江老城,上海,fang.com
荣乐小区,住宅,松江,松江老城,上海,fang.com
同济城市雅筑,住宅,松江,松江老城,上海,fang.com
通波小区,住宅,松江,松江老城,上海,fang.com
绿地凯旋宫,住宅,松江,松江老城,上海,fang.com
三星苑,住宅,松江,松江老城,上海,fang.com
维罗纳贵都,住宅,松江,松江老城,上海,fang.com
北九峰小区,住宅,松江,松江老城,上海,fang.com
凤凰小区,住宅,松江,松江老城,上海,fang.com
谷水苑,住宅,松江,松江老城,上海,fang.com
华中公寓,住宅,松江,松江老城,上海,fang.com
松南城玉阳苑,住宅,松江,松江老城,上海,fang.com
天汇家园,住宅,松江,松江老城,上海,fang.com
万科金色华亭,住宅,松江,松江老城,上海,fang.com
新理想花园,住宅,松江,松江老城,上海,fang.com
金地自在城二期,住宅,松江,泗泾,上海,fang.com
紫薇茗庭,住宅,松江,泗泾,上海,fang.com
塘和家园山茶雅苑,住宅,松江,泗泾,上海,fang.com
塘和家园君康苑,住宅,松江,泗泾,上海,fang.com
塘和家园登云苑,住宅,松江,泗泾,上海,fang.com
塘和家园顺康苑,住宅,松江,泗泾,上海,fang.com
新凯家园四期,住宅,松江,泗泾,上海,fang.com
塘和家园齐康苑,住宅,松江,泗泾,上海,fang.com
同润菲诗艾伦,住宅,松江,泗泾,上海,fang.com
宝地佘山1号,住宅,松江,泗泾,上海,fang.com
新凯家园二期,住宅,松江,泗泾,上海,fang.com
保利翡丽公馆,住宅,松江,泗泾,上海,fang.com
金地自在城三期,住宅,松江,泗泾,上海,fang.com
绿波景园,住宅,松江,泗泾,上海,fang.com
米兰诺贵都,住宅,松江,泗泾,上海,fang.com
同济晶萃,住宅,松江,泗泾,上海,fang.com
金港河滨华城,住宅,松江,泗泾,上海,fang.com
建发玖珑湾,住宅,松江,泗泾,上海,fang.com
润和苑,住宅,松江,泗泾,上海,fang.com
泗水和鸣,住宅,松江,泗泾,上海,fang.com
祥和公寓,住宅,松江,泗泾,上海,fang.com
9号公馆,住宅,松江,泗泾,上海,fang.com
融创壹号公馆,住宅,松江,泗泾,上海,fang.com
塘和家园久康苑,住宅,松江,泗泾,上海,fang.com
塘和家园德悦苑,住宅,松江,泗泾,上海,fang.com
新凯家园,住宅,松江,泗泾,上海,fang.com
新城上坤樾山璟里,住宅,松江,泗泾,上海,fang.com
西南名苑,住宅,松江,泗泾,上海,fang.com
金地自在城玺湾,住宅,松江,泗泾,上海,fang.com
华润佘山九里一期,住宅,松江,泗泾,上海,fang.com
绿地云雅园,住宅,松江,泗泾,上海,fang.com
塘和家园栀子锦苑,住宅,松江,泗泾,上海,fang.com
金地玺悦,住宅,松江,泗泾,上海,fang.com
润江花苑,住宅,松江,泗泾,上海,fang.com
塘和家园德宁苑,住宅,松江,泗泾,上海,fang.com
万业梦立方,住宅,松江,泗泾,上海,fang.com
新凯城锦昌苑,住宅,松江,泗泾,上海,fang.com
中国铁建·星樾云栖,住宅,松江,泗泾,上海,fang.com
嘉利椿廷,住宅,松江,洞泾,上海,fang.com
中海悦府公寓,住宅,松江,洞泾,上海,fang.com
法兰西世家公寓,住宅,松江,洞泾,上海,fang.com
华发·海上都荟,住宅,松江,洞泾,上海,fang.com
保利西郊和煦,住宅,松江,洞泾,上海,fang.com
绿洲香岛,住宅,松江,莘闵别墅,上海,fang.com
绿洲长岛花园,住宅,松江,莘闵别墅,上海,fang.com
荣盛名邸,住宅,松江,莘闵别墅,上海,fang.com
同润加州,住宅,松江,莘闵别墅,上海,fang.com
丽水华庭,住宅,松江,莘闵别墅,上海,fang.com
龙祥公寓,住宅,松江,莘闵别墅,上海,fang.com
祥东小区松江,住宅,松江,车墩,上海,fang.com
好莱坞花园公寓,住宅,松江,车墩,上海,fang.com
金地JIMU积木,住宅,松江,车墩,上海,fang.com
安贝尔花园,住宅,松江,车墩,上海,fang.com
三林世博家园,住宅,浦东,三林,上海,fang.com
浦发绿城,住宅,浦东,三林,上海,fang.com
金谊河畔,住宅,浦东,三林,上海,fang.com
环球翡翠湾花园,住宅,浦东,三林,上海,fang.com
申江豪城,住宅,浦东,三林,上海,fang.com
凌兆八村,住宅,浦东,三林,上海,fang.com
艾南小区,住宅,浦东,三林,上海,fang.com
万科金色雅筑,住宅,浦东,三林,上海,fang.com
三林世博家园(东书房路390弄),住宅,浦东,三林,上海,fang.com
凌兆天地,住宅,浦东,三林,上海,fang.com
浦发御园,住宅,浦东,三林,上海,fang.com
浦发博园公寓,住宅,浦东,三林,上海,fang.com
未来域,住宅,浦东,三林,上海,fang.com
上南花城,住宅,浦东,世博,上海,fang.com
上南九村,住宅,浦东,世博,上海,fang.com
花木苑,住宅,浦东,世纪公园,上海,fang.com
海桐小区,住宅,浦东,世纪公园,上海,fang.com
大唐盛世花园二期,住宅,浦东,世纪公园,上海,fang.com
牡丹小区,住宅,浦东,世纪公园,上海,fang.com
海桐苑,住宅,浦东,世纪公园,上海,fang.com
樱花坊,住宅,浦东,世纪公园,上海,fang.com
绿地东岸涟城,住宅,浦东,临港新城,上海,fang.com
陆家嘴锦绣前城,住宅,浦东,北蔡,上海,fang.com
大华锦绣华城第18街区,住宅,浦东,北蔡,上海,fang.com
大华锦绣华城第12街区,住宅,浦东,北蔡,上海,fang.com
浦东星河湾,住宅,浦东,北蔡,上海,fang.com
绿川新苑,住宅,浦东,北蔡,上海,fang.com
大华锦绣华城第4街区,住宅,浦东,北蔡,上海,fang.com
凯利海华府,住宅,浦东,北蔡,上海,fang.com
南新六村,住宅,浦东,北蔡,上海,fang.com
南新四村,住宅,浦东,北蔡,上海,fang.com
大华锦绣华城第15街区,住宅,浦东,北蔡,上海,fang.com
大华锦绣华城第11街区,住宅,浦东,北蔡,上海,fang.com
大华锦绣华城第14街区,住宅,浦东,北蔡,上海,fang.com
光鸿苑,住宅,浦东,南码头,上海,fang.com
东方城市花园二期,住宅,浦东,南码头,上海,fang.com
龙阳花苑,住宅,浦东,南码头,上海,fang.com
美林小城,住宅,浦东,周浦,上海,fang.com
印象春城,住宅,浦东,周浦,上海,fang.com
圣鑫苑,住宅,浦东,周浦,上海,fang.com
小上海新城,住宅,浦东,周浦,上海,fang.com
明天华城,住宅,浦东,周浦,上海,fang.com
绿地东上海一期,住宅,浦东,周浦,上海,fang.com
御沁园公寓,住宅,浦东,周浦,上海,fang.com
繁荣华庭,住宅,浦东,周浦,上海,fang.com
汇丽苑,住宅,浦东,周浦,上海,fang.com
金领国际,住宅,浦东,唐镇,上海,fang.com
保利金爵公寓,住宅,浦东,唐镇,上海,fang.com
浦发罗兰翡丽,住宅,浦东,唐镇,上海,fang.com
绿波城,住宅,浦东,唐镇,上海,fang.com
仁恒东郊花园,住宅,浦东,唐镇,上海,fang.com
鑫港苑,住宅,浦东,唐镇,上海,fang.com
谐趣鑫庭,住宅,浦东,唐镇,上海,fang.com
同馨苑,住宅,浦东,唐镇,上海,fang.com
蓝高小区,住宅,浦东,塘桥,上海,fang.com
新都花园,住宅,浦东,塘桥,上海,fang.com
海富花园,住宅,浦东,塘桥,上海,fang.com
贵龙园,住宅,浦东,塘桥,上海,fang.com
金浦小区(塘桥),住宅,浦东,塘桥,上海,fang.com
峨海小区,住宅,浦东,塘桥,上海,fang.com
东方城市花园,住宅,浦东,塘桥,上海,fang.com
南泉小区,住宅,浦东,塘桥,上海,fang.com
乔顿花园,住宅,浦东,塘桥,上海,fang.com
东方汇景苑,住宅,浦东,塘桥,上海,fang.com
绿海家园,住宅,浦东,川沙,上海,fang.com
阳光城愉景湾,住宅,浦东,川沙,上海,fang.com
新德佳苑,住宅,浦东,川沙,上海,fang.com
康桥老街,住宅,浦东,康桥,上海,fang.com
康桥半岛城中花园,住宅,浦东,康桥,上海,fang.com
中邦城市,住宅,浦东,康桥,上海,fang.com
玉兰香苑四期,住宅,浦东,张江,上海,fang.com
阳光花城,住宅,浦东,张江,上海,fang.com
玉兰香苑三期,住宅,浦东,张江,上海,fang.com
城市经典四期高迪,住宅,浦东,张江,上海,fang.com
玉兰香苑二期,住宅,浦东,张江,上海,fang.com
华发四季,住宅,浦东,张江,上海,fang.com
张江汤臣豪园二期,住宅,浦东,张江,上海,fang.com
张江汤臣豪园四期,住宅,浦东,张江,上海,fang.com
香楠小区,住宅,浦东,张江,上海,fang.com
玉兰香苑,住宅,浦东,张江,上海,fang.com
樟盛苑,住宅,浦东,张江,上海,fang.com
张江汤臣豪园三期,住宅,浦东,张江,上海,fang.com
日月光水岸花园,住宅,浦东,张江,上海,fang.com
杨家镇小区,住宅,浦东,张江,上海,fang.com
春港丽园,住宅,浦东,张江,上海,fang.com
川杨新苑三期,住宅,浦东,张江,上海,fang.com
绿洲康城亲水湾中区,住宅,浦东,御桥,上海,fang.com
万科中环国际城海上传奇,住宅,浦东,御桥,上海,fang.com
仁和都市花园,住宅,浦东,御桥,上海,fang.com
民乐苑,住宅,浦东,御桥,上海,fang.com
地杰国际城二期,住宅,浦东,御桥,上海,fang.com
锦绣华都,住宅,浦东,御桥,上海,fang.com
地杰国际城,住宅,浦东,御桥,上海,fang.com
万科金色城市,住宅,浦东,御桥,上海,fang.com
地杰国际城三期,住宅,浦东,御桥,上海,fang.com
京浦小区,住宅,浦东,御桥,上海,fang.com
艺泰安邦,住宅,浦东,惠南,上海,fang.com
海玥瑄邸,住宅,浦东,惠南,上海,fang.com
金海华城永华苑,住宅,浦东,曹路,上海,fang.com
星颂家园,住宅,浦东,曹路,上海,fang.com
金海华城悦虹雅苑,住宅,浦东,曹路,上海,fang.com
金钻苑,住宅,浦东,曹路,上海,fang.com
金海华城华康佳苑,住宅,浦东,曹路,上海,fang.com
银丰苑,住宅,浦东,曹路,上海,fang.com
金群苑,住宅,浦东,曹路,上海,fang.com
龚路新城,住宅,浦东,曹路,上海,fang.com
佳伟景苑,住宅,浦东,曹路,上海,fang.com
海尚东苑,住宅,浦东,曹路,上海,fang.com
星晓家园,住宅,浦东,曹路,上海,fang.com
中虹家园,住宅,浦东,曹路,上海,fang.com
恒裕嘉苑,住宅,浦东,曹路,上海,fang.com
星纳家园,住宅,浦东,曹路,上海,fang.com
星海家园,住宅,浦东,曹路,上海,fang.com
舜峰家苑,住宅,浦东,曹路,上海,fang.com
金海华城华美新苑,住宅,浦东,曹路,上海,fang.com
地产尚海郦景,住宅,浦东,梅园,上海,fang.com
上海滩花园洋房,住宅,浦东,梅园,上海,fang.com
万科翡翠滨江,住宅,浦东,梅园,上海,fang.com
陆家嘴国际华城,住宅,浦东,梅园,上海,fang.com
崮山小区二街坊,住宅,浦东,洋泾,上海,fang.com
羽北小区,住宅,浦东,洋泾,上海,fang.com
山水国际,住宅,浦东,源深,上海,fang.com
盛世年华,住宅,浦东,源深,上海,fang.com
潍坊九村,住宅,浦东,潍坊,上海,fang.com
潍坊十村,住宅,浦东,潍坊,上海,fang.com
潍坊四村,住宅,浦东,潍坊,上海,fang.com
潍坊八村,住宅,浦东,潍坊,上海,fang.com
金桥酒店公寓,住宅,浦东,碧云,上海,fang.com
金桥爱建园,住宅,浦东,碧云,上海,fang.com
朗诗未来树,住宅,浦东,祝桥,上海,fang.com
公元2040,住宅,浦东,祝桥,上海,fang.com
仁恒河滨城,住宅,浦东,联洋,上海,fang.com
仁恒河滨城三期,住宅,浦东,联洋,上海,fang.com
沉香苑,住宅,浦东,航头,上海,fang.com
金沁苑,住宅,浦东,航头,上海,fang.com
鹤沙航城汇贤雅苑,住宅,浦东,航头,上海,fang.com
航武嘉园,住宅,浦东,航头,上海,fang.com
海洲桃花园,住宅,浦东,航头,上海,fang.com
长泰公馆,住宅,浦东,航头,上海,fang.com
东茗苑,住宅,浦东,航头,上海,fang.com
万邦都市花园,住宅,浦东,花木,上海,fang.com
培花七村,住宅,浦东,花木,上海,fang.com
黄山始信苑,住宅,浦东,金杨,上海,fang.com
东方知音苑,住宅,浦东,金杨,上海,fang.com
金杨新村五街坊,住宅,浦东,金杨,上海,fang.com
金杨新村四街坊,住宅,浦东,金杨,上海,fang.com
上海未来黄山新城,住宅,浦东,金杨,上海,fang.com
金桥瑞仕花园,住宅,浦东,金杨,上海,fang.com
金杨新村七街坊,住宅,浦东,金杨,上海,fang.com
金杨新村八街坊,住宅,浦东,金杨,上海,fang.com
金杨新村六街坊,住宅,浦东,金杨,上海,fang.com
金杨新村三街坊,住宅,浦东,金杨,上海,fang.com
金杨公寓,住宅,浦东,金杨,上海,fang.com
金杨新村二街坊,住宅,浦东,金杨,上海,fang.com
金杨新村九街坊,住宅,浦东,金杨,上海,fang.com
弘扬雅苑,住宅,浦东,金杨,上海,fang.com
金杨新村十街坊,住宅,浦东,金杨,上海,fang.com
香山新村东北街坊,住宅,浦东,金杨,上海,fang.com
陆家嘴新景园,住宅,浦东,金杨,上海,fang.com
黄山二村,住宅,浦东,金杨,上海,fang.com
新世纪名苑,住宅,浦东,金杨,上海,fang.com
香山新村东南街坊,住宅,浦东,金杨,上海,fang.com
蝶恋苑,住宅,浦东,金杨,上海,fang.com
黄山一村,住宅,浦东,金杨,上海,fang.com
金杨新村十一街坊,住宅,浦东,金杨,上海,fang.com
银山小区,住宅,浦东,金杨,上海,fang.com
住友名人苑,住宅,浦东,金杨,上海,fang.com
东方丽景,住宅,浦东,金桥,上海,fang.com
碧云新天地一期,住宅,浦东,金桥,上海,fang.com
碧云新天地三期,住宅,浦东,金桥,上海,fang.com
连城苑,住宅,浦东,金桥,上海,fang.com
江南山水,住宅,浦东,金桥,上海,fang.com
碧云新天地二期,住宅,浦东,金桥,上海,fang.com
证大家园二期,住宅,浦东,金桥,上海,fang.com
丽都成品,住宅,浦东,金桥,上海,fang.com
金巷小区,住宅,浦东,金桥,上海,fang.com
爱法新城,住宅,浦东,金桥,上海,fang.com
金桥名都,住宅,浦东,金桥,上海,fang.com
金桥湾清水苑,住宅,浦东,金桥,上海,fang.com
金东名苑,住宅,浦东,金桥,上海,fang.com
金桥新村四街坊,住宅,浦东,金桥,上海,fang.com
东陆新村六街坊,住宅,浦东,金桥,上海,fang.com
证大家园三期,住宅,浦东,金桥,上海,fang.com
长岛公寓,住宅,浦东,金桥,上海,fang.com
金燕家苑,住宅,浦东,金桥,上海,fang.com
同方锦城二期,住宅,浦东,金桥,上海,fang.com
中粮海景壹号,住宅,浦东,陆家嘴,上海,fang.com
世茂滨江花园,住宅,浦东,陆家嘴,上海,fang.com
汤臣一品,住宅,浦东,陆家嘴,上海,fang.com
绿地崴廉公寓,住宅,浦东,高行,上海,fang.com
东源名都,住宅,浦东,高行,上海,fang.com
浦江东旭公寓,住宅,浦东,高行,上海,fang.com
幸福小镇,住宅,浦东,高行,上海,fang.com
新高苑春园一期,住宅,浦东,高行,上海,fang.com
华高一村,住宅,浦东,高行,上海,fang.com
紫翠苑,住宅,浦东,高行,上海,fang.com
绿城上海御园,住宅,浦东,高行,上海,fang.com
仁恒森兰雅苑二期,住宅,浦东,高行,上海,fang.com
贝越高行馨苑,住宅,浦东,高行,上海,fang.com
华高苑,住宅,浦东,高行,上海,fang.com
瑞虹新城,住宅,虹口,临平路,上海,fang.com
中粮瑞虹·海景壹号,住宅,虹口,临平路,上海,fang.com
瑞虹新城铭庭,住宅,虹口,临平路,上海,fang.com
虹叶茗园,住宅,虹口,临平路,上海,fang.com
瑞虹新城二期,住宅,虹口,临平路,上海,fang.com
瑞虹新城璟庭,住宅,虹口,临平路,上海,fang.com
建邦16区一期,住宅,虹口,临平路,上海,fang.com
瑞虹新城怡庭,住宅,虹口,临平路,上海,fang.com
建邦16区二期,住宅,虹口,临平路,上海,fang.com
中信和平家园,住宅,虹口,临平路,上海,fang.com
瑞虹新城悦庭,住宅,虹口,临平路,上海,fang.com
浦江名邸,住宅,虹口,临平路,上海,fang.com
瑞虹新城天悦郡庭,住宅,虹口,临平路,上海,fang.com
瑞虹新城三期,住宅,虹口,临平路,上海,fang.com
中皇广场,住宅,虹口,临平路,上海,fang.com
绿洲紫荆花园,住宅,虹口,临平路,上海,fang.com
世博花园,住宅,虹口,临平路,上海,fang.com
紫虹嘉苑,住宅,虹口,临平路,上海,fang.com
爱家豪庭,住宅,虹口,临平路,上海,fang.com
虹口现代公寓,住宅,虹口,临平路,上海,fang.com
香港丽园,住宅,虹口,临平路,上海,fang.com
正润欧洲花园,住宅,虹口,临平路,上海,fang.com
恒城花苑,住宅,虹口,临平路,上海,fang.com
金轩大邸,住宅,虹口,临平路,上海,fang.com
欧阳名邸,住宅,虹口,临平路,上海,fang.com
凯虹家园,住宅,虹口,临平路,上海,fang.com
飘鹰东方花园,住宅,虹口,临平路,上海,fang.com
瑞虹新城·瑧庭,住宅,虹口,临平路,上海,fang.com
天宝绿洲,住宅,虹口,临平路,上海,fang.com
宇泰景苑,住宅,虹口,临平路,上海,fang.com
招商虹玺,住宅,虹口,临平路,上海,fang.com
东方都市景苑,住宅,虹口,临平路,上海,fang.com
海伦都市佳苑,住宅,虹口,临平路,上海,fang.com
凯虹公寓,住宅,虹口,临平路,上海,fang.com
飘鹰花苑,住宅,虹口,临平路,上海,fang.com
邮电新村,住宅,虹口,临平路,上海,fang.com
中皇·北岸锦源,住宅,虹口,临平路,上海,fang.com
招商外滩玺,住宅,虹口,临平路,上海,fang.com
安得公寓,住宅,虹口,临平路,上海,fang.com
北郊小区,住宅,虹口,临平路,上海,fang.com
晨林花苑,住宅,虹口,临平路,上海,fang.com
宏城公寓,住宅,虹口,临平路,上海,fang.com
虹仪小区,住宅,虹口,临平路,上海,fang.com
锦苑小区,住宅,虹口,凉城,上海,fang.com
星苑小区,住宅,虹口,凉城,上海,fang.com
红馥里,住宅,虹口,凉城,上海,fang.com
华二小区,住宅,虹口,凉城,上海,fang.com
灵新小区,住宅,虹口,凉城,上海,fang.com
墨翠里,住宅,虹口,凉城,上海,fang.com
宝华城市花园,住宅,虹口,凉城,上海,fang.com
良辰美景,住宅,虹口,凉城,上海,fang.com
新城虹口金茂府,住宅,虹口,凉城,上海,fang.com
意和家园,住宅,虹口,凉城,上海,fang.com
秀苑小区,住宅,虹口,凉城,上海,fang.com
一品新筑苑,住宅,虹口,凉城,上海,fang.com
恒大江湾华庭,住宅,虹口,凉城,上海,fang.com
虹北公寓,住宅,虹口,凉城,上海,fang.com
花园城二期,住宅,虹口,凉城,上海,fang.com
华苑小区(虹口),住宅,虹口,凉城,上海,fang.com
凉城三村,住宅,虹口,凉城,上海,fang.com
广中扩大小区,住宅,虹口,凉城,上海,fang.com
广中路368弄小区,住宅,虹口,凉城,上海,fang.com
聚星苑,住宅,虹口,凉城,上海,fang.com
万康小区,住宅,虹口,凉城,上海,fang.com
蔷薇里,住宅,虹口,凉城,上海,fang.com
文苑小区,住宅,虹口,凉城,上海,fang.com
车站北路491弄小区,住宅,虹口,凉城,上海,fang.com
金枫里,住宅,虹口,凉城,上海,fang.com
中星凉城苑,住宅,虹口,凉城,上海,fang.com
车站南路407弄小区,住宅,虹口,凉城,上海,fang.com
大上海紫金城,住宅,虹口,凉城,上海,fang.com
丰景湾名邸,住宅,虹口,凉城,上海,fang.com
水木年华花园,住宅,虹口,凉城,上海,fang.com
水电小区,住宅,虹口,凉城,上海,fang.com
华通公寓,住宅,虹口,凉城,上海,fang.com
海叶新苑,住宅,虹口,凉城,上海,fang.com
佳伟小区,住宅,虹口,凉城,上海,fang.com
凉东小区,住宅,虹口,凉城,上海,fang.com
曲阳名邸,住宅,虹口,凉城,上海,fang.com
乾弘佳园,住宅,虹口,凉城,上海,fang.com
水电路1344弄小区,住宅,虹口,凉城,上海,fang.com
胜利小区(虹口),住宅,虹口,凉城,上海,fang.com
宝鸿小区,住宅,虹口,凉城,上海,fang.com
广中四村,住宅,虹口,凉城,上海,fang.com
广联新苑,住宅,虹口,凉城,上海,fang.com
广粤路577弄小区,住宅,虹口,凉城,上海,fang.com
宏苑小区,住宅,虹口,凉城,上海,fang.com
黄山坊,住宅,虹口,凉城,上海,fang.com
江杨家园,住宅,虹口,凉城,上海,fang.com
凉城路1201弄小区,住宅,虹口,凉城,上海,fang.com
凉城二村,住宅,虹口,凉城,上海,fang.com
三湘花园,住宅,虹口,凉城,上海,fang.com
盛安家园,住宅,虹口,凉城,上海,fang.com
文粤家园,住宅,虹口,凉城,上海,fang.com
万峰梦湖苑,住宅,虹口,凉城,上海,fang.com
中虹花园锦绣文华,住宅,虹口,凉城,上海,fang.com
中星凉城新苑,住宅,虹口,凉城,上海,fang.com
中虹花园丽都苑,住宅,虹口,凉城,上海,fang.com
城城金岛苑,住宅,虹口,凉城,上海,fang.com
东广大厦,住宅,虹口,凉城,上海,fang.com
广中小区,住宅,虹口,凉城,上海,fang.com
新外滩花苑,住宅,虹口,北外滩,上海,fang.com
白金府邸,住宅,虹口,北外滩,上海,fang.com
名江七星城,住宅,虹口,北外滩,上海,fang.com
耀江国际广场公寓,住宅,虹口,北外滩,上海,fang.com
白金湾府邸,住宅,虹口,北外滩,上海,fang.com
豪景苑,住宅,虹口,北外滩,上海,fang.com
外滩99,住宅,虹口,北外滩,上海,fang.com
阳光前景海泰苑,住宅,虹口,北外滩,上海,fang.com
百福小区,住宅,虹口,北外滩,上海,fang.com
海泰北外滩,住宅,虹口,北外滩,上海,fang.com
和泰玫瑰园,住宅,虹口,北外滩,上海,fang.com
融创外滩188,住宅,虹口,北外滩,上海,fang.com
长阳路138弄小区,住宅,虹口,北外滩,上海,fang.com
大众公寓,住宅,虹口,北外滩,上海,fang.com
宏惠花苑,住宅,虹口,北外滩,上海,fang.com
弘久·新弘北外滩,住宅,虹口,北外滩,上海,fang.com
融创青云壹号,住宅,虹口,四川北路,上海,fang.com
溧阳华府,住宅,虹口,四川北路,上海,fang.com
珠江铂世外滩界,住宅,虹口,四川北路,上海,fang.com
国际明佳城,住宅,虹口,四川北路,上海,fang.com
华清名苑,住宅,虹口,四川北路,上海,fang.com
嘉宏紫薇园,住宅,虹口,四川北路,上海,fang.com
海伦新苑,住宅,虹口,四川北路,上海,fang.com
虹叶花苑一期,住宅,虹口,四川北路,上海,fang.com
虹临花园,住宅,虹口,四川北路,上海,fang.com
虹口花苑,住宅,虹口,四川北路,上海,fang.com
恒丰里,住宅,虹口,四川北路,上海,fang.com
嘉杰国际广场,住宅,虹口,四川北路,上海,fang.com
吉祥苑,住宅,虹口,四川北路,上海,fang.com
天通庵路657弄小区,住宅,虹口,四川北路,上海,fang.com
大德里恒安坊,住宅,虹口,四川北路,上海,fang.com
国贸花园,住宅,虹口,四川北路,上海,fang.com
冠都公寓,住宅,虹口,四川北路,上海,fang.com
虹叶花苑二期,住宅,虹口,四川北路,上海,fang.com
恒通公寓,住宅,虹口,四川北路,上海,fang.com
景明花园中环明珠,住宅,虹口,曲阳,上海,fang.com
广灵二村,住宅,虹口,曲阳,上海,fang.com
曲一花苑,住宅,虹口,曲阳,上海,fang.com
西南小区,住宅,虹口,曲阳,上海,fang.com
复城国际,住宅,虹口,曲阳,上海,fang.com
广中一村,住宅,虹口,曲阳,上海,fang.com
水电路80弄小区,住宅,虹口,曲阳,上海,fang.com
友谊三村,住宅,虹口,曲阳,上海,fang.com
中虹花园新都苑,住宅,虹口,曲阳,上海,fang.com
中虹花园翡翠园,住宅,虹口,曲阳,上海,fang.com
中虹花园虹韵家园,住宅,虹口,曲阳,上海,fang.com
巴林路80弄小区,住宅,虹口,曲阳,上海,fang.com
赤峰小区,住宅,虹口,曲阳,上海,fang.com
赤峰路626弄小区,住宅,虹口,曲阳,上海,fang.com
典雅公寓,住宅,虹口,曲阳,上海,fang.com
东四小区,住宅,虹口,曲阳,上海,fang.com
东体育会路408弄小区,住宅,虹口,曲阳,上海,fang.com
广灵一村,住宅,虹口,曲阳,上海,fang.com
广灵四路280弄小区,住宅,虹口,曲阳,上海,fang.com
复旦小区,住宅,虹口,江湾镇,上海,fang.com
纪念小区,住宅,虹口,江湾镇,上海,fang.com
海湾新苑,住宅,虹口,江湾镇,上海,fang.com
虹口玫瑰苑,住宅,虹口,江湾镇,上海,fang.com
新丰家园,住宅,虹口,江湾镇,上海,fang.com
仁德小区,住宅,虹口,江湾镇,上海,fang.com
水电路1381弄小区,住宅,虹口,江湾镇,上海,fang.com
虹口欣逸家园,住宅,虹口,江湾镇,上海,fang.com
新北小区,住宅,虹口,江湾镇,上海,fang.com
新三小区,住宅,虹口,江湾镇,上海,fang.com
福赐花苑,住宅,虹口,江湾镇,上海,fang.com
文治福邸,住宅,虹口,江湾镇,上海,fang.com
忠烈小区,住宅,虹口,江湾镇,上海,fang.com
车站西路小区,住宅,虹口,江湾镇,上海,fang.com
川虹小区,住宅,虹口,江湾镇,上海,fang.com
沽源小区,住宅,虹口,江湾镇,上海,fang.com
虹教小区,住宅,虹口,江湾镇,上海,fang.com
龙腾小区,住宅,虹口,江湾镇,上海,fang.com
文新小区,住宅,虹口,江湾镇,上海,fang.com
吴家湾路101弄小区,住宅,虹口,江湾镇,上海,fang.com
新申小区,住宅,虹口,江湾镇,上海,fang.com
场中公寓,住宅,虹口,江湾镇,上海,fang.com
丰镇小区,住宅,虹口,江湾镇,上海,fang.com
丰镇路16弄小区,住宅,虹口,江湾镇,上海,fang.com
华林新苑,住宅,虹口,江湾镇,上海,fang.com
虹口嘉苑,住宅,虹口,江湾镇,上海,fang.com
纪念路494弄小区,住宅,虹口,江湾镇,上海,fang.com
仁德坊,住宅,虹口,江湾镇,上海,fang.com
韶嘉公寓,住宅,虹口,江湾镇,上海,fang.com
新海城,住宅,虹口,江湾镇,上海,fang.com
新市南路561弄小区,住宅,虹口,江湾镇,上海,fang.com
逸仙小区,住宅,虹口,江湾镇,上海,fang.com
春江小区虹口,住宅,虹口,江湾镇,上海,fang.com
东方公寓,住宅,虹口,江湾镇,上海,fang.com
枫叶公寓,住宅,虹口,江湾镇,上海,fang.com
沽源路第二小区,住宅,虹口,江湾镇,上海,fang.com
海尚逸苑,住宅,虹口,江湾镇,上海,fang.com
何家宅小区,住宅,虹口,鲁迅公园,上海,fang.com
晶钻博华苑,住宅,虹口,鲁迅公园,上海,fang.com
钧茂公寓,住宅,虹口,鲁迅公园,上海,fang.com
明杨豪苑,住宅,虹口,鲁迅公园,上海,fang.com
欧阳路300弄小区,住宅,虹口,鲁迅公园,上海,fang.com
北城公寓,住宅,虹口,鲁迅公园,上海,fang.com
德华苑,住宅,虹口,鲁迅公园,上海,fang.com
宏凯公寓,住宅,虹口,鲁迅公园,上海,fang.com
亭林华城丽水嘉园,住宅,金山,亭林,上海,fang.com
亭林华城康宁嘉园,住宅,金山,亭林,上海,fang.com
云湖壹号,住宅,金山,亭林,上海,fang.com
依云湖,住宅,金山,亭林,上海,fang.com
华纺和成未来派,住宅,金山,亭林,上海,fang.com
新华御湖上园,住宅,金山,亭林,上海,fang.com
紫迪兰庭,住宅,金山,亭林,上海,fang.com
金亭花苑,住宅,金山,亭林,上海,fang.com
澜庭,住宅,金山,亭林,上海,fang.com
隆亭家园,住宅,金山,亭林,上海,fang.com
南亭佳苑,住宅,金山,亭林,上海,fang.com
蓝滨嘉苑,住宅,金山,亭林,上海,fang.com
亭升苑,住宅,金山,亭林,上海,fang.com
天都华庭公寓,住宅,金山,亭林,上海,fang.com
新华御著,住宅,金山,亭林,上海,fang.com
现代华亭,住宅,金山,亭林,上海,fang.com
安东新村,住宅,金山,亭林,上海,fang.com
东风新村,住宅,金山,亭林,上海,fang.com
大寺新村,住宅,金山,亭林,上海,fang.com
大通路59-67号小区,住宅,金山,亭林,上海,fang.com
大通路388号,住宅,金山,亭林,上海,fang.com
复地湖畔和光,住宅,金山,亭林,上海,fang.com
富民小区,住宅,金山,亭林,上海,fang.com
果园新村(金山),住宅,金山,亭林,上海,fang.com
干南街129号小区,住宅,金山,亭林,上海,fang.com
汇丰馨苑,住宅,金山,亭林,上海,fang.com
和平新村金山,住宅,金山,亭林,上海,fang.com
镜中苑,住宅,金山,吕巷,上海,fang.com
南圩新村,住宅,金山,朱泾,上海,fang.com
豫园雅郡,住宅,金山,朱泾,上海,fang.com
金来苑,住宅,金山,朱泾,上海,fang.com
森海豪庭,住宅,金山,朱泾,上海,fang.com
天乐苑,住宅,金山,朱泾,上海,fang.com
北圩新村,住宅,金山,朱泾,上海,fang.com
宝华铂翠豪庭公寓,住宅,金山,朱泾,上海,fang.com
东林豪庭,住宅,金山,朱泾,上海,fang.com
东林公寓,住宅,金山,朱泾,上海,fang.com
东林苑(金山),住宅,金山,朱泾,上海,fang.com
东林街274号,住宅,金山,朱泾,上海,fang.com
凤翔新村,住宅,金山,朱泾,上海,fang.com
凤翔东村,住宅,金山,朱泾,上海,fang.com
广鑫苑,住宅,金山,朱泾,上海,fang.com
华光紫荆苑,住宅,金山,朱泾,上海,fang.com
汇佳新苑,住宅,金山,朱泾,上海,fang.com
弘泽阳光园,住宅,金山,朱泾,上海,fang.com
红菱苑,住宅,金山,朱泾,上海,fang.com
汇福馨园,住宅,金山,朱泾,上海,fang.com
华光百合苑,住宅,金山,朱泾,上海,fang.com
鸿越华庭,住宅,金山,朱泾,上海,fang.com
恒康小区,住宅,金山,朱行,上海,fang.com
恒顺馨苑,住宅,金山,朱行,上海,fang.com
恒信家园,住宅,金山,朱行,上海,fang.com
恒祥小区,住宅,金山,朱行,上海,fang.com
恒祥苑,住宅,金山,朱行,上海,fang.com
华发招商依云四季,住宅,金山,枫泾,上海,fang.com
中冶枫郡,住宅,金山,枫泾,上海,fang.com
枫岸华庭,住宅,金山,枫泾,上海,fang.com
建枫新村,住宅,金山,枫泾,上海,fang.com
康发新苑,住宅,金山,枫泾,上海,fang.com
桥英花苑一期,住宅,金山,枫泾,上海,fang.com
碧桂园玫瑰公馆,住宅,金山,枫泾,上海,fang.com
白牛新村,住宅,金山,枫泾,上海,fang.com
白牛路300弄小区,住宅,金山,枫泾,上海,fang.com
北大街160号,住宅,金山,枫泾,上海,fang.com
白牛路38号,住宅,金山,枫泾,上海,fang.com
北大街赵家弄,住宅,金山,枫泾,上海,fang.com
北大街421号,住宅,金山,枫泾,上海,fang.com
长城逸府,住宅,金山,枫泾,上海,fang.com
创欣名苑,住宅,金山,枫泾,上海,fang.com
枫景家园,住宅,金山,枫泾,上海,fang.com
枫泾老街商业城,住宅,金山,枫泾,上海,fang.com
枫香名苑,住宅,金山,枫泾,上海,fang.com
枫光苑,住宅,金山,枫泾,上海,fang.com
枫阳新村,住宅,金山,枫泾,上海,fang.com
敷荣公寓,住宅,金山,枫泾,上海,fang.com
枫思路4号,住宅,金山,枫泾,上海,fang.com
枫阳路236号,住宅,金山,枫泾,上海,fang.com
谷阳南路17号,住宅,金山,枫泾,上海,fang.com
海玥瀜庭,住宅,金山,枫泾,上海,fang.com
华丰格兰郡,住宅,金山,枫泾,上海,fang.com
石化七村,住宅,金山,石化,上海,fang.com
石化十村,住宅,金山,石化,上海,fang.com
石化四村,住宅,金山,石化,上海,fang.com
石化九村,住宅,金山,石化,上海,fang.com
石化十五村,住宅,金山,石化,上海,fang.com
石化二村,住宅,金山,石化,上海,fang.com
石化六村,住宅,金山,石化,上海,fang.com
石化八村,住宅,金山,石化,上海,fang.com
石化十二村,住宅,金山,石化,上海,fang.com
北随塘河路250号,住宅,金山,石化,上海,fang.com
富川路40弄,住宅,金山,石化,上海,fang.com
广霖大楼,住宅,金山,石化,上海,fang.com
枫桥紫郡二期,住宅,金山,金山其他,上海,fang.com
万春苑,住宅,金山,金山其他,上海,fang.com
漕廊公路7923号,住宅,金山,金山其他,上海,fang.com
枫桥紫郡,住宅,金山,金山其他,上海,fang.com
芙蓉二村,住宅,金山,金山其他,上海,fang.com
上海新天鸿高尔夫社区汤泉美地城,住宅,金山,金山其他,上海,fang.com
古镇新春苑,住宅,金山,金山其他,上海,fang.com
海上纳缇,住宅,金山,金山新城,上海,fang.com
东泉新村,住宅,金山,金山新城,上海,fang.com
赞成红树林,住宅,金山,金山新城,上海,fang.com
蓝色收获,住宅,金山,金山新城,上海,fang.com
三岛龙洲苑,住宅,金山,金山新城,上海,fang.com
海滨新城,住宅,金山,金山新城,上海,fang.com
山鑫康城,住宅,金山,金山新城,上海,fang.com
农房万盛金邸东区,住宅,金山,金山新城,上海,fang.com
宝华海湾城,住宅,金山,金山新城,上海,fang.com
铂翠廷,住宅,金山,金山新城,上海,fang.com
海棠新村,住宅,金山,金山新城,上海,fang.com
金海岸花园,住宅,金山,金山新城,上海,fang.com
梅州新村,住宅,金山,金山新城,上海,fang.com
山鑫联城花苑,住宅,金山,金山新城,上海,fang.com
金悦华庭,住宅,金山,金山新城,上海,fang.com
合生财富海景公馆,住宅,金山,金山新城,上海,fang.com
金瀚园,住宅,金山,金山新城,上海,fang.com
绿地金山老街,住宅,金山,金山新城,上海,fang.com
山鑫阳光城,住宅,金山,金山新城,上海,fang.com
蓝堡公馆,住宅,金山,金山新城,上海,fang.com
棕榈湾花园,住宅,金山,金山新城,上海,fang.com
绿地蔷薇四季,住宅,金山,金山新城,上海,fang.com
辰凯花苑,住宅,金山,金山新城,上海,fang.com
海尚馨苑,住宅,金山,金山新城,上海,fang.com
金山豪庭,住宅,金山,金山新城,上海,fang.com
龙泽园,住宅,金山,金山新城,上海,fang.com
新城旭辉府,住宅,金山,金山新城,上海,fang.com
御景龙庭,住宅,金山,金山新城,上海,fang.com
东礁新村,住宅,金山,金山新城,上海,fang.com
湖山香颂湾,住宅,金山,金山新城,上海,fang.com
海浒新村,住宅,金山,金山新城,上海,fang.com
金玥湾,住宅,金山,金山新城,上海,fang.com
金康花苑,住宅,金山,金山新城,上海,fang.com
水韵紫城,住宅,金山,金山新城,上海,fang.com
碧桂园凤凰城,住宅,金山,金山新城,上海,fang.com
金天地花园,住宅,金山,金山新城,上海,fang.com
上海金山万达华府,住宅,金山,金山新城,上海,fang.com
辰凯紫薇苑,住宅,金山,金山新城,上海,fang.com
山龙新村,住宅,金山,金山新城,上海,fang.com
金域蔚蓝,住宅,金山,金山新城,上海,fang.com
正荣御首府,住宅,金山,金山新城,上海,fang.com
山鑫公寓,住宅,金山,金山新城,上海,fang.com
碧海云居,住宅,金山,金山新城,上海,fang.com
飞虹北村,住宅,金山,金山新城,上海,fang.com
海上明珠园,住宅,金山,金山新城,上海,fang.com
红星紫郡,住宅,金山,金山新城,上海,fang.com
城西花苑,住宅,金山,金山新城,上海,fang.com
飞虹南村,住宅,金山,金山新城,上海,fang.com
海趣馨苑,住宅,金山,金山新城,上海,fang.com
君逸公馆,住宅,金山,金山新城,上海,fang.com
万和家园,住宅,金山,金山新城,上海,fang.com
御龙景苑,住宅,金山,金山新城,上海,fang.com
滨海新村,住宅,金山,金山新城,上海,fang.com
古城新苑,住宅,金山,金山新城,上海,fang.com
宽庭海辰馨苑,住宅,金山,金山新城,上海,fang.com
明卫佳苑北区,住宅,金山,金山新城,上海,fang.com
卫康花苑,住宅,金山,金山新城,上海,fang.com
光明金山府,住宅,金山,金山新城,上海,fang.com
海欣家园,住宅,金山,金山新城,上海,fang.com
建发·观唐府,住宅,金山,金山新城,上海,fang.com
复地星愉湾,住宅,金山,金山新城,上海,fang.com
临潮新村,住宅,金山,金山新城,上海,fang.com
绿地玲珑寓,住宅,金山,金山新城,上海,fang.com
绿地金卫新家园西区,住宅,金山,金山新城,上海,fang.com
万寿新村金山,住宅,金山,金山新城,上海,fang.com
园中苑,住宅,金山,金山新城,上海,fang.com
中锐龙湾壹号,住宅,金山,金山新城,上海,fang.com
滨海三四村,住宅,金山,金山新城,上海,fang.com
东门苑,住宅,金山,金山新城,上海,fang.com
华府海景,住宅,金山,金山新城,上海,fang.com
金山世纪城,住宅,金山,金山新城,上海,fang.com
金房花苑,住宅,金山,金山新城,上海,fang.com
金荷雅苑,住宅,金山,金山新城,上海,fang.com
玲桂花苑,住宅,金山,金山新城,上海,fang.com
水韵悦城,住宅,金山,金山新城,上海,fang.com
山康花苑,住宅,金山,金山新城,上海,fang.com
海皓馨苑,住宅,金山,金山新城,上海,fang.com
建邦国宸府,住宅,金山,金山新城,上海,fang.com
桥英馨苑,住宅,金山,金山新城,上海,fang.com
山龙新村三期,住宅,金山,金山新城,上海,fang.com
金浦苑,住宅,金山,金山新城,上海,fang.com
绿地漕泾新苑,住宅,金山,金山新城,上海,fang.com
龙泽园东区,住宅,金山,金山新城,上海,fang.com
碧桂园金山星作,住宅,金山,金山新城,上海,fang.com
板桥路624号,住宅,金山,金山新城,上海,fang.com
板桥西路1658号,住宅,金山,金山新城,上海,fang.com
辰凯紫藤苑,住宅,金山,金山新城,上海,fang.com
漕廊公路422号小区,住宅,金山,金山新城,上海,fang.com
漕廊公路352弄小区,住宅,金山,金山新城,上海,fang.com
漕廊公路7911号,住宅,金山,金山新城,上海,fang.com
漕廊公路486弄,住宅,金山,金山新城,上海,fang.com
东岭豪苑,住宅,金山,金山新城,上海,fang.com
东郊新村,住宅,金山,金山新城,上海,fang.com
东平南路635弄小区,住宅,金山,金山新城,上海,fang.com
光明·艺树家,住宅,金山,金山新城,上海,fang.com
广安小区,住宅,金山,金山新城,上海,fang.com
共建路18号,住宅,金山,金山新城,上海,fang.com
共建路117号,住宅,金山,金山新城,上海,fang.com
古城路613号,住宅,金山,金山新城,上海,fang.com
海悦馨苑,住宅,金山,金山新城,上海,fang.com
宏阳小区,住宅,金山,金山新城,上海,fang.com
凯欣豪园,住宅,长宁,中山公园,上海,fang.com
中山公寓,住宅,长宁,中山公园,上海,fang.com
路易凯旋宫,住宅,长宁,中山公园,上海,fang.com
圣约翰名邸,住宅,长宁,中山公园,上海,fang.com
大家源新城,住宅,长宁,中山公园,上海,fang.com
武夷花园,住宅,长宁,中山公园,上海,fang.com
岐山村,住宅,长宁,中山公园,上海,fang.com
虹德苑,住宅,长宁,中山公园,上海,fang.com
精益公寓,住宅,长宁,中山公园,上海,fang.com
长江小区,住宅,长宁,中山公园,上海,fang.com
长乐大厦(长宁),住宅,长宁,中山公园,上海,fang.com
宁康小区,住宅,长宁,中山公园,上海,fang.com
长宁88金廷,住宅,长宁,中山公园,上海,fang.com
长新小区,住宅,长宁,中山公园,上海,fang.com
华秀小区,住宅,长宁,中山公园,上海,fang.com
华馨小区,住宅,长宁,中山公园,上海,fang.com
宝华西郊紫薇花园,住宅,长宁,仙霞,上海,fang.com
虹仙小区,住宅,长宁,仙霞,上海,fang.com
水霞小区,住宅,长宁,仙霞,上海,fang.com
威宁小区,住宅,长宁,仙霞,上海,fang.com
大金更小区,住宅,长宁,仙霞,上海,fang.com
仙霞别墅,住宅,长宁,仙霞,上海,fang.com
仙逸小区,住宅,长宁,仙霞,上海,fang.com
虹霞小区,住宅,长宁,仙霞,上海,fang.com
虹景小区,住宅,长宁,仙霞,上海,fang.com
芙二小区,住宅,长宁,仙霞,上海,fang.com
芙江小区,住宅,长宁,仙霞,上海,fang.com
茅台新苑,住宅,长宁,仙霞,上海,fang.com
虹景家苑,住宅,长宁,仙霞,上海,fang.com
虹城公寓,住宅,长宁,仙霞,上海,fang.com
瑞冬小区,住宅,长宁,北新泾,上海,fang.com
仙霞大郡,住宅,长宁,北新泾,上海,fang.com
新泾三村,住宅,长宁,北新泾,上海,fang.com
新泾七村,住宅,长宁,北新泾,上海,fang.com
新泾一村,住宅,长宁,北新泾,上海,fang.com
虹康花苑,住宅,长宁,北新泾,上海,fang.com
新泾五村,住宅,长宁,北新泾,上海,fang.com
紫竹小区,住宅,长宁,北新泾,上海,fang.com
虹康花苑三期,住宅,长宁,北新泾,上海,fang.com
红梅小区,住宅,长宁,北新泾,上海,fang.com
金菊小区,住宅,长宁,北新泾,上海,fang.com
新泾六村,住宅,长宁,北新泾,上海,fang.com
碧夏小区,住宅,长宁,北新泾,上海,fang.com
虹园六村,住宅,长宁,北新泾,上海,fang.com
通协小区,住宅,长宁,北新泾,上海,fang.com
虹园一村,住宅,长宁,北新泾,上海,fang.com
新泾四村,住宅,长宁,北新泾,上海,fang.com
长宁馥邦苑,住宅,长宁,北新泾,上海,fang.com
绿园一村,住宅,长宁,北新泾,上海,fang.com
世纪之春花园,住宅,长宁,北新泾,上海,fang.com
金钟小区,住宅,长宁,北新泾,上海,fang.com
剑河家苑,住宅,长宁,北新泾,上海,fang.com
淞虹公寓,住宅,长宁,北新泾,上海,fang.com
金淞家园,住宅,长宁,北新泾,上海,fang.com
铭晖西郊苑,住宅,长宁,北新泾,上海,fang.com
虹康花苑二期,住宅,长宁,北新泾,上海,fang.com
新泾二村,住宅,长宁,北新泾,上海,fang.com
华松小区,住宅,长宁,北新泾,上海,fang.com
新泾八村,住宅,长宁,北新泾,上海,fang.com
虹园八村,住宅,长宁,北新泾,上海,fang.com
北平家园,住宅,长宁,北新泾,上海,fang.com
定威小区,住宅,长宁,北新泾,上海,fang.com
沁秋小区,住宅,长宁,北新泾,上海,fang.com
淞虹苑,住宅,长宁,北新泾,上海,fang.com
协合花苑,住宅,长宁,北新泾,上海,fang.com
天蒲小区,住宅,长宁,北新泾,上海,fang.com
春房小区,住宅,长宁,北新泾,上海,fang.com
广顺小区,住宅,长宁,北新泾,上海,fang.com
宜嘉坊,住宅,长宁,北新泾,上海,fang.com
永馨小区,住宅,长宁,北新泾,上海,fang.com
广友小区,住宅,长宁,北新泾,上海,fang.com
天申大楼,住宅,长宁,北新泾,上海,fang.com
协和家园,住宅,长宁,北新泾,上海,fang.com
虹福小区,住宅,长宁,北新泾,上海,fang.com
天山雅苑,住宅,长宁,北新泾,上海,fang.com
中海长宁第,住宅,长宁,北新泾,上海,fang.com
淞虹苑二期,住宅,长宁,北新泾,上海,fang.com
兴霞小区,住宅,长宁,北新泾,上海,fang.com
北虹公寓,住宅,长宁,北新泾,上海,fang.com
帝豪苑,住宅,长宁,北新泾,上海,fang.com
共建小区,住宅,长宁,北新泾,上海,fang.com
古北瑞仕花园,住宅,长宁,古北,上海,fang.com
古北国际广场,住宅,长宁,古北,上海,fang.com
古北玛瑙园,住宅,长宁,古北,上海,fang.com
古北嘉年华庭,住宅,长宁,古北,上海,fang.com
上城uptown,住宅,长宁,古北,上海,fang.com
古北国际花园,住宅,长宁,古北,上海,fang.com
虹桥城市花园,住宅,长宁,古北,上海,fang.com
虹南小区,住宅,长宁,古北,上海,fang.com
御翠豪庭,住宅,长宁,古北,上海,fang.com
虹欣小区,住宅,长宁,古北,上海,fang.com
里昂花园,住宅,长宁,古北,上海,fang.com
强生古北花园,住宅,长宁,古北,上海,fang.com
圣美邸,住宅,长宁,古北,上海,fang.com
巴黎花园,住宅,长宁,古北,上海,fang.com
金色贝拉维,住宅,长宁,古北,上海,fang.com
金狮公寓,住宅,长宁,古北,上海,fang.com
美丽华花园,住宅,长宁,古北,上海,fang.com
东湖小区,住宅,长宁,古北,上海,fang.com
黄金豪园,住宅,长宁,古北,上海,fang.com
华丽家族古北花园,住宅,长宁,古北,上海,fang.com
仁恒河滨花园,住宅,长宁,天山,上海,fang.com
新天地河滨花园,住宅,长宁,天山,上海,fang.com
春天花园,住宅,长宁,天山,上海,fang.com
河风丽景,住宅,长宁,天山,上海,fang.com
天山怡景苑,住宅,长宁,天山,上海,fang.com
虹桥新城,住宅,长宁,天山,上海,fang.com
天山河畔花园,住宅,长宁,天山,上海,fang.com
天山星城,住宅,长宁,天山,上海,fang.com
上海花城,住宅,长宁,天山,上海,fang.com
虹桥万博花园,住宅,长宁,天山,上海,fang.com
虹桥河滨花园,住宅,长宁,天山,上海,fang.com
天山新苑,住宅,长宁,天山,上海,fang.com
天山华庭,住宅,长宁,天山,上海,fang.com
衡辰公寓,住宅,长宁,天山,上海,fang.com
新风小区,住宅,长宁,天山,上海,fang.com
海逸公寓,住宅,长宁,天山,上海,fang.com
虹桥华庭,住宅,长宁,天山,上海,fang.com
天台家园,住宅,长宁,天山,上海,fang.com
天山五村,住宅,长宁,天山,上海,fang.com
茅台花苑,住宅,长宁,天山,上海,fang.com
新光小区,住宅,长宁,天山,上海,fang.com
锦屏小区,住宅,长宁,天山,上海,fang.com
南洋新都,住宅,长宁,天山,上海,fang.com
宁锦小区,住宅,长宁,天山,上海,fang.com
天申综合小区,住宅,长宁,天山,上海,fang.com
五三小区,住宅,长宁,天山,上海,fang.com
雍景园,住宅,长宁,天山,上海,fang.com
知雅园,住宅,长宁,天山,上海,fang.com
安龙小区,住宅,长宁,天山,上海,fang.com
杜家宅小区,住宅,长宁,天山,上海,fang.com
古宋小区,住宅,长宁,天山,上海,fang.com
泰荣苑,住宅,长宁,天山,上海,fang.com
天申小区,住宅,长宁,天山,上海,fang.com
天山二村,住宅,长宁,天山,上海,fang.com
天山三村,住宅,长宁,天山,上海,fang.com
天原二村,住宅,长宁,天山,上海,fang.com
威宁路291弄小区,住宅,长宁,天山,上海,fang.com
新安小区,住宅,长宁,天山,上海,fang.com
玉屏南路560弄小区,住宅,长宁,天山,上海,fang.com
遵义小区,住宅,长宁,天山,上海,fang.com
大华公寓住宅(长宁),住宅,长宁,天山,上海,fang.com
芳秀公寓,住宅,长宁,天山,上海,fang.com
古北大楼,住宅,长宁,天山,上海,fang.com
虹桥馨苑,住宅,长宁,天山,上海,fang.com
虹桥国际大厦,住宅,长宁,天山,上海,fang.com
华山夏都苑,住宅,长宁,新华路,上海,fang.com
西镇小区,住宅,长宁,新华路,上海,fang.com
嘉里华庭,住宅,长宁,新华路,上海,fang.com
安东小区,住宅,长宁,新华路,上海,fang.com
虹南大楼,住宅,长宁,新华路,上海,fang.com
九九园,住宅,长宁,新华路,上海,fang.com
中华小区,住宅,长宁,新华路,上海,fang.com
中银淮海苑,住宅,长宁,新华路,上海,fang.com
长虹小区,住宅,长宁,新华路,上海,fang.com
东方金门花园,住宅,长宁,新华路,上海,fang.com
淮海名邸,住宅,长宁,新华路,上海,fang.com
华山花苑,住宅,长宁,新华路,上海,fang.com
华山丽苑,住宅,长宁,新华路,上海,fang.com
锦城公寓(长宁),住宅,长宁,新华路,上海,fang.com
紫勋风雅苑,住宅,长宁,新华路,上海,fang.com
长中小区,住宅,长宁,新华路,上海,fang.com
东方剑桥,住宅,长宁,新华路,上海,fang.com
东湖名苑,住宅,长宁,新华路,上海,fang.com
东方雅苑,住宅,长宁,新华路,上海,fang.com
纺大小区,住宅,长宁,新华路,上海,fang.com
虹桥丽景苑,住宅,长宁,新华路,上海,fang.com
红庄小区,住宅,长宁,新华路,上海,fang.com
海富公寓,住宅,长宁,新华路,上海,fang.com
淮海花园,住宅,长宁,新华路,上海,fang.com
虹日小区,住宅,长宁,虹桥,上海,fang.com
虹桥豪苑,住宅,长宁,虹桥,上海,fang.com
虹纺小区,住宅,长宁,虹桥,上海,fang.com
虹旭小区,住宅,长宁,虹桥,上海,fang.com
虹古小区,住宅,长宁,虹桥,上海,fang.com
长发虹桥公寓,住宅,长宁,虹桥,上海,fang.com
翠庭,住宅,长宁,虹桥,上海,fang.com
虹东小区,住宅,长宁,虹桥,上海,fang.com
复地御西郊,住宅,长宁,西郊,上海,fang.com
金虹苑,住宅,长宁,西郊,上海,fang.com
翠春小区,住宅,长宁,西郊,上海,fang.com
馨兰小区,住宅,长宁,西郊,上海,fang.com
绿园十二村,住宅,长宁,西郊,上海,fang.com
福泉苑,住宅,长宁,西郊,上海,fang.com
绿园五村,住宅,长宁,西郊,上海,fang.com
满庭芳花园公寓,住宅,长宁,西郊,上海,fang.com
西郊宝成花苑二期,住宅,长宁,西郊,上海,fang.com
绿园十一村,住宅,长宁,西郊,上海,fang.com
绿园十村,住宅,长宁,西郊,上海,fang.com
王子公寓,住宅,长宁,西郊,上海,fang.com
新泾苑,住宅,长宁,西郊,上海,fang.com
馨虹小区,住宅,长宁,西郊,上海,fang.com
新泾新家园,住宅,长宁,西郊,上海,fang.com
新泾家苑,住宅,长宁,西郊,上海,fang.com
爱都公寓,住宅,长宁,西郊,上海,fang.com
程桥二村,住宅,长宁,西郊,上海,fang.com
虹康新苑,住宅,长宁,西郊,上海,fang.com
镇宁路465弄小区,住宅,长宁,镇宁路,上海,fang.com
畅园,住宅,长宁,镇宁路,上海,fang.com
华敏世纪广场,住宅,长宁,镇宁路,上海,fang.com
万科城市花园,住宅,闵行,七宝,上海,fang.com
万科城花新园,住宅,闵行,七宝,上海,fang.com
黎明花园,住宅,闵行,七宝,上海,fang.com
万科优诗美地,住宅,闵行,七宝,上海,fang.com
魅力之城,住宅,闵行,七宝,上海,fang.com
水清年华花园,住宅,闵行,七宝,上海,fang.com
万兆家园叠彩人家,住宅,闵行,七宝,上海,fang.com
万科朗润园,住宅,闵行,七宝,上海,fang.com
沪松公路62弄小区,住宅,闵行,七宝,上海,fang.com
西郊九韵城,住宅,闵行,华漕,上海,fang.com
虹庐湾,住宅,闵行,华漕,上海,fang.com
金丰小区,住宅,闵行,华漕,上海,fang.com
西郊庄园马德里洋房,住宅,闵行,华漕,上海,fang.com
西郊九韵城景平苑,住宅,闵行,华漕,上海,fang.com
盛世虹桥一期,住宅,闵行,华漕,上海,fang.com
首创禧瑞荟,住宅,闵行,华漕,上海,fang.com
西郊河畔家园,住宅,闵行,华漕,上海,fang.com
紫薇新村,住宅,闵行,华漕,上海,fang.com
爱博二村,住宅,闵行,华漕,上海,fang.com
九方家园,住宅,闵行,华漕,上海,fang.com
景雅苑,住宅,闵行,华漕,上海,fang.com
美邻苑,住宅,闵行,华漕,上海,fang.com
万源城朗郡,住宅,闵行,古美,上海,fang.com
东苑古龙城,住宅,闵行,古美,上海,fang.com
欧风花都,住宅,闵行,古美,上海,fang.com
蓝色港湾,住宅,闵行,古美,上海,fang.com
新时代花园,住宅,闵行,古美,上海,fang.com
万源城御璄,住宅,闵行,古美,上海,fang.com
蔚蓝城市花园,住宅,闵行,古美,上海,fang.com
平吉二村,住宅,闵行,古美,上海,fang.com
江南星城二期,住宅,闵行,古美,上海,fang.com
新时代富嘉花园,住宅,闵行,古美,上海,fang.com
新时代景庭,住宅,闵行,古美,上海,fang.com
东苑半岛花园公寓,住宅,闵行,古美,上海,fang.com
万源城尚郡,住宅,闵行,古美,上海,fang.com
南方新村,住宅,闵行,古美,上海,fang.com
中友嘉园,住宅,闵行,古美,上海,fang.com
金汇豪庭,住宅,闵行,古美,上海,fang.com
万源城逸郡,住宅,闵行,古美,上海,fang.com
平吉一村,住宅,闵行,古美,上海,fang.com
平阳绿家园,住宅,闵行,古美,上海,fang.com
古美四村,住宅,闵行,古美,上海,fang.com
同济融创玫瑰公馆,住宅,闵行,古美,上海,fang.com
新梅花苑,住宅,闵行,古美,上海,fang.com
康健丽都,住宅,闵行,古美,上海,fang.com
平阳四街坊,住宅,闵行,古美,上海,fang.com
东兰雅苑,住宅,闵行,古美,上海,fang.com
古美一村,住宅,闵行,古美,上海,fang.com
平南一村,住宅,闵行,古美,上海,fang.com
和风润玉,住宅,闵行,古美,上海,fang.com
江南星城一期,住宅,闵行,古美,上海,fang.com
古美八村,住宅,闵行,古美,上海,fang.com
南方城,住宅,闵行,古美,上海,fang.com
望族新苑,住宅,闵行,古美,上海,fang.com
古美西路316弄小区,住宅,闵行,古美,上海,fang.com
古美西路420弄小区,住宅,闵行,古美,上海,fang.com
万源城E1,住宅,闵行,古美,上海,fang.com
阳光美景城二期,住宅,闵行,古美,上海,fang.com
古美三村,住宅,闵行,古美,上海,fang.com
东兰世茗雅苑,住宅,闵行,古美,上海,fang.com
新梅公寓,住宅,闵行,古美,上海,fang.com
平南三四村,住宅,闵行,古美,上海,fang.com
万科花园小城,住宅,闵行,吴泾,上海,fang.com
紫竹半岛,住宅,闵行,吴泾,上海,fang.com
紫晶南园,住宅,闵行,吴泾,上海,fang.com
万科青藤公园,住宅,闵行,吴泾,上海,fang.com
嘉怡水岸,住宅,闵行,吴泾,上海,fang.com
双柏小区,住宅,闵行,吴泾,上海,fang.com
永德小区(永北),住宅,闵行,吴泾,上海,fang.com
塘泾北苑,住宅,闵行,吴泾,上海,fang.com
广南星园,住宅,闵行,吴泾,上海,fang.com
新华小区,住宅,闵行,吴泾,上海,fang.com
永德宝邸,住宅,闵行,吴泾,上海,fang.com
万科假日风景,住宅,闵行,春申,上海,fang.com
蔷薇新村,住宅,闵行,春申,上海,fang.com
春申景城一期,住宅,闵行,春申,上海,fang.com
春申景城三期,住宅,闵行,春申,上海,fang.com
梅香苑,住宅,闵行,春申,上海,fang.com
上海春城,住宅,闵行,春申,上海,fang.com
春申景城二期,住宅,闵行,春申,上海,fang.com
华唐苑,住宅,闵行,春申,上海,fang.com
虹景苑,住宅,闵行,春申,上海,fang.com
中海寰宇天下,住宅,闵行,春申,上海,fang.com
高兴花园二三四街坊,住宅,闵行,春申,上海,fang.com
莘南花苑二村,住宅,闵行,春申,上海,fang.com
普乐三村,住宅,闵行,春申,上海,fang.com
莘南花苑一村,住宅,闵行,春申,上海,fang.com
上海春城三期,住宅,闵行,春申,上海,fang.com
徐汇芳邻,住宅,闵行,春申,上海,fang.com
虹梅南苑,住宅,闵行,春申,上海,fang.com
玫瑰99,住宅,闵行,春申,上海,fang.com
普乐二村,住宅,闵行,春申,上海,fang.com
都市宜家,住宅,闵行,春申,上海,fang.com
源梦苑,住宅,闵行,春申,上海,fang.com
中城绿苑,住宅,闵行,春申,上海,fang.com
虹梅菁典,住宅,闵行,春申,上海,fang.com
薇馨家园,住宅,闵行,春申,上海,fang.com
银兆公寓,住宅,闵行,春申,上海,fang.com
金辉海上铭著,住宅,闵行,春申,上海,fang.com
茉莉苑,住宅,闵行,春申,上海,fang.com
西班牙名园,住宅,闵行,梅陇,上海,fang.com
梅陇二村,住宅,闵行,梅陇,上海,fang.com
朱梅小区,住宅,闵行,梅陇,上海,fang.com
梅陇城世纪苑,住宅,闵行,梅陇,上海,fang.com
锦鸿公寓,住宅,闵行,梅陇,上海,fang.com
望族苑,住宅,闵行,梅陇,上海,fang.com
中梅苑三期,住宅,闵行,梅陇,上海,fang.com
嘉和花苑,住宅,闵行,梅陇,上海,fang.com
梅陇一村,住宅,闵行,梅陇,上海,fang.com
紫藤一村,住宅,闵行,梅陇,上海,fang.com
上中西路767弄小区,住宅,闵行,梅陇,上海,fang.com
罗秀苑,住宅,闵行,梅陇,上海,fang.com
紫藤二村,住宅,闵行,梅陇,上海,fang.com
中梅苑二期,住宅,闵行,梅陇,上海,fang.com
益文路79弄小区,住宅,闵行,梅陇,上海,fang.com
上陇新村,住宅,闵行,梅陇,上海,fang.com
上海阳城,住宅,闵行,罗阳,上海,fang.com
三洲花园,住宅,闵行,罗阳,上海,fang.com
罗阳二村,住宅,闵行,罗阳,上海,fang.com
罗阳七村,住宅,闵行,罗阳,上海,fang.com
罗阳一村,住宅,闵行,罗阳,上海,fang.com
罗阳东四村,住宅,闵行,罗阳,上海,fang.com
罗阳三村,住宅,闵行,罗阳,上海,fang.com
莲花河畔景苑,住宅,闵行,罗阳,上海,fang.com
城开珑庭,住宅,闵行,罗阳,上海,fang.com
盛源花园,住宅,闵行,罗阳,上海,fang.com
未名园,住宅,闵行,罗阳,上海,fang.com
恒德花苑,住宅,闵行,罗阳,上海,fang.com
鸿福新村,住宅,闵行,罗阳,上海,fang.com
罗锦苑,住宅,闵行,罗阳,上海,fang.com
鹤北一街坊,住宅,闵行,老闵行,上海,fang.com
鹤北二街坊,住宅,闵行,老闵行,上海,fang.com
沧源小区,住宅,闵行,老闵行,上海,fang.com
高华小区,住宅,闵行,老闵行,上海,fang.com
丽都城,住宅,闵行,老闵行,上海,fang.com
三明花园,住宅,闵行,老闵行,上海,fang.com
东苑佳和园,住宅,闵行,老闵行,上海,fang.com
合生城邦四街坊,住宅,闵行,老闵行,上海,fang.com
合生城邦三街坊,住宅,闵行,老闵行,上海,fang.com
新闵小区,住宅,闵行,老闵行,上海,fang.com
凤凰城,住宅,闵行,老闵行,上海,fang.com
金铭福邸,住宅,闵行,老闵行,上海,fang.com
当代万国府MOMA,住宅,闵行,老闵行,上海,fang.com
好第坊,住宅,闵行,老闵行,上海,fang.com
金平小区,住宅,闵行,老闵行,上海,fang.com
京浦花园,住宅,闵行,老闵行,上海,fang.com
紫藤新园,住宅,闵行,老闵行,上海,fang.com
源枫景苑,住宅,闵行,老闵行,上海,fang.com
东风小区(江川路),住宅,闵行,老闵行,上海,fang.com
畅馨园,住宅,闵行,老闵行,上海,fang.com
红旗四街坊,住宅,闵行,老闵行,上海,fang.com
交大东川花苑,住宅,闵行,老闵行,上海,fang.com
南洋瑞都,住宅,闵行,老闵行,上海,fang.com
星河景苑,住宅,闵行,老闵行,上海,fang.com
凤庆小区,住宅,闵行,老闵行,上海,fang.com
新华小区(老闵行),住宅,闵行,老闵行,上海,fang.com
金榜人家,住宅,闵行,老闵行,上海,fang.com
海赋尚品,住宅,闵行,老闵行,上海,fang.com
金榜世家六期,住宅,闵行,老闵行,上海,fang.com
金榜世家,住宅,闵行,老闵行,上海,fang.com
浦江花苑,住宅,闵行,老闵行,上海,fang.com
汽轮新村,住宅,闵行,老闵行,上海,fang.com
南洋博仕欣居,住宅,闵行,老闵行,上海,fang.com
名都新城二期,住宅,闵行,莘庄,上海,fang.com
奥塞花园,住宅,闵行,莘庄,上海,fang.com
春申府邸,住宅,闵行,莘庄,上海,fang.com
上海莘城,住宅,闵行,莘庄,上海,fang.com
沁春名邸,住宅,闵行,莘庄,上海,fang.com
好世凤凰城,住宅,闵行,莘庄,上海,fang.com
莘映象,住宅,闵行,莘庄,上海,fang.com
都市星城,住宅,闵行,莘庄,上海,fang.com
TODTOWN天荟悦麓,住宅,闵行,莘庄,上海,fang.com
古北金鹰府,住宅,闵行,金汇,上海,fang.com
古北新城,住宅,闵行,金虹桥,上海,fang.com
古北壹号,住宅,闵行,金虹桥,上海,fang.com
虹桥花苑,住宅,闵行,金虹桥,上海,fang.com
锦绣江南四期,住宅,闵行,静安新城,上海,fang.com
大上海国际花园,住宅,闵行,静安新城,上海,fang.com
万源新城,住宅,闵行,静安新城,上海,fang.com
风度国际,住宅,闵行,静安新城,上海,fang.com
九歌上郡,住宅,闵行,静安新城,上海,fang.com
九歌花园,住宅,闵行,静安新城,上海,fang.com
锦绣江南一期,住宅,闵行,静安新城,上海,fang.com
荣信虹桥世嘉,住宅,闵行,静安新城,上海,fang.com
天安豪园,住宅,闵行,静安新城,上海,fang.com
静安新城四区,住宅,闵行,静安新城,上海,fang.com
九歌茗园,住宅,闵行,静安新城,上海,fang.com
上海星河湾三期,住宅,闵行,颛桥,上海,fang.com
上海星河湾1号园,住宅,闵行,颛桥,上海,fang.com
上海星河湾花园2号园,住宅,闵行,颛桥,上海,fang.com
贵都新村,住宅,闵行,颛桥,上海,fang.com
爱庐世纪新苑,住宅,闵行,颛桥,上海,fang.com
颛溪八村,住宅,闵行,颛桥,上海,fang.com
银桥花园,住宅,闵行,颛桥,上海,fang.com
君莲新城广润苑,住宅,闵行,颛桥,上海,fang.com
莘闵荣顺苑,住宅,闵行,颛桥,上海,fang.com
夏朵园,住宅,闵行,颛桥,上海,fang.com
鑫都城云天绿洲,住宅,闵行,颛桥,上海,fang.com
颛溪五村,住宅,闵行,颛桥,上海,fang.com
日月华城,住宅,闵行,颛桥,上海,fang.com
西郊半岛名苑,住宅,青浦,华新,上海,fang.com
绿地逸湾,住宅,青浦,华新,上海,fang.com
华腾苑,住宅,青浦,华新,上海,fang.com
恒文星尚湾,住宅,青浦,华新,上海,fang.com
虹桥宝龙城二期,住宅,青浦,华新,上海,fang.com
海玥虹桥金茂悦,住宅,青浦,华新,上海,fang.com
虹桥金茂悦,住宅,青浦,华新,上海,fang.com
梦里水乡花园,住宅,青浦,华新,上海,fang.com
虹桥宝龙城一期,住宅,青浦,华新,上海,fang.com
新大洲华庭苑,住宅,青浦,华新,上海,fang.com
兆地尊庭,住宅,青浦,华新,上海,fang.com
新大洲花苑,住宅,青浦,华新,上海,fang.com
三友星墅公寓,住宅,青浦,华新,上海,fang.com
御澜博翠,住宅,青浦,华新,上海,fang.com
上实云端,住宅,青浦,华新,上海,fang.com
公园小区,住宅,青浦,华新,上海,fang.com
华富公寓,住宅,青浦,华新,上海,fang.com
上海蟠龙天地,住宅,青浦,徐泾,上海,fang.com
UNICITY万科天空之城,住宅,青浦,徐泾,上海,fang.com
招商虹桥公馆,住宅,青浦,徐泾,上海,fang.com
欣沁苑,住宅,青浦,徐泾,上海,fang.com
虹桥正荣府,住宅,青浦,徐泾,上海,fang.com
仁恒西郊花园,住宅,青浦,徐泾,上海,fang.com
徐泾北城瑞和明庭西区,住宅,青浦,徐泾,上海,fang.com
通用·昱慧苑,住宅,青浦,徐泾,上海,fang.com
徐泾北城瑞和锦庭,住宅,青浦,徐泾,上海,fang.com
徐泾北城春江三月公寓,住宅,青浦,徐泾,上海,fang.com
徐泾北城海棠馨苑南区,住宅,青浦,徐泾,上海,fang.com
二联馨苑,住宅,青浦,徐泾,上海,fang.com
徐泾北城馨浦苑北区,住宅,青浦,徐泾,上海,fang.com
南山雨果,住宅,青浦,徐泾,上海,fang.com
徐泾北城馨浦苑西区,住宅,青浦,徐泾,上海,fang.com
徐泾北城欣乐苑,住宅,青浦,徐泾,上海,fang.com
新丰公寓,住宅,青浦,徐泾,上海,fang.com
河畔家苑,住宅,青浦,徐泾,上海,fang.com
金瑞苑,住宅,青浦,徐泾,上海,fang.com
上海豪都国际花园,住宅,青浦,徐泾,上海,fang.com
湖畔佳苑(公寓),住宅,青浦,徐泾,上海,fang.com
绿中海明苑,住宅,青浦,徐泾,上海,fang.com
高景花园,住宅,青浦,徐泾,上海,fang.com
金地天御,住宅,青浦,徐泾,上海,fang.com
徐泾北城海棠馨苑北区,住宅,青浦,徐泾,上海,fang.com
徐泾北城瑞和明庭北区,住宅,青浦,徐泾,上海,fang.com
徐泾北城馨浦苑东区,住宅,青浦,徐泾,上海,fang.com
陆家角馨苑,住宅,青浦,徐泾,上海,fang.com
蟠龙馨苑,住宅,青浦,徐泾,上海,fang.com
西郊美德苑,住宅,青浦,徐泾,上海,fang.com
锦绣逸庭,住宅,青浦,徐泾,上海,fang.com
通用·昱祥苑,住宅,青浦,徐泾,上海,fang.com
新虹桥明珠花园,住宅,青浦,徐泾,上海,fang.com
广虹公寓,住宅,青浦,徐泾,上海,fang.com
广虹馨苑,住宅,青浦,徐泾,上海,fang.com
捷克小区,住宅,青浦,徐泾,上海,fang.com
万科天空之城三期星之屿,住宅,青浦,徐泾,上海,fang.com
中核锦悦府,住宅,青浦,徐泾,上海,fang.com
葛洲坝虹桥紫郡公馆,住宅,青浦,徐泾,上海,fang.com
居礼苑,住宅,青浦,徐泾,上海,fang.com
新虹桥君悦湾,住宅,青浦,徐泾,上海,fang.com
徐泾北城瑞和明庭南区,住宅,青浦,徐泾,上海,fang.com
玉兰清苑,住宅,青浦,徐泾,上海,fang.com
虹桥融景,住宅,青浦,徐泾,上海,fang.com
金水湾(公寓住宅),住宅,青浦,徐泾,上海,fang.com
绿城·春晓园,住宅,青浦,徐泾,上海,fang.com
新虹桥雅苑,住宅,青浦,徐泾,上海,fang.com
中建锦绣天地,住宅,青浦,徐泾,上海,fang.com
万科天空之城一期海之洲,住宅,青浦,徐泾,上海,fang.com
徐泾北城瑞和明庭东区,住宅,青浦,徐泾,上海,fang.com
金地虹桥世家,住宅,青浦,徐泾,上海,fang.com
金地虹悦湾,住宅,青浦,徐泾,上海,fang.com
龙信·虹桥御澜,住宅,青浦,徐泾,上海,fang.com
海天花园,住宅,青浦,徐泾,上海,fang.com
首创禧瑞里,住宅,青浦,徐泾,上海,fang.com
招商虹桥公馆二期,住宅,青浦,徐泾,上海,fang.com
西虹桥壹号,住宅,青浦,朱家角,上海,fang.com
首创禧悦晴朗,住宅,青浦,朱家角,上海,fang.com
融信铂爵,住宅,青浦,朱家角,上海,fang.com
中南君悦府,住宅,青浦,朱家角,上海,fang.com
东渡悦来城,住宅,青浦,朱家角,上海,fang.com
泰安公寓,住宅,青浦,朱家角,上海,fang.com
首创禧悦芳菲,住宅,青浦,朱家角,上海,fang.com
泰安馨苑,住宅,青浦,朱家角,上海,fang.com
东原碧桂园,住宅,青浦,朱家角,上海,fang.com
海上湾鹭居,住宅,青浦,朱家角,上海,fang.com
恒大御澜庭,住宅,青浦,朱家角,上海,fang.com
中信泰富朱家角新城,住宅,青浦,朱家角,上海,fang.com
璟云里,住宅,青浦,朱家角,上海,fang.com
大名城·映湖,住宅,青浦,朱家角,上海,fang.com
海上湾闻涧公寓,住宅,青浦,朱家角,上海,fang.com
首创禧悦新苑,住宅,青浦,朱家角,上海,fang.com
泰安公寓三区,住宅,青浦,朱家角,上海,fang.com
珠溪新苑,住宅,青浦,朱家角,上海,fang.com
中信泰富朱家角新城隽苑,住宅,青浦,朱家角,上海,fang.com
西湖新村,住宅,青浦,朱家角,上海,fang.com
中环境秋月,住宅,青浦,朱家角,上海,fang.com
翠湖水岸,住宅,青浦,白鹤,上海,fang.com
旭辉朗悦庭,住宅,青浦,练塘,上海,fang.com
练民新村,住宅,青浦,练塘,上海,fang.com
练祥佳苑,住宅,青浦,练塘,上海,fang.com
新城盛景,住宅,青浦,赵巷,上海,fang.com
崧泽华城秀景苑,住宅,青浦,赵巷,上海,fang.com
源昌幸福里,住宅,青浦,赵巷,上海,fang.com
崧泽华城佳福雅苑,住宅,青浦,赵巷,上海,fang.com
崧泽华城崧文苑,住宅,青浦,赵巷,上海,fang.com
运杰御澜雅苑,住宅,青浦,赵巷,上海,fang.com
龙湖紫都城,住宅,青浦,赵巷,上海,fang.com
泰禾红桥,住宅,青浦,赵巷,上海,fang.com
崧泽华城崧文轩,住宅,青浦,赵巷,上海,fang.com
崧泽华城青湖苑,住宅,青浦,赵巷,上海,fang.com
联美品悦,住宅,青浦,赵巷,上海,fang.com
绿地新里派克公馆,住宅,青浦,赵巷,上海,fang.com
鑫苑壹品世家,住宅,青浦,赵巷,上海,fang.com
大发融悦四季,住宅,青浦,赵巷,上海,fang.com
崧泽华城崧涵庭,住宅,青浦,赵巷,上海,fang.com
崧泽华城青湖轩,住宅,青浦,赵巷,上海,fang.com
御澜山,住宅,青浦,赵巷,上海,fang.com
宝业爱多邦,住宅,青浦,赵巷,上海,fang.com
龙湖紫悦湾,住宅,青浦,赵巷,上海,fang.com
崧泽华城逸泰雅苑,住宅,青浦,赵巷,上海,fang.com
大名城映辰,住宅,青浦,赵巷,上海,fang.com
崧泽华城崧文阁,住宅,青浦,赵巷,上海,fang.com
佳兆业君汇上品,住宅,青浦,重固,上海,fang.com
新里波洛克公馆,住宅,青浦,重固,上海,fang.com
万科尚景苑公寓,住宅,青浦,重固,上海,fang.com
康汇雅苑,住宅,青浦,重固,上海,fang.com
康浦景庭,住宅,青浦,重固,上海,fang.com
现代华庭二期,住宅,青浦,重固,上海,fang.com
中建锦绣溪庭,住宅,青浦,重固,上海,fang.com
现代华庭一期,住宅,青浦,重固,上海,fang.com
康博佳苑,住宅,青浦,重固,上海,fang.com
逸皓华庭,住宅,青浦,重固,上海,fang.com
夏阳金城一期,住宅,青浦,重固,上海,fang.com
夏阳金城二期,住宅,青浦,重固,上海,fang.com
万科尚源,住宅,青浦,重固,上海,fang.com
保利虹桥和颂,住宅,青浦,重固,上海,fang.com
中铁逸都,住宅,青浦,青浦城区,上海,fang.com
新青浦佳园,住宅,青浦,青浦城区,上海,fang.com
梦丹苑,住宅,青浦,青浦城区,上海,fang.com
怡田小区,住宅,青浦,青浦城区,上海,fang.com
吉富绅花园,住宅,青浦,青浦城区,上海,fang.com
华骥苑,住宅,青浦,青浦城区,上海,fang.com
景瑞城中公园,住宅,青浦,青浦城区,上海,fang.com
富力桃园,住宅,青浦,青浦城区,上海,fang.com
运杰城市花园,住宅,青浦,青浦城区,上海,fang.com
夏阳湖国际花园,住宅,青浦,青浦城区,上海,fang.com
民乐佳苑,住宅,青浦,青浦城区,上海,fang.com
葛洲坝玉兰花园南区,住宅,青浦,青浦城区,上海,fang.com
盛誉世家,住宅,青浦,青浦城区,上海,fang.com
帕缇欧香苑公寓,住宅,青浦,青浦城区,上海,fang.com
界泾港新村,住宅,青浦,青浦城区,上海,fang.com
旭辉玫瑰湾,住宅,青浦,青浦城区,上海,fang.com
宜达新居,住宅,青浦,青浦城区,上海,fang.com
富绅时代公馆,住宅,青浦,青浦城区,上海,fang.com
新青浦花苑,住宅,青浦,青浦城区,上海,fang.com
祥龙小区,住宅,青浦,青浦城区,上海,fang.com
桂花园青浦,住宅,青浦,青浦城区,上海,fang.com
新城盛世,住宅,青浦,青浦城区,上海,fang.com
顺驰蓝湾,住宅,青浦,青浦城区,上海,fang.com
新城忆华里,住宅,青浦,青浦城区,上海,fang.com
锦泽苑,住宅,青浦,青浦城区,上海,fang.com
淞浦花园,住宅,青浦,青浦城区,上海,fang.com
首创禧悦风华,住宅,青浦,青浦城区,上海,fang.com
城东新村,住宅,青浦,青浦城区,上海,fang.com
葛洲坝玉兰花园北区,住宅,青浦,青浦城区,上海,fang.com
仁恒运杰河滨花园,住宅,青浦,青浦城区,上海,fang.com
御澜湾,住宅,青浦,青浦城区,上海,fang.com
青水湾公寓,住宅,青浦,青浦城区,上海,fang.com
葛洲坝融创虹桥玫瑰公馆,住宅,青浦,青浦城区,上海,fang.com
金地格林郡,住宅,青浦,青浦城区,上海,fang.com
浩泽家园,住宅,青浦,青浦城区,上海,fang.com
新锦港花园,住宅,青浦,青浦城区,上海,fang.com
西郊宸章,住宅,青浦,青浦城区,上海,fang.com
蓬莱山庄,住宅,青浦,青浦城区,上海,fang.com
鑫塔水尚,住宅,青浦,青浦城区,上海,fang.com
贺桥公寓,住宅,青浦,青浦城区,上海,fang.com
五浦汇A区新塘苑,住宅,青浦,青浦城区,上海,fang.com
浦汇新村,住宅,青浦,青浦城区,上海,fang.com
青浦佳乐苑,住宅,青浦,青浦城区,上海,fang.com
首创禧悦翠庭,住宅,青浦,青浦城区,上海,fang.com
万寿新村青浦,住宅,青浦,青浦城区,上海,fang.com
五浦汇C区顾会庭,住宅,青浦,青浦城区,上海,fang.com
新城逸境园,住宅,青浦,青浦城区,上海,fang.com
大发融悦,住宅,青浦,青浦城区,上海,fang.com
金域水岸苑,住宅,青浦,青浦城区,上海,fang.com
清河湾佳苑,住宅,青浦,青浦城区,上海,fang.com
西部花苑,住宅,青浦,青浦城区,上海,fang.com
旭辉百合宫馆,住宅,青浦,青浦城区,上海,fang.com
章浜新村,住宅,青浦,青浦城区,上海,fang.com
景港名人苑,住宅,青浦,青浦城区,上海,fang.com
亲水半岛苑,住宅,青浦,青浦城区,上海,fang.com
双桥公寓,住宅,青浦,青浦城区,上海,fang.com
盈湖三岛公寓,住宅,青浦,青浦城区,上海,fang.com
宝业活力天地,住宅,青浦,青浦城区,上海,fang.com
保利,住宅,青浦,青浦城区,上海,fang.com
晨兴公寓,住宅,青浦,青浦城区,上海,fang.com
都汇华庭,住宅,青浦,青浦城区,上海,fang.com
东渡青筑,住宅,青浦,青浦城区,上海,fang.com
庆华苑,住宅,青浦,青浦城区,上海,fang.com
盈中新村,住宅,青浦,青浦城区,上海,fang.com
盈浦公寓,住宅,青浦,青浦城区,上海,fang.com
保安新村,住宅,青浦,青浦城区,上海,fang.com
国际丽都城,住宅,静安,南京西路,上海,fang.com
上海壹街区,住宅,静安,南京西路,上海,fang.com
中凯城市之光,住宅,静安,南京西路,上海,fang.com
四方新城,住宅,静安,南京西路,上海,fang.com
静安别墅公寓,住宅,静安,南京西路,上海,fang.com
模范村,住宅,静安,南京西路,上海,fang.com
四明村,住宅,静安,南京西路,上海,fang.com
慈惠北里,住宅,静安,南京西路,上海,fang.com
德义大楼,住宅,静安,南京西路,上海,fang.com
经典茂名公寓,住宅,静安,南京西路,上海,fang.com
铜仁小区,住宅,静安,南京西路,上海,fang.com
润康村,住宅,静安,南京西路,上海,fang.com
长乐路672弄,住宅,静安,南京西路,上海,fang.com
成都北路515弄小区,住宅,静安,南京西路,上海,fang.com
大兴里,住宅,静安,南京西路,上海,fang.com
华业小区,住宅,静安,南京西路,上海,fang.com
静安四季苑,住宅,静安,南京西路,上海,fang.com
林邨,住宅,静安,南京西路,上海,fang.com
南阳大楼,住宅,静安,南京西路,上海,fang.com
达安城,住宅,静安,南京西路,上海,fang.com
新梅共和城,住宅,静安,大宁,上海,fang.com
宝华现代城,住宅,静安,大宁,上海,fang.com
大宁金茂府,住宅,静安,大宁,上海,fang.com
歌林春天,住宅,静安,大宁,上海,fang.com
慧芝湖花园二期,住宅,静安,大宁,上海,fang.com
大宁瑞仕花园,住宅,静安,大宁,上海,fang.com
静安天悦,住宅,静安,大宁,上海,fang.com
明园森林都市,住宅,静安,大宁,上海,fang.com
慧芝湖花园一期,住宅,静安,大宁,上海,fang.com
久乐苑,住宅,静安,大宁,上海,fang.com
共康四村,住宅,静安,彭浦,上海,fang.com
三泉家园,住宅,静安,彭浦,上海,fang.com
艺康苑,住宅,静安,彭浦,上海,fang.com
康平小区,住宅,静安,彭浦,上海,fang.com
银都一村(闸北),住宅,静安,彭浦,上海,fang.com
三泉公寓,住宅,静安,彭浦,上海,fang.com
幸福第一公寓,住宅,静安,彭浦,上海,fang.com
保德公寓,住宅,静安,彭浦,上海,fang.com
彭新小区,住宅,静安,彭浦,上海,fang.com
临汾路1515弄小区,住宅,静安,彭浦,上海,fang.com
彭豪公寓,住宅,静安,彭浦,上海,fang.com
三泉路415弄小区,住宅,静安,彭浦,上海,fang.com
曲沃小区,住宅,静安,彭浦,上海,fang.com
和源名城,住宅,静安,彭浦,上海,fang.com
星城花苑,住宅,静安,彭浦,上海,fang.com
保德小区(闸北),住宅,静安,彭浦,上海,fang.com
彭浦新村,住宅,静安,彭浦,上海,fang.com
星纪花苑,住宅,静安,彭浦,上海,fang.com
兴泉小区,住宅,静安,彭浦,上海,fang.com
共康三村,住宅,静安,彭浦,上海,fang.com
康泉公寓,住宅,静安,彭浦,上海,fang.com
龙馨嘉园,住宅,静安,彭浦,上海,fang.com
闻喜华庭,住宅,静安,彭浦,上海,fang.com
保德路1316弄小区,住宅,静安,彭浦,上海,fang.com
昌盛苑,住宅,静安,彭浦,上海,fang.com
成佳业公寓,住宅,静安,彭浦,上海,fang.com
临汾名城,住宅,静安,彭浦,上海,fang.com
临汾路1564弄小区,住宅,静安,彭浦,上海,fang.com
平顺小区,住宅,静安,彭浦,上海,fang.com
闻喜小区,住宅,静安,彭浦,上海,fang.com
星林苑,住宅,静安,彭浦,上海,fang.com
幸福新苑,住宅,静安,彭浦,上海,fang.com
阳曲路570弄小区,住宅,静安,彭浦,上海,fang.com
保德路662弄小区,住宅,静安,彭浦,上海,fang.com
保平小区,住宅,静安,彭浦,上海,fang.com
白玉兰馨园,住宅,静安,彭浦,上海,fang.com
场中小区,住宅,静安,彭浦,上海,fang.com
景凤小区,住宅,静安,彭浦,上海,fang.com
金泉苑(闸北),住宅,静安,彭浦,上海,fang.com
绿泉公寓,住宅,静安,彭浦,上海,fang.com
临汾花园,住宅,静安,彭浦,上海,fang.com
岭南路100弄小区,住宅,静安,彭浦,上海,fang.com
彭五小区,住宅,静安,彭浦,上海,fang.com
闻喜路1223弄小区,住宅,静安,彭浦,上海,fang.com
新悦坊,住宅,静安,彭浦,上海,fang.com
保德路241弄小区,住宅,静安,彭浦,上海,fang.com
场中路2601弄小区,住宅,静安,彭浦,上海,fang.com
共和新路4605弄小区,住宅,静安,彭浦,上海,fang.com
共康前进公寓,住宅,静安,彭浦,上海,fang.com
恒安小区,住宅,静安,彭浦,上海,fang.com
苏河融景,住宅,静安,新客站,上海,fang.com
东方莱茵,住宅,静安,新客站,上海,fang.com
静安天御,住宅,静安,新客站,上海,fang.com
精文城上城,住宅,静安,新客站,上海,fang.com
凯德星贸邸,住宅,静安,新客站,上海,fang.com
龙盛·福新里,住宅,静安,新客站,上海,fang.com
南星小区,住宅,静安,新客站,上海,fang.com
卓悦居,住宅,静安,新客站,上海,fang.com
北方佳苑,住宅,静安,新客站,上海,fang.com
海联公寓,住宅,静安,新客站,上海,fang.com
苏河湾1号,住宅,静安,新客站,上海,fang.com
中海万锦城一期,住宅,静安,新客站,上海,fang.com
北美枫情,住宅,静安,新客站,上海,fang.com
华祺苑,住宅,静安,新客站,上海,fang.com
汉中小区,住宅,静安,新客站,上海,fang.com
金融街融府,住宅,静安,新客站,上海,fang.com
达安花园,住宅,静安,曹家渡,上海,fang.com
高荣小区,住宅,静安,曹家渡,上海,fang.com
三和花园,住宅,静安,曹家渡,上海,fang.com
姚西小区,住宅,静安,曹家渡,上海,fang.com
沪中新苑,住宅,静安,曹家渡,上海,fang.com
静安阳光名都,住宅,静安,曹家渡,上海,fang.com
均泰丽轩,住宅,静安,曹家渡,上海,fang.com
四和花园,住宅,静安,曹家渡,上海,fang.com
中行小区,住宅,静安,曹家渡,上海,fang.com
九龙仓静安壹号,住宅,静安,曹家渡,上海,fang.com
金融街静安中心,住宅,静安,曹家渡,上海,fang.com
欣宏嘉园,住宅,静安,曹家渡,上海,fang.com
三鑫花苑,住宅,静安,曹家渡,上海,fang.com
怡乐花园,住宅,静安,曹家渡,上海,fang.com
长华公寓,住宅,静安,曹家渡,上海,fang.com
瀚林世家,住宅,静安,曹家渡,上海,fang.com
华纺小区,住宅,静安,曹家渡,上海,fang.com
新丰小区,住宅,静安,曹家渡,上海,fang.com
银华苑(静安),住宅,静安,曹家渡,上海,fang.com
宏安家园,住宅,静安,曹家渡,上海,fang.com
静安丽舍北区,住宅,静安,曹家渡,上海,fang.com
静安艺阁,住宅,静安,曹家渡,上海,fang.com
森凯苑,住宅,静安,曹家渡,上海,fang.com
万航公寓,住宅,静安,曹家渡,上海,fang.com
长丰公寓,住宅,静安,曹家渡,上海,fang.com
静安四季公寓,住宅,静安,曹家渡,上海,fang.com
静安桂花园,住宅,静安,曹家渡,上海,fang.com
静安凤凰苑,住宅,静安,曹家渡,上海,fang.com
静安城,住宅,静安,曹家渡,上海,fang.com
同济佳苑,住宅,静安,曹家渡,上海,fang.com
益民公寓,住宅,静安,曹家渡,上海,fang.com
静安风华苑,住宅,静安,曹家渡,上海,fang.com
静安锦都,住宅,静安,曹家渡,上海,fang.com
康定路1299弄小区,住宅,静安,曹家渡,上海,fang.com
鑫阳公寓,住宅,静安,曹家渡,上海,fang.com
延康小区,住宅,静安,曹家渡,上海,fang.com
怡甸公寓,住宅,静安,曹家渡,上海,fang.com
长城小区,住宅,静安,曹家渡,上海,fang.com
鸿力公寓,住宅,静安,曹家渡,上海,fang.com
海影大厦,住宅,静安,曹家渡,上海,fang.com
静安恬园,住宅,静安,曹家渡,上海,fang.com
静安康寓,住宅,静安,曹家渡,上海,fang.com
家化绿苑,住宅,静安,曹家渡,上海,fang.com
锦安公寓,住宅,静安,曹家渡,上海,fang.com
静鼎安邦府邸,住宅,静安,曹家渡,上海,fang.com
静安府东区,住宅,静安,永和,上海,fang.com
明园森林都市涵翠苑,住宅,静安,永和,上海,fang.com
象屿大宁悦府,住宅,静安,永和,上海,fang.com
华发华润静安府,住宅,静安,永和,上海,fang.com
仁恒静安世纪,住宅,静安,永和,上海,fang.com
静安映,住宅,静安,永和,上海,fang.com
静安豪景苑,住宅,静安,江宁路,上海,fang.com
君御豪庭,住宅,静安,江宁路,上海,fang.com
静安河滨花园,住宅,静安,江宁路,上海,fang.com
达安锦园,住宅,静安,江宁路,上海,fang.com
静安晶华园,住宅,静安,江宁路,上海,fang.com
静安枫景苑,住宅,静安,江宁路,上海,fang.com
远中风华园,住宅,静安,江宁路,上海,fang.com
达安锦园二期,住宅,静安,江宁路,上海,fang.com
静安苏堤,住宅,静安,江宁路,上海,fang.com
东海园,住宅,静安,江宁路,上海,fang.com
东安公寓,住宅,静安,江宁路,上海,fang.com
泰府名邸,住宅,静安,江宁路,上海,fang.com
新福康里,住宅,静安,江宁路,上海,fang.com
怡景苑,住宅,静安,江宁路,上海,fang.com
海防村,住宅,静安,江宁路,上海,fang.com
鸿印里,住宅,静安,江宁路,上海,fang.com
静安兴海城,住宅,静安,江宁路,上海,fang.com
康宁大楼,住宅,静安,江宁路,上海,fang.com
良友大楼(静安),住宅,静安,江宁路,上海,fang.com
静安顺德苑,住宅,静安,江宁路,上海,fang.com
句容小区,住宅,静安,江宁路,上海,fang.com
丽致公寓,住宅,静安,江宁路,上海,fang.com
三乐小区,住宅,静安,江宁路,上海,fang.com
武定坊,住宅,静安,江宁路,上海,fang.com
新江大楼,住宅,静安,江宁路,上海,fang.com
永昌大厦,住宅,静安,江宁路,上海,fang.com
常德路958弄小区,住宅,静安,江宁路,上海,fang.com
大闻丽都苑,住宅,静安,江宁路,上海,fang.com
华侨城苏河湾,住宅,静安,西藏北路,上海,fang.com
万科翡翠雅宾利,住宅,静安,西藏北路,上海,fang.com
新湖青蓝国际,住宅,静安,西藏北路,上海,fang.com
中粮天悦壹号,住宅,静安,西藏北路,上海,fang.com
中兴路一号,住宅,静安,西藏北路,上海,fang.com
河滨豪园,住宅,静安,西藏北路,上海,fang.com
铭德传奇·漪景庭,住宅,静安,西藏北路,上海,fang.com
宝珀公寓,住宅,静安,西藏北路,上海,fang.com
复地新都国际,住宅,静安,西藏北路,上海,fang.com
绿洲雅宾利花园一期,住宅,静安,西藏北路,上海,fang.com
绿洲雅宾利花园二期,住宅,静安,西藏北路,上海,fang.com
蒙特利名都城,住宅,静安,西藏北路,上海,fang.com
苏河湾中心润府,住宅,静安,西藏北路,上海,fang.com
富邑华庭,住宅,静安,西藏北路,上海,fang.com
嘉利明珠城,住宅,静安,闸北公园,上海,fang.com
锦灏佳园,住宅,静安,闸北公园,上海,fang.com
景峰苑,住宅,静安,阳城,上海,fang.com
大华阳城花园,住宅,静安,阳城,上海,fang.com
大华阳城三期星城美景,住宅,静安,阳城,上海,fang.com
嘉天汇公寓,住宅,静安,静安寺,上海,fang.com
嘉园,住宅,静安,静安寺,上海,fang.com
申田大楼,住宅,静安,静安寺,上海,fang.com
新静安都市,住宅,静安,静安寺,上海,fang.com
长乐小区,住宅,静安,静安寺,上海,fang.com
京州大楼,住宅,静安,静安寺,上海,fang.com
融创滨江壹号院,住宅,黄浦,世博滨江,上海,fang.com
绿地黄浦滨江,住宅,黄浦,世博滨江,上海,fang.com
中山南一路1012弄小区,住宅,黄浦,世博滨江,上海,fang.com
卢湾城市花园,住宅,黄浦,世博滨江,上海,fang.com
紫荆新苑,住宅,黄浦,世博滨江,上海,fang.com
春江大楼,住宅,黄浦,世博滨江,上海,fang.com
卢湾滨江时代,住宅,黄浦,世博滨江,上海,fang.com
春江小区,住宅,黄浦,世博滨江,上海,fang.com
汇龙新城,住宅,黄浦,五里桥,上海,fang.com
永业公寓,住宅,黄浦,五里桥,上海,fang.com
新家坡园景苑,住宅,黄浦,五里桥,上海,fang.com
丽园新村,住宅,黄浦,五里桥,上海,fang.com
永业仁德坊,住宅,黄浦,五里桥,上海,fang.com
开城新苑,住宅,黄浦,五里桥,上海,fang.com
卢湾都市花园,住宅,黄浦,五里桥,上海,fang.com
桃源兴城苑,住宅,黄浦,五里桥,上海,fang.com
大众汽车公寓,住宅,黄浦,五里桥,上海,fang.com
北蒙三小区,住宅,黄浦,五里桥,上海,fang.com
德福苑,住宅,黄浦,五里桥,上海,fang.com
局后小区,住宅,黄浦,五里桥,上海,fang.com
江南造船新苑,住宅,黄浦,五里桥,上海,fang.com
斜土路486弄小区,住宅,黄浦,五里桥,上海,fang.com
江南世纪新苑,住宅,黄浦,五里桥,上海,fang.com
爱心公寓,住宅,黄浦,五里桥,上海,fang.com
东都公寓,住宅,黄浦,五里桥,上海,fang.com
复兴佳苑,住宅,黄浦,五里桥,上海,fang.com
瞿溪路838-850号小区,住宅,黄浦,五里桥,上海,fang.com
丽园路574弄小区,住宅,黄浦,五里桥,上海,fang.com
蒙自路601弄小区,住宅,黄浦,五里桥,上海,fang.com
蒙自新村,住宅,黄浦,五里桥,上海,fang.com
蒙自路395弄小区,住宅,黄浦,五里桥,上海,fang.com
中汇公寓,住宅,黄浦,五里桥,上海,fang.com
制造局路646弄小区,住宅,黄浦,五里桥,上海,fang.com
百溪公寓,住宅,黄浦,五里桥,上海,fang.com
海上梦苑,住宅,黄浦,五里桥,上海,fang.com
局门路434弄小区,住宅,黄浦,五里桥,上海,fang.com
瞿溪坊,住宅,黄浦,五里桥,上海,fang.com
瞿溪路830弄公房,住宅,黄浦,五里桥,上海,fang.com
瞿溪路904弄小区,住宅,黄浦,五里桥,上海,fang.com
丽丽小区,住宅,黄浦,五里桥,上海,fang.com
蒙西小区,住宅,黄浦,五里桥,上海,fang.com
五里桥路260弄小区,住宅,黄浦,五里桥,上海,fang.com
百汇大厦,住宅,黄浦,五里桥,上海,fang.com
城申公寓,住宅,黄浦,五里桥,上海,fang.com
上海滩新昌城,住宅,黄浦,人民广场,上海,fang.com
金色家园,住宅,黄浦,人民广场,上海,fang.com
长江公寓,住宅,黄浦,人民广场,上海,fang.com
海玥·黄浦源,住宅,黄浦,人民广场,上海,fang.com
金瓯万国大厦,住宅,黄浦,人民广场,上海,fang.com
平和里公寓,住宅,黄浦,人民广场,上海,fang.com
宏泰公寓,住宅,黄浦,人民广场,上海,fang.com
威海小区,住宅,黄浦,人民广场,上海,fang.com
华盛大公馆,住宅,黄浦,人民广场,上海,fang.com
爵士阅,住宅,黄浦,人民广场,上海,fang.com
威海苑,住宅,黄浦,人民广场,上海,fang.com
文海大楼,住宅,黄浦,人民广场,上海,fang.com
祥康里,住宅,黄浦,人民广场,上海,fang.com
福海公寓,住宅,黄浦,人民广场,上海,fang.com
中福城二期,住宅,黄浦,南京东路,上海,fang.com
同兴大楼,住宅,黄浦,南京东路,上海,fang.com
中福城三期,住宅,黄浦,南京东路,上海,fang.com
中福城一期,住宅,黄浦,南京东路,上海,fang.com
瑞福大楼北楼,住宅,黄浦,南京东路,上海,fang.com
山北小区,住宅,黄浦,南京东路,上海,fang.com
松柏公寓,住宅,黄浦,南京东路,上海,fang.com
福州大楼,住宅,黄浦,南京东路,上海,fang.com
海悦花园,住宅,黄浦,打浦桥,上海,fang.com
瑞南新苑,住宅,黄浦,打浦桥,上海,fang.com
斜土新村,住宅,黄浦,打浦桥,上海,fang.com
思南新苑,住宅,黄浦,打浦桥,上海,fang.com
五岭小区,住宅,黄浦,打浦桥,上海,fang.com
步高苑,住宅,黄浦,打浦桥,上海,fang.com
海华花园,住宅,黄浦,打浦桥,上海,fang.com
瞿西新村,住宅,黄浦,打浦桥,上海,fang.com
明德坊,住宅,黄浦,打浦桥,上海,fang.com
东晖花苑,住宅,黄浦,打浦桥,上海,fang.com
大同花园,住宅,黄浦,打浦桥,上海,fang.com
打浦大楼,住宅,黄浦,打浦桥,上海,fang.com
南园小区,住宅,黄浦,打浦桥,上海,fang.com
瑞金花园,住宅,黄浦,打浦桥,上海,fang.com
大同花园三期,住宅,黄浦,打浦桥,上海,fang.com
康瞿大楼,住宅,黄浦,打浦桥,上海,fang.com
绿洲仕格维花园,住宅,黄浦,打浦桥,上海,fang.com
打浦路339弄小区,住宅,黄浦,打浦桥,上海,fang.com
瞿溪路1145弄小区,住宅,黄浦,打浦桥,上海,fang.com
瑞金二路225弄小区,住宅,黄浦,打浦桥,上海,fang.com
郁金香花苑,住宅,黄浦,打浦桥,上海,fang.com
德玛公寓,住宅,黄浦,打浦桥,上海,fang.com
打浦路303弄小区,住宅,黄浦,打浦桥,上海,fang.com
海丽花园,住宅,黄浦,打浦桥,上海,fang.com
南塘浜路93弄小区,住宅,黄浦,打浦桥,上海,fang.com
复兴南苑,住宅,黄浦,打浦桥,上海,fang.com
翠湖天地隽荟,住宅,黄浦,新天地,上海,fang.com
老西门新苑,住宅,黄浦,新天地,上海,fang.com
中海建国里,住宅,黄浦,新天地,上海,fang.com
淡水湾花园,住宅,黄浦,新天地,上海,fang.com
公馆77,住宅,黄浦,新天地,上海,fang.com
复兴坊,住宅,黄浦,新天地,上海,fang.com
建德坊,住宅,黄浦,新天地,上海,fang.com
思南公馆东苑,住宅,黄浦,新天地,上海,fang.com
重庆公寓,住宅,黄浦,新天地,上海,fang.com
马当小区,住宅,黄浦,新天地,上海,fang.com
花园坊,住宅,黄浦,新天地,上海,fang.com
步高里,住宅,黄浦,新天地,上海,fang.com
花园公寓(卢湾),住宅,黄浦,新天地,上海,fang.com
永丰邨,住宅,黄浦,新天地,上海,fang.com
合肥路345号小区,住宅,黄浦,新天地,上海,fang.com
永嘉路19弄新里,住宅,黄浦,新天地,上海,fang.com
复兴苑,住宅,黄浦,新天地,上海,fang.com
翠湖天地御苑,住宅,黄浦,淮海中路,上海,fang.com
巴黎公寓,住宅,黄浦,淮海中路,上海,fang.com
凯德茂名公馆,住宅,黄浦,淮海中路,上海,fang.com
翠湖天地嘉苑,住宅,黄浦,淮海中路,上海,fang.com
华府天地,住宅,黄浦,淮海中路,上海,fang.com
翠湖五集,住宅,黄浦,淮海中路,上海,fang.com
人民坊,住宅,黄浦,淮海中路,上海,fang.com
金鹿大楼,住宅,黄浦,淮海中路,上海,fang.com
长乐村,住宅,黄浦,淮海中路,上海,fang.com
翠湖天地雅苑,住宅,黄浦,淮海中路,上海,fang.com
长乐路434弄小区,住宅,黄浦,淮海中路,上海,fang.com
锦麟天地,住宅,黄浦,淮海中路,上海,fang.com
淮海晶华,住宅,黄浦,淮海中路,上海,fang.com
复兴中路480弄,住宅,黄浦,淮海中路,上海,fang.com
兰馨公寓,住宅,黄浦,淮海中路,上海,fang.com
乐安坊,住宅,黄浦,淮海中路,上海,fang.com
明德里,住宅,黄浦,淮海中路,上海,fang.com
重庆南路30弄小区,住宅,黄浦,淮海中路,上海,fang.com
淡水路214弄小区,住宅,黄浦,淮海中路,上海,fang.com
复兴珑御,住宅,黄浦,老西门,上海,fang.com
明日星城,住宅,黄浦,老西门,上海,fang.com
黄浦国际,住宅,黄浦,老西门,上海,fang.com
五坊园,住宅,黄浦,老西门,上海,fang.com
太阳都市花园,住宅,黄浦,老西门,上海,fang.com
露香园,住宅,黄浦,老西门,上海,fang.com
士林华苑,住宅,黄浦,老西门,上海,fang.com
雅庐苑,住宅,黄浦,老西门,上海,fang.com
东淮海公寓,住宅,黄浦,老西门,上海,fang.com
黄浦众鑫城,住宅,黄浦,老西门,上海,fang.com
惠德公寓,住宅,黄浦,老西门,上海,fang.com
实华公寓,住宅,黄浦,老西门,上海,fang.com
佳日公寓,住宅,黄浦,老西门,上海,fang.com
露香园·云宸,住宅,黄浦,老西门,上海,fang.com
露香苑,住宅,黄浦,老西门,上海,fang.com
中华东波,住宅,黄浦,老西门,上海,fang.com
大林大楼,住宅,黄浦,老西门,上海,fang.com
绿城黄浦湾,住宅,黄浦,董家渡,上海,fang.com
泛海国际住区,住宅,黄浦,董家渡,上海,fang.com
华润外滩九里,住宅,黄浦,董家渡,上海,fang.com
上海滩花园,住宅,黄浦,董家渡,上海,fang.com
海琪园,住宅,黄浦,董家渡,上海,fang.com
绿地海珀外滩,住宅,黄浦,董家渡,上海,fang.com
外滩公馆,住宅,黄浦,董家渡,上海,fang.com
金南新苑群英荟,住宅,黄浦,董家渡,上海,fang.com
阳光里二期,住宅,黄浦,董家渡,上海,fang.com
悦来小区,住宅,黄浦,董家渡,上海,fang.com
阳光公寓,住宅,黄浦,董家渡,上海,fang.com
阳光里一期(黄浦),住宅,黄浦,董家渡,上海,fang.com
海珀黄浦,住宅,黄浦,蓬莱公园,上海,fang.com
黄浦新苑,住宅,黄浦,蓬莱公园,上海,fang.com
海洲国际华园,住宅,黄浦,蓬莱公园,上海,fang.com
黄浦丽园,住宅,黄浦,蓬莱公园,上海,fang.com
明珠家园,住宅,黄浦,蓬莱公园,上海,fang.com
华府天地睿园,住宅,黄浦,蓬莱公园,上海,fang.com
弘辉名苑,住宅,黄浦,蓬莱公园,上海,fang.com
蓬莱家园,住宅,黄浦,蓬莱公园,上海,fang.com
黄浦华庭,住宅,黄浦,蓬莱公园,上海,fang.com
豫景公寓,住宅,黄浦,蓬莱公园,上海,fang.com
西凌新邨,住宅,黄浦,蓬莱公园,上海,fang.com
百花公寓,住宅,黄浦,蓬莱公园,上海,fang.com
新中苑生活大师,住宅,黄浦,蓬莱公园,上海,fang.com
金日世家,住宅,黄浦,蓬莱公园,上海,fang.com
海潮新村,住宅,黄浦,蓬莱公园,上海,fang.com
锦凯华苑,住宅,黄浦,蓬莱公园,上海,fang.com
瞿溪新村,住宅,黄浦,蓬莱公园,上海,fang.com
豫欣公寓,住宅,黄浦,蓬莱公园,上海,fang.com
黄浦逸城,住宅,黄浦,蓬莱公园,上海,fang.com
瞿四小区,住宅,黄浦,蓬莱公园,上海,fang.com
东元坊,住宅,黄浦,蓬莱公园,上海,fang.com
华浩苑,住宅,黄浦,蓬莱公园,上海,fang.com
东物公寓,住宅,黄浦,蓬莱公园,上海,fang.com
冠浦花园,住宅,黄浦,蓬莱公园,上海,fang.com
瞿二小区,住宅,黄浦,蓬莱公园,上海,fang.com
市民新村,住宅,黄浦,蓬莱公园,上海,fang.com
天柱山路小区,住宅,黄浦,蓬莱公园,上海,fang.com
保屯路50弄小区,住宅,黄浦,蓬莱公园,上海,fang.com
百汇公寓,住宅,黄浦,蓬莱公园,上海,fang.com
恒升大厦,住宅,黄浦,蓬莱公园,上海,fang.com
璞玉ONE,住宅,黄浦,豫园,上海,fang.com
复地雅园,住宅,黄浦,豫园,上海,fang.com
滨江名人苑,住宅,黄浦,黄浦滨江,上海,fang.com
耀江花园,住宅,黄浦,黄浦滨江,上海,fang.com
金外滩花园,住宅,黄浦,黄浦滨江,上海,fang.com
黄浦滩名苑,住宅,黄浦,黄浦滨江,上海,fang.com
中福浦江汇,住宅,黄浦,黄浦滨江,上海,fang.com
中福花苑青年汇,住宅,黄浦,黄浦滨江,上海,fang.com
精文苑,住宅,黄浦,黄浦滨江,上海,fang.com
浦江公馆,住宅,黄浦,黄浦滨江,上海,fang.com
新地大厦,住宅,黄浦,黄浦滨江,上海,fang.com
欣安基公寓,住宅,黄浦,黄浦滨江,上海,fang.com
益元大楼,住宅,黄浦,黄浦滨江,上海,fang.com
百隆诺丁山郡,住宅,余姚,丈亭,宁波,fang.com
春渔溪,住宅,余姚,丈亭,宁波,fang.com
凤凰湾,住宅,余姚,丈亭,宁波,fang.com
丰泽梅园,住宅,余姚,丈亭,宁波,fang.com
绿城金茂·春澜璟园,住宅,余姚,世南东路与巍星路,宁波,fang.com
融创杭州湾壹号(废弃),住宅,余姚,东至规划兴天路南,宁波,fang.com
丰山路213号楼,住宅,余姚,丰山路,宁波,fang.com
漫悦湾四期,住宅,余姚,低塘,宁波,fang.com
辰悦世家,住宅,余姚,低塘,宁波,fang.com
大丰水岸鑫城,住宅,余姚,低塘,宁波,fang.com
丰泽湾公寓,住宅,余姚,低塘,宁波,fang.com
共建路2号楼,住宅,余姚,低塘,宁波,fang.com
汇景园,住宅,余姚,低塘,宁波,fang.com
君豪名都,住宅,余姚,低塘,宁波,fang.com
金海湾,住宅,余姚,低塘,宁波,fang.com
锦绣城市格调,住宅,余姚,低塘,宁波,fang.com
澜郡水岸鑫城二期,住宅,余姚,低塘,宁波,fang.com
一品水岸蓝庭,住宅,余姚,余姚,宁波,fang.com
余姚和雍锦府,住宅,余姚,余姚,宁波,fang.com
保利乔登国际,住宅,余姚,余姚,宁波,fang.com
华润五彩城,住宅,余姚,余姚,宁波,fang.com
湖畔云庭,住宅,余姚,余姚,宁波,fang.com
佳家苑,住宅,余姚,余姚,宁波,fang.com
舜大和园,住宅,余姚,余姚,宁波,fang.com
余姚市中昂江南印,住宅,余姚,余姚其他,宁波,fang.com
晶萃公馆,住宅,余姚,余姚其他,宁波,fang.com
绿地铂澜府,住宅,余姚,余姚其他,宁波,fang.com
华馨家园,住宅,余姚,余姚其他,宁波,fang.com
临山锦园,住宅,余姚,余姚其他,宁波,fang.com
圣汐澜山,住宅,余姚,余姚其他,宁波,fang.com
碧水家园,住宅,余姚,余姚其他,宁波,fang.com
城东佳园怡景苑,住宅,余姚,余姚其他,宁波,fang.com
恒威·国宾半岛,住宅,余姚,余姚其他,宁波,fang.com
金声玉府,住宅,余姚,余姚其他,宁波,fang.com
君悦国际花园,住宅,余姚,余姚其他,宁波,fang.com
金盛玉苑,住宅,余姚,余姚其他,宁波,fang.com
嘉悦城,住宅,余姚,余姚其他,宁波,fang.com
锦华云庭,住宅,余姚,余姚其他,宁波,fang.com
九号院,住宅,余姚,余姚其他,宁波,fang.com
金光大厦(余姚市),住宅,余姚,余姚其他,宁波,fang.com
临山花园,住宅,余姚,余姚其他,宁波,fang.com
绿景雅苑,住宅,余姚,余姚其他,宁波,fang.com
蓝溪华庭,住宅,余姚,余姚其他,宁波,fang.com
梨洲商业广场,住宅,余姚,余姚其他,宁波,fang.com
陆埠镇兰溪村中街,住宅,余姚,余姚其他,宁波,fang.com
珑润世家二期,住宅,余姚,余姚其他,宁波,fang.com
启明星座,住宅,余姚,余姚其他,宁波,fang.com
瑞景佳苑,住宅,余姚,余姚其他,宁波,fang.com
舜大东第,住宅,余姚,余姚其他,宁波,fang.com
陆埠大街小区,住宅,余姚,余姚周边,宁波,fang.com
陈家漕苑,住宅,余姚,余姚城区,宁波,fang.com
海伦堡千樾府,住宅,余姚,余姚城区,宁波,fang.com
华景川溪上云庐,住宅,余姚,余姚城区,宁波,fang.com
黄山公寓,住宅,余姚,余姚城区,宁波,fang.com
锦山府四期,住宅,余姚,余姚城区,宁波,fang.com
水木倾城,住宅,余姚,余姚城区,宁波,fang.com
太平洋国际大厦(南滨江路),住宅,余姚,余姚城区,宁波,fang.com
中江浅水湾,住宅,余姚,余姚城区,宁波,fang.com
安居乐小区,住宅,余姚,余姚城区,宁波,fang.com
白鹂江景,住宅,余姚,余姚城区,宁波,fang.com
碧桂园都会名邸,住宅,余姚,余姚城区,宁波,fang.com
滨江新村,住宅,余姚,余姚城区,宁波,fang.com
滨江路130弄,住宅,余姚,余姚城区,宁波,fang.com
白云小区(余姚市),住宅,余姚,余姚城区,宁波,fang.com
保庆122弄,住宅,余姚,余姚城区,宁波,fang.com
保庆花园,住宅,余姚,余姚城区,宁波,fang.com
北滨江路217号,住宅,余姚,余姚城区,宁波,fang.com
北滨江路158弄小区,住宅,余姚,余姚城区,宁波,fang.com
北滨江路200号小区,住宅,余姚,余姚城区,宁波,fang.com
春江花月,住宅,余姚,余姚城区,宁波,fang.com
长安新村,住宅,余姚,余姚城区,宁波,fang.com
春晓华园,住宅,余姚,余姚城区,宁波,fang.com
城下路72弄,住宅,余姚,余姚城区,宁波,fang.com
长生路24号,住宅,余姚,余姚城区,宁波,fang.com
晨光家园,住宅,余姚,余姚城区,宁波,fang.com
长新新村,住宅,余姚,余姚城区,宁波,fang.com
车站路2号楼,住宅,余姚,余姚城区,宁波,fang.com
春蕾家园,住宅,余姚,余姚城区,宁波,fang.com
东方名苑,住宅,余姚,余姚城区,宁波,fang.com
东江丽景,住宅,余姚,余姚城区,宁波,fang.com
东台公寓,住宅,余姚,余姚城区,宁波,fang.com
德信云宸府,住宅,余姚,余姚城区,宁波,fang.com
杜义弄新区,住宅,余姚,余姚城区,宁波,fang.com
东园新村一期,住宅,余姚,余姚城区,宁波,fang.com
得发花园,住宅,余姚,余姚城区,宁波,fang.com
淡竹弄,住宅,余姚,余姚城区,宁波,fang.com
丹凤新村西区,住宅,余姚,余姚城区,宁波,fang.com
丹凤新村东区,住宅,余姚,余姚城区,宁波,fang.com
大众私家花园,住宅,余姚,余姚城区,宁波,fang.com
大黄桥路68弄,住宅,余姚,余姚城区,宁波,fang.com
电大弄21号楼,住宅,余姚,余姚城区,宁波,fang.com
丹凤小区(西区),住宅,余姚,余姚城区,宁波,fang.com
丹凤小区(东区),住宅,余姚,余姚城区,宁波,fang.com
丰泽华庭,住宅,余姚,余姚城区,宁波,fang.com
富巷新村,住宅,余姚,余姚城区,宁波,fang.com
凤山新村,住宅,余姚,余姚城区,宁波,fang.com
富巷路,住宅,余姚,余姚城区,宁波,fang.com
富达广场,住宅,余姚,余姚城区,宁波,fang.com
丰泽骏园,住宅,余姚,余姚城区,宁波,fang.com
丰南公寓,住宅,余姚,余姚城区,宁波,fang.com
丰山公寓,住宅,余姚,余姚城区,宁波,fang.com
方圆人家,住宅,余姚,余姚城区,宁波,fang.com
古路头公寓,住宅,余姚,余姚城区,宁波,fang.com
共建商苑,住宅,余姚,余姚城区,宁波,fang.com
供销大楼(余姚),住宅,余姚,余姚城区,宁波,fang.com
恒大御澜庭,住宅,余姚,余姚城区,宁波,fang.com
翰府,住宅,余姚,余姚城区,宁波,fang.com
恒威·明峰华都,住宅,余姚,余姚城区,宁波,fang.com
汇翠花园,住宅,余姚,余姚城区,宁波,fang.com
皇山新村,住宅,余姚,余姚城区,宁波,fang.com
皇山桥村安置小区,住宅,余姚,余姚城区,宁波,fang.com
华都大厦,住宅,余姚,余姚城区,宁波,fang.com
胡公岩小区,住宅,余姚,余姚城区,宁波,fang.com
花园新村,住宅,余姚,余姚城区,宁波,fang.com
恒星公寓,住宅,余姚,余姚城区,宁波,fang.com
河姆渡国际花园二期,住宅,余姚,余姚城区,宁波,fang.com
海隆花园,住宅,余姚,余姚城区,宁波,fang.com
金色兰庭,住宅,余姚,余姚城区,宁波,fang.com
金地澜悦,住宅,余姚,余姚城区,宁波,fang.com
金麟府,住宅,余姚,余姚城区,宁波,fang.com
锦山府二期,住宅,余姚,余姚城区,宁波,fang.com
锦绣天城,住宅,余姚,余姚城区,宁波,fang.com
锦绣家园(余姚市),住宅,余姚,余姚城区,宁波,fang.com
锦湖华庭,住宅,余姚,余姚城区,宁波,fang.com
金属公司小区,住宅,余姚,余姚城区,宁波,fang.com
金山名苑,住宅,余姚,余姚城区,宁波,fang.com
金色家园,住宅,余姚,余姚城区,宁波,fang.com
金桂名苑,住宅,余姚,余姚城区,宁波,fang.com
江南新城北区,住宅,余姚,余姚城区,宁波,fang.com
江南新城东区,住宅,余姚,余姚城区,宁波,fang.com
江南华都,住宅,余姚,余姚城区,宁波,fang.com
嘉悦购物广场,住宅,余姚,余姚城区,宁波,fang.com
江都名苑,住宅,余姚,余姚城区,宁波,fang.com
金致府,住宅,余姚,余姚城区,宁波,fang.com
康宁新居,住宅,余姚,余姚城区,宁波,fang.com
科创新城,住宅,余姚,余姚城区,宁波,fang.com
绿城明园,住宅,余姚,余姚城区,宁波,fang.com
绿城·桂语兰庭,住宅,余姚,余姚城区,宁波,fang.com
绿地悦山府,住宅,余姚,余姚城区,宁波,fang.com
蓝城明庐,住宅,余姚,余姚城区,宁波,fang.com
绿城金地·巧园,住宅,余姚,余姚城区,宁波,fang.com
卢浮花园,住宅,余姚,余姚城区,宁波,fang.com
兰馨公寓,住宅,余姚,余姚城区,宁波,fang.com
兰墅公寓三期,住宅,余姚,余姚城区,宁波,fang.com
兰丰苑,住宅,余姚,余姚城区,宁波,fang.com
龙山名都(别墅),住宅,余姚,余姚城区,宁波,fang.com
名仕花园,住宅,余姚,余姚城区,宁波,fang.com
莫家弄1弄小区,住宅,余姚,余姚城区,宁波,fang.com
农业局铁北住宅区,住宅,余姚,余姚城区,宁波,fang.com
南园新村,住宅,余姚,余姚城区,宁波,fang.com
南雷路综合楼,住宅,余姚,余姚城区,宁波,fang.com
南雷里,住宅,余姚,余姚城区,宁波,fang.com
南河新村,住宅,余姚,余姚城区,宁波,fang.com
南滨江路,住宅,余姚,余姚城区,宁波,fang.com
南雷路347弄,住宅,余姚,余姚城区,宁波,fang.com
南雷路70号楼,住宅,余姚,余姚城区,宁波,fang.com
朴石翰府,住宅,余姚,余姚城区,宁波,fang.com
轻工宿舍,住宅,余姚,余姚城区,宁波,fang.com
旗山公寓,住宅,余姚,余姚城区,宁波,fang.com
日月星苑,住宅,余姚,余姚城区,宁波,fang.com
荣安中南新悦府,住宅,余姚,余姚城区,宁波,fang.com
汝湖明珠,住宅,余姚,余姚城区,宁波,fang.com
舜韵华庭,住宅,余姚,余姚城区,宁波,fang.com
舜龙星星港湾,住宅,余姚,余姚城区,宁波,fang.com
盛泰丹桂苑,住宅,余姚,余姚城区,宁波,fang.com
赛格特东城名苑,住宅,余姚,余姚城区,宁波,fang.com
山语江院,住宅,余姚,余姚城区,宁波,fang.com
滨江小区(余姚),住宅,余姚,余姚市区,宁波,fang.com
城东佳园月华苑(西区),住宅,余姚,余姚市区,宁波,fang.com
城东佳园月华苑(东区),住宅,余姚,余姚市区,宁波,fang.com
城东佳园星光苑(西区),住宅,余姚,余姚市区,宁波,fang.com
城东佳园星光苑(东区),住宅,余姚,余姚市区,宁波,fang.com
东欣佳苑,住宅,余姚,余姚市区,宁波,fang.com
光明北路112号楼,住宅,余姚,光明北路,宁波,fang.com
东一路138弄楼,住宅,余姚,兰江,宁波,fang.com
兰馨路148号楼,住宅,余姚,兰馨路,宁波,fang.com
赛格特翰林园,住宅,余姚,兵马司路西侧,宁波,fang.com
观山名邸,住宅,余姚,凤元路,宁波,fang.com
安捷东路3弄小区,住宅,余姚,凤山,宁波,fang.com
干家路村东干新2区,住宅,余姚,凤山,宁波,fang.com
南塘路A-2号楼,住宅,余姚,南塘路,宁波,fang.com
时代云图里,住宅,余姚,城区黄山东路北侧,宁波,fang.com
滨溪星苑,住宅,余姚,大隐镇,宁波,fang.com
安捷东路468号楼,住宅,余姚,安捷东路,宁波,fang.com
德信&amp;新中宇·云成大境,住宅,余姚,新建北路与站南路,宁波,fang.com
蓝城·兰香园,住宅,余姚,梅山路与东环北路,宁波,fang.com
大发融悦府,住宅,余姚,梦麟中学旁,宁波,fang.com
蓝光雍舜府,住宅,余姚,梨州街道城东路与,宁波,fang.com
车站大厦,住宅,余姚,梨洲,宁波,fang.com
郭姆村十二房,住宅,余姚,梨洲,宁波,fang.com
工业路2号楼,住宅,余姚,梨洲,宁波,fang.com
姜家渡村自建房,住宅,余姚,梨洲,宁波,fang.com
桥西商住楼,住宅,余姚,梨洲,宁波,fang.com
河南里6-1号楼,住宅,余姚,河南里,宁波,fang.com
万基河姆景苑,住宅,余姚,河姆渡镇,宁波,fang.com
墙门家园,住宅,余姚,河姆渡镇,宁波,fang.com
仓山弄6号楼,住宅,余姚,泗门,宁波,fang.com
华景川万悦府(二期),住宅,余姚,泗门,宁波,fang.com
金牛西路1号楼,住宅,余姚,泗门,宁波,fang.com
佳源·蓝溪华庭,住宅,余姚,陆埠镇钟山东路与,宁波,fang.com
碧瑶樾府,住宅,北仑,北仑,宁波,fang.com
美的蝴蝶海,住宅,北仑,北仑其他,宁波,fang.com
龙湖景瑞星海彼岸,住宅,北仑,北仑其他,宁波,fang.com
白峰东香茗园,住宅,北仑,北仑其他,宁波,fang.com
龙湖滟澜海岸,住宅,北仑,北仑其他,宁波,fang.com
世茂海滨花园,住宅,北仑,北仑其他,宁波,fang.com
万年卡美丽亚,住宅,北仑,北仑其他,宁波,fang.com
美的映海潮,住宅,北仑,北仑其他,宁波,fang.com
山海丽景,住宅,北仑,北仑其他,宁波,fang.com
绿岛新城安置房项目,住宅,北仑,北仑其他,宁波,fang.com
怡峰家园,住宅,北仑,北仑其他,宁波,fang.com
龙湖华宇云峰原著,住宅,北仑,北仑其他,宁波,fang.com
梅山大酒店,住宅,北仑,北仑其他,宁波,fang.com
德信山语云庄,住宅,北仑,北仑其他,宁波,fang.com
海湾金茂悦,住宅,北仑,北仑其他,宁波,fang.com
中青文化广场,住宅,北仑,大凑,宁波,fang.com
碧海蓝湾,住宅,北仑,大榭街镇,宁波,fang.com
豪都花园,住宅,北仑,大榭街镇,宁波,fang.com
海文花园东区,住宅,北仑,大榭街镇,宁波,fang.com
和美佳苑,住宅,北仑,大榭街镇,宁波,fang.com
海城花园,住宅,北仑,大榭街镇,宁波,fang.com
环球东方港城,住宅,北仑,大碶镇,宁波,fang.com
春江明月,住宅,北仑,大碶镇,宁波,fang.com
荣安花园,住宅,北仑,大碶镇,宁波,fang.com
泰河康园,住宅,北仑,大碶镇,宁波,fang.com
派舍提香,住宅,北仑,大碶镇,宁波,fang.com
世茂世界湾二期,住宅,北仑,大碶镇,宁波,fang.com
富邦世纪广场,住宅,北仑,大碶镇,宁波,fang.com
兴盛家园,住宅,北仑,大碶镇,宁波,fang.com
庐山花园,住宅,北仑,大碶镇,宁波,fang.com
香榭家园,住宅,北仑,大碶镇,宁波,fang.com
永新景园,住宅,北仑,大碶镇,宁波,fang.com
中央风景,住宅,北仑,大碶镇,宁波,fang.com
中河华庭,住宅,北仑,大碶镇,宁波,fang.com
黄山豪庭御府,住宅,北仑,大碶镇,宁波,fang.com
学府茗苑,住宅,北仑,大碶镇,宁波,fang.com
新华园,住宅,北仑,大碶镇,宁波,fang.com
碧水云台,住宅,北仑,大碶镇,宁波,fang.com
华夏如院,住宅,北仑,大碶镇,宁波,fang.com
甬江家园,住宅,北仑,大碶镇,宁波,fang.com
四季桂花园四期晶桂苑,住宅,北仑,大碶镇,宁波,fang.com
中河茗苑,住宅,北仑,大碶镇,宁波,fang.com
碧澜云府,住宅,北仑,大碶镇,宁波,fang.com
光明领尚,住宅,北仑,大碶镇,宁波,fang.com
花样年花郡,住宅,北仑,大碶镇,宁波,fang.com
海天云桥,住宅,北仑,大碶镇,宁波,fang.com
鸿翔锦园,住宅,北仑,大碶镇,宁波,fang.com
四季阳光,住宅,北仑,大碶镇,宁波,fang.com
三峰公寓,住宅,北仑,大碶镇,宁波,fang.com
太河公寓,住宅,北仑,大碶镇,宁波,fang.com
太河盛景,住宅,北仑,大碶镇,宁波,fang.com
新隆新里程,住宅,北仑,大碶镇,宁波,fang.com
新灵峰公寓,住宅,北仑,大碶镇,宁波,fang.com
幸安公寓,住宅,北仑,大碶镇,宁波,fang.com
滨海锦苑,住宅,北仑,大碶镇,宁波,fang.com
华盛小区,住宅,北仑,大碶镇,宁波,fang.com
鸿景湾,住宅,北仑,大碶镇,宁波,fang.com
鸿顺家园,住宅,北仑,大碶镇,宁波,fang.com
九鼎家园,住宅,北仑,大碶镇,宁波,fang.com
锦港佳园,住宅,北仑,大碶镇,宁波,fang.com
江星公寓,住宅,北仑,大碶镇,宁波,fang.com
凯旋华庭,住宅,北仑,大碶镇,宁波,fang.com
满庭坊,住宅,北仑,大碶镇,宁波,fang.com
青林嘉园,住宅,北仑,大碶镇,宁波,fang.com
四季桂花园二期怡桂苑,住宅,北仑,大碶镇,宁波,fang.com
太河丽景,住宅,北仑,大碶镇,宁波,fang.com
新隆碧玉园,住宅,北仑,大碶镇,宁波,fang.com
印东方,住宅,北仑,大碶镇,宁波,fang.com
凤凰家园,住宅,北仑,大碶镇,宁波,fang.com
高望新苑,住宅,北仑,大碶镇,宁波,fang.com
黄金海岸,住宅,北仑,大碶镇,宁波,fang.com
华太家园,住宅,北仑,大碶镇,宁波,fang.com
海天三村,住宅,北仑,大碶镇,宁波,fang.com
里仁花园一期,住宅,北仑,大碶镇,宁波,fang.com
蓝山花园,住宅,北仑,大碶镇,宁波,fang.com
灵峰公寓,住宅,北仑,大碶镇,宁波,fang.com
清水丽庭,住宅,北仑,大碶镇,宁波,fang.com
四明家园,住宅,北仑,大碶镇,宁波,fang.com
塘湾人家二期,住宅,北仑,大碶镇,宁波,fang.com
新艳公寓,住宅,北仑,大碶镇,宁波,fang.com
耀华家园,住宅,北仑,大碶镇,宁波,fang.com
中河丽园,住宅,北仑,大碶镇,宁波,fang.com
滨江·萃语华庭,住宅,北仑,大碶镇,宁波,fang.com
东海明园,住宅,北仑,大碶镇,宁波,fang.com
枫丹新悦,住宅,北仑,大碶镇,宁波,fang.com
福泉公寓,住宅,北仑,大碶镇,宁波,fang.com
锦绣千丈,住宅,北仑,大碶镇,宁波,fang.com
嘉元茗楼,住宅,北仑,大碶镇,宁波,fang.com
里仁花园三期,住宅,北仑,大碶镇,宁波,fang.com
里仁越府,住宅,北仑,大碶镇,宁波,fang.com
美好家园,住宅,北仑,大碶镇,宁波,fang.com
明港公寓,住宅,北仑,大碶镇,宁波,fang.com
光明领峰,住宅,北仑,大碶镇,宁波,fang.com
沁园坊,住宅,北仑,大碶镇,宁波,fang.com
四季华庭,住宅,北仑,大碶镇,宁波,fang.com
世茂世界湾花园,住宅,北仑,大碶镇,宁波,fang.com
四季桂花园三期丹桂苑,住宅,北仑,大碶镇,宁波,fang.com
书香晓苑,住宅,北仑,大碶镇,宁波,fang.com
四季名庭,住宅,北仑,大碶镇,宁波,fang.com
泰山公寓,住宅,北仑,大碶镇,宁波,fang.com
高和锦园,住宅,北仑,小港镇,宁波,fang.com
滨江天街,住宅,北仑,小港镇,宁波,fang.com
浃江小区,住宅,北仑,小港镇,宁波,fang.com
筑香澜庭,住宅,北仑,小港镇,宁波,fang.com
中南锦悦府,住宅,北仑,小港镇,宁波,fang.com
奥克斯·山悦云庭,住宅,北仑,小港镇,宁波,fang.com
东半岛江山99,住宅,北仑,小港镇,宁波,fang.com
港城嘉苑,住宅,北仑,小港镇,宁波,fang.com
海悦国际公寓,住宅,北仑,小港镇,宁波,fang.com
碧桂园御江东,住宅,北仑,小港镇,宁波,fang.com
万科未来之光,住宅,北仑,小港镇,宁波,fang.com
蔚斗新村,住宅,北仑,小港镇,宁波,fang.com
奥园誉景湾花苑,住宅,北仑,小港镇,宁波,fang.com
渡口新村,住宅,北仑,小港镇,宁波,fang.com
东岗碶新村,住宅,北仑,小港镇,宁波,fang.com
港都名宅,住宅,北仑,小港镇,宁波,fang.com
荣安春和景明,住宅,北仑,小港镇,宁波,fang.com
四方家园,住宅,北仑,小港镇,宁波,fang.com
维科半山佳园,住宅,北仑,小港镇,宁波,fang.com
万科未来广场,住宅,北仑,小港镇,宁波,fang.com
万科·未来里,住宅,北仑,小港镇,宁波,fang.com
兴业城市嘉苑,住宅,北仑,小港镇,宁波,fang.com
映云庭,住宅,北仑,小港镇,宁波,fang.com
中南漫悦湾,住宅,北仑,小港镇,宁波,fang.com
奥园誉湖湾,住宅,北仑,小港镇,宁波,fang.com
滨海府,住宅,北仑,小港镇,宁波,fang.com
北仑江南人家,住宅,北仑,小港镇,宁波,fang.com
大同新村,住宅,北仑,小港镇,宁波,fang.com
高塘和苑,住宅,北仑,小港镇,宁波,fang.com
瀚璟府,住宅,北仑,小港镇,宁波,fang.com
华南境园,住宅,北仑,小港镇,宁波,fang.com
和风丽园,住宅,北仑,小港镇,宁波,fang.com
江南和园,住宅,北仑,小港镇,宁波,fang.com
江南逸庭,住宅,北仑,小港镇,宁波,fang.com
锦绣名苑,住宅,北仑,小港镇,宁波,fang.com
江城世家,住宅,北仑,小港镇,宁波,fang.com
景泰家园,住宅,北仑,小港镇,宁波,fang.com
江南华庭,住宅,北仑,小港镇,宁波,fang.com
礼悦东湾,住宅,北仑,小港镇,宁波,fang.com
南岸秀庭,住宅,北仑,小港镇,宁波,fang.com
甜蜜家园,住宅,北仑,小港镇,宁波,fang.com
都会经典,住宅,北仑,新碶镇,宁波,fang.com
华庭公寓,住宅,北仑,新碶镇,宁波,fang.com
中骏合景府,住宅,北仑,新碶镇,宁波,fang.com
大港新村,住宅,北仑,新碶镇,宁波,fang.com
金城花园,住宅,北仑,新碶镇,宁波,fang.com
奥力孚公寓,住宅,北仑,新碶镇,宁波,fang.com
花香维也纳,住宅,北仑,新碶镇,宁波,fang.com
华山新村,住宅,北仑,新碶镇,宁波,fang.com
吉利花苑,住宅,北仑,新碶镇,宁波,fang.com
凯旋府,住宅,北仑,新碶镇,宁波,fang.com
星阳新村,住宅,北仑,新碶镇,宁波,fang.com
太平洋名苑,住宅,北仑,新碶镇,宁波,fang.com
新恒公寓,住宅,北仑,新碶镇,宁波,fang.com
禹洲朗玥府,住宅,北仑,新碶镇,宁波,fang.com
北仑新世纪花园,住宅,北仑,新碶镇,宁波,fang.com
芙蓉家园,住宅,北仑,新碶镇,宁波,fang.com
高峰家园,住宅,北仑,新碶镇,宁波,fang.com
恒阳小区,住宅,北仑,新碶镇,宁波,fang.com
海沣园,住宅,北仑,新碶镇,宁波,fang.com
华艳新村,住宅,北仑,新碶镇,宁波,fang.com
金科玖樾里,住宅,北仑,新碶镇,宁波,fang.com
嘉怡花园,住宅,北仑,新碶镇,宁波,fang.com
新隆蓝天公寓,住宅,北仑,新碶镇,宁波,fang.com
北仑牡丹小区,住宅,北仑,新碶镇,宁波,fang.com
北极星村,住宅,北仑,新碶镇,宁波,fang.com
北仑北电小区,住宅,北仑,新碶镇,宁波,fang.com
滨海先锋,住宅,北仑,新碶镇,宁波,fang.com
港湾人家,住宅,北仑,新碶镇,宁波,fang.com
国贸花园,住宅,北仑,新碶镇,宁波,fang.com
桂香楼,住宅,北仑,新碶镇,宁波,fang.com
高峰家园二期,住宅,北仑,新碶镇,宁波,fang.com
国贸新花园,住宅,北仑,新碶镇,宁波,fang.com
合能星悦中心,住宅,北仑,新碶镇,宁波,fang.com
海天园,住宅,北仑,新碶镇,宁波,fang.com
花峙新村,住宅,北仑,新碶镇,宁波,fang.com
华山路101号,住宅,北仑,新碶镇,宁波,fang.com
金港花苑,住宅,北仑,新碶镇,宁波,fang.com
金秋公寓,住宅,北仑,新碶镇,宁波,fang.com
明道锦园,住宅,北仑,新碶镇,宁波,fang.com
清水绿园,住宅,北仑,新碶镇,宁波,fang.com
桃源里小区,住宅,北仑,新碶镇,宁波,fang.com
天兴御苑,住宅,北仑,新碶镇,宁波,fang.com
太平洋花园广场C区一期,住宅,北仑,新碶镇,宁波,fang.com
芦湾家园,住宅,北仑,柴桥,宁波,fang.com
东海明珠,住宅,北仑,柴桥,宁波,fang.com
芦江小区,住宅,北仑,柴桥,宁波,fang.com
隆顺家园,住宅,北仑,霞浦,宁波,fang.com
九峰小区新霞花园,住宅,北仑,霞浦,宁波,fang.com
东城华园,住宅,北仑,霞浦,宁波,fang.com
光明领御,住宅,北仑,霞浦,宁波,fang.com
国贸梧桐原,住宅,北仑,霞浦,宁波,fang.com
阳光城众安·顺源里,住宅,北仑,霞浦,宁波,fang.com
丁山华庭,住宅,北仑,霞浦,宁波,fang.com
太平洋花园,住宅,北仑,霞浦,宁波,fang.com
海峰佳苑,住宅,北仑,霞浦,宁波,fang.com
东泰家园,住宅,北仑,霞浦,宁波,fang.com
云起府(南区),住宅,北仑,霞浦,宁波,fang.com
金地·悦虹湾,住宅,北仑,霞浦,宁波,fang.com
水华家园,住宅,北仑,霞浦,宁波,fang.com
艾盛春天里,住宅,奉化,商圈,宁波,fang.com
奥克斯·棠悦府,住宅,奉化,奉化,宁波,fang.com
绿城同山玉兰花园,住宅,奉化,奉化,宁波,fang.com
山水桃源,住宅,奉化,奉化,宁波,fang.com
荣安·秋和月明,住宅,奉化,奉化,宁波,fang.com
滨湾府,住宅,奉化,奉化,宁波,fang.com
春秋名都,住宅,奉化,奉化,宁波,fang.com
力邦广场,住宅,奉化,奉化,宁波,fang.com
林语秋月,住宅,奉化,奉化其他,宁波,fang.com
绿城金茂·凤悦印湖,住宅,奉化,奉化其他,宁波,fang.com
恒大御海天下,住宅,奉化,奉化其他,宁波,fang.com
临江茗庭,住宅,奉化,奉化其他,宁波,fang.com
亭湖名庭,住宅,奉化,奉化其他,宁波,fang.com
大爱书院小镇,住宅,奉化,奉化其他,宁波,fang.com
宁南金茂悦,住宅,奉化,奉化其他,宁波,fang.com
黄贤明珠院,住宅,奉化,奉化其他,宁波,fang.com
绿城·锦上月鸣,住宅,奉化,奉化其他,宁波,fang.com
华元溪山华庭,住宅,奉化,奉化其他,宁波,fang.com
绿城·桂语朝阳,住宅,奉化,奉化其他,宁波,fang.com
世茂云玺庐,住宅,奉化,奉化其他,宁波,fang.com
方阳秋棠苑,住宅,奉化,奉化其他,宁波,fang.com
滕上花开,住宅,奉化,奉化其他,宁波,fang.com
中交·蔚泱云城,住宅,奉化,奉化其他,宁波,fang.com
滨海芦庭,住宅,奉化,奉化其他,宁波,fang.com
藏山丽景,住宅,奉化,奉化其他,宁波,fang.com
东腾璟庭,住宅,奉化,奉化其他,宁波,fang.com
福明花园,住宅,奉化,奉化其他,宁波,fang.com
方阳紫薇苑,住宅,奉化,奉化其他,宁波,fang.com
华鸿大发·国璟府,住宅,奉化,奉化其他,宁波,fang.com
恒威·鸣凤府,住宅,奉化,奉化其他,宁波,fang.com
宁南新城,住宅,奉化,奉化其他,宁波,fang.com
宁南新城盈园,住宅,奉化,奉化其他,宁波,fang.com
滕园,住宅,奉化,奉化其他,宁波,fang.com
湾里院子,住宅,奉化,奉化其他,宁波,fang.com
半山御海,住宅,奉化,奉化其他,宁波,fang.com
波导山水桃源,住宅,奉化,奉化其他,宁波,fang.com
宝龙top奉甬新城,住宅,奉化,奉化其他,宁波,fang.com
春江府,住宅,奉化,奉化其他,宁波,fang.com
大发熙悦湖山府,住宅,奉化,奉化其他,宁波,fang.com
天星武岭园,住宅,奉化,奉化其他,宁波,fang.com
海伦堡·沁栖雅苑,住宅,奉化,奉化其他,宁波,fang.com
湖山水岸,住宅,奉化,奉化其他,宁波,fang.com
美龄山庄,住宅,奉化,奉化其他,宁波,fang.com
南苑上都,住宅,奉化,奉化其他,宁波,fang.com
荣安艺尙湾,住宅,奉化,奉化城区,宁波,fang.com
万科未来水岸,住宅,奉化,奉化城区,宁波,fang.com
山海珑湾,住宅,奉化,奉化城区,宁波,fang.com
保亿湖风雅园,住宅,奉化,奉化城区,宁波,fang.com
恒大溪上桃花源,住宅,奉化,奉化城区,宁波,fang.com
宝龙TOD奉甬新城,住宅,奉化,奉化城区,宁波,fang.com
海风四季小区,住宅,奉化,奉化城区,宁波,fang.com
欢乐滨海,住宅,奉化,奉化城区,宁波,fang.com
滨江诺德学府,住宅,奉化,奉化城区,宁波,fang.com
大家上宸,住宅,奉化,奉化城区,宁波,fang.com
保亿未来风景里,住宅,奉化,奉化城区,宁波,fang.com
前横小区,住宅,奉化,奉化城区,宁波,fang.com
长汀弥勒,住宅,奉化,奉化城区,宁波,fang.com
奉化银泰城,住宅,奉化,奉化城区,宁波,fang.com
东隆沁苑,住宅,奉化,奉化城区,宁波,fang.com
冠成国际商业中心,住宅,奉化,奉化城区,宁波,fang.com
锦轩尚都,住宅,奉化,奉化城区,宁波,fang.com
绿城玫瑰园,住宅,奉化,奉化城区,宁波,fang.com
融信宋都南山府,住宅,奉化,奉化城区,宁波,fang.com
仁湖锦庭(奉化),住宅,奉化,奉化城区,宁波,fang.com
阳光茗都,住宅,奉化,奉化城区,宁波,fang.com
宝龙朔园,住宅,奉化,奉化城区,宁波,fang.com
东盈苑,住宅,奉化,奉化城区,宁波,fang.com
江湾四季院,住宅,奉化,奉化城区,宁波,fang.com
锦泰家苑,住宅,奉化,奉化城区,宁波,fang.com
金明家园,住宅,奉化,奉化城区,宁波,fang.com
龙津尚都,住宅,奉化,奉化城区,宁波,fang.com
宁南桂苑,住宅,奉化,奉化城区,宁波,fang.com
南溪家园四区,住宅,奉化,奉化城区,宁波,fang.com
青岭家苑,住宅,奉化,奉化城区,宁波,fang.com
荣安林语春风,住宅,奉化,奉化城区,宁波,fang.com
尚景苑,住宅,奉化,奉化城区,宁波,fang.com
武岭悦府,住宅,奉化,奉化城区,宁波,fang.com
香山美邸,住宅,奉化,奉化城区,宁波,fang.com
云山新语(云立方),住宅,奉化,奉化城区,宁波,fang.com
碧水家苑,住宅,奉化,奉化城区,宁波,fang.com
滨江家苑,住宅,奉化,奉化城区,宁波,fang.com
宝龙雍园,住宅,奉化,奉化城区,宁波,fang.com
长岭社区,住宅,奉化,奉化城区,宁波,fang.com
春晖社区,住宅,奉化,奉化城区,宁波,fang.com
长岭路,住宅,奉化,奉化城区,宁波,fang.com
莼湖街道街西村,住宅,奉化,奉化城区,宁波,fang.com
春晖路25-53号楼,住宅,奉化,奉化城区,宁波,fang.com
东江家园,住宅,奉化,奉化城区,宁波,fang.com
大成路,住宅,奉化,奉化城区,宁波,fang.com
大成社区,住宅,奉化,奉化城区,宁波,fang.com
二村小区,住宅,奉化,奉化城区,宁波,fang.com
奉化亲亲家园,住宅,奉化,奉化城区,宁波,fang.com
城投·隐秀光映里,住宅,奉化,奉化城区,宁波,fang.com
奉化溪口,住宅,奉化,奉化城区,宁波,fang.com
傅琎悦府,住宅,奉化,奉化城区,宁波,fang.com
广平小区,住宅,奉化,奉化城区,宁波,fang.com
广济公寓,住宅,奉化,奉化城区,宁波,fang.com
官亭小区,住宅,奉化,奉化城区,宁波,fang.com
和栖云境,住宅,奉化,奉化城区,宁波,fang.com
锦山明珠,住宅,奉化,奉化城区,宁波,fang.com
金第银座,住宅,奉化,奉化城区,宁波,fang.com
居敬小区,住宅,奉化,奉化城区,宁波,fang.com
锦浦悦府,住宅,奉化,奉化城区,宁波,fang.com
交投绿城·望山澄庐,住宅,奉化,奉化城区,宁波,fang.com
居敬路18-83号小区,住宅,奉化,奉化城区,宁波,fang.com
锦屏北路31-35号楼,住宅,奉化,奉化城区,宁波,fang.com
开城尚都,住宅,奉化,奉化城区,宁波,fang.com
芦溪家苑,住宅,奉化,奉化城区,宁波,fang.com
力邦金溪花园,住宅,奉化,奉化城区,宁波,fang.com
茗山馨舒雅苑,住宅,奉化,奉化城区,宁波,fang.com
梅苑小区,住宅,奉化,奉化城区,宁波,fang.com
庙后董新村,住宅,奉化,奉化城区,宁波,fang.com
梅里达公寓,住宅,奉化,奉化城区,宁波,fang.com
宁兴城市广场,住宅,奉化,奉化城区,宁波,fang.com
滨江小区(奉化),住宅,奉化,尚田,宁波,fang.com
奉化在水一方,住宅,奉化,尚田,宁波,fang.com
后潭村自建房,住宅,奉化,尚田,宁波,fang.com
保利·翡翠城市丨和光城樾,住宅,奉化,岳林,宁波,fang.com
翡丽时光中心,住宅,奉化,岳林,宁波,fang.com
凤璘府,住宅,奉化,岳林,宁波,fang.com
奉化中山锦庭,住宅,奉化,岳林,宁波,fang.com
奉化万达公寓,住宅,奉化,岳林,宁波,fang.com
绿城·桂语映月,住宅,奉化,岳林,宁波,fang.com
中南樾府,住宅,奉化,岳林,宁波,fang.com
东郡尚都,住宅,奉化,岳林,宁波,fang.com
大成东境,住宅,奉化,岳林,宁波,fang.com
奉化中央花园,住宅,奉化,岳林,宁波,fang.com
华鸿国樾府,住宅,奉化,岳林,宁波,fang.com
金水东庭,住宅,奉化,岳林,宁波,fang.com
梁王家园,住宅,奉化,岳林,宁波,fang.com
龙宸璟庭,住宅,奉化,岳林,宁波,fang.com
桥东岸路191-423号,住宅,奉化,岳林,宁波,fang.com
荣安·美安府,住宅,奉化,岳林,宁波,fang.com
时代尚府,住宅,奉化,岳林,宁波,fang.com
升园,住宅,奉化,岳林,宁波,fang.com
祥生君麟府,住宅,奉化,岳林,宁波,fang.com
雍园,住宅,奉化,岳林,宁波,fang.com
白水路小区,住宅,奉化,岳林,宁波,fang.com
保利.翡翠城市丨和光城樾,住宅,奉化,岳林,宁波,fang.com
大田小区,住宅,奉化,岳林,宁波,fang.com
东升路小区(13幢),住宅,奉化,岳林,宁波,fang.com
东升路小区(27-34幢),住宅,奉化,岳林,宁波,fang.com
东升路小区(14-18幢双号),住宅,奉化,岳林,宁波,fang.com
东升路小区(1-9幢单号),住宅,奉化,岳林,宁波,fang.com
东升路小区(2-12幢双号),住宅,奉化,岳林,宁波,fang.com
凤麓和鸣,住宅,奉化,岳林,宁波,fang.com
奉化笙花府,住宅,奉化,岳林,宁波,fang.com
奉白公路2号楼,住宅,奉化,岳林,宁波,fang.com
惠政丽都,住宅,奉化,岳林,宁波,fang.com
金欣家园,住宅,奉化,岳林,宁波,fang.com
久望和园,住宅,奉化,岳林,宁波,fang.com
金钟小区,住宅,奉化,岳林,宁波,fang.com
金钟财富广场,住宅,奉化,岳林,宁波,fang.com
丽江名庭,住宅,奉化,岳林,宁波,fang.com
美安府,住宅,奉化,岳林,宁波,fang.com
鸣凤府,住宅,奉化,岳林,宁波,fang.com
恒安路777号楼,住宅,奉化,恒安路,宁波,fang.com
宝化路99弄小区,住宅,奉化,惠中商城,宁波,fang.com
诚信苑,住宅,奉化,惠中商城,宁波,fang.com
陈家岭(一区),住宅,奉化,惠中商城,宁波,fang.com
雷山村,住宅,奉化,惠中商城,宁波,fang.com
龙潭村下横,住宅,奉化,惠中商城,宁波,fang.com
金茂·花漫里,住宅,奉化,方桥,宁波,fang.com
横街12号楼,住宅,奉化,横街,宁波,fang.com
镇亭家苑,住宅,奉化,江口,宁波,fang.com
锦程孙俞小区,住宅,奉化,江口,宁波,fang.com
绿城旭阳郡,住宅,奉化,江口,宁波,fang.com
甬山书苑,住宅,奉化,江口,宁波,fang.com
东成小区,住宅,奉化,江口,宁波,fang.com
甬新家园,住宅,奉化,江口,宁波,fang.com
奉化江口大浦新村,住宅,奉化,江口,宁波,fang.com
恒厚甬山阳光府,住宅,奉化,江口,宁波,fang.com
汇盛路123号楼,住宅,奉化,江口,宁波,fang.com
江南丽景,住宅,奉化,江口,宁波,fang.com
姜家村自建房,住宅,奉化,江口,宁波,fang.com
江前路小区,住宅,奉化,江口,宁波,fang.com
葭浦花苑,住宅,奉化,江口,宁波,fang.com
百丈路101-6号楼,住宅,奉化,百丈路,宁波,fang.com
红星桥路5号楼,住宅,奉化,红星桥路,宁波,fang.com
经堂路95号楼,住宅,奉化,经堂路,宁波,fang.com
街西村舍网路101号楼,住宅,奉化,莼湖,宁波,fang.com
锦秀东园,住宅,奉化,西坞,宁波,fang.com
梅园花庭,住宅,奉化,西坞,宁波,fang.com
锦绣东园(一期),住宅,奉化,西坞,宁波,fang.com
锦绣东园(二期),住宅,奉化,西坞,宁波,fang.com
菱堰春晖,住宅,奉化,西坞,宁波,fang.com
郦南茗苑,住宅,奉化,西坞,宁波,fang.com
梅园花庭·雪海,住宅,奉化,西坞,宁波,fang.com
孟房弄5号小区,住宅,奉化,西坞,宁波,fang.com
宋都城投学林新天地,住宅,奉化,锦屏,宁波,fang.com
北溪路134-135幢小区,住宅,奉化,锦屏,宁波,fang.com
城南三区,住宅,奉化,锦屏,宁波,fang.com
城基路,住宅,奉化,锦屏,宁波,fang.com
奉南新二村,住宅,奉化,锦屏,宁波,fang.com
奉化市建筑工程公司方新契弄职工宿舍,住宅,奉化,锦屏,宁波,fang.com
红墙外弄,住宅,奉化,锦屏,宁波,fang.com
锦屏南路小区,住宅,奉化,锦屏,宁波,fang.com
开源路228号西23号楼,住宅,奉化,锦屏,宁波,fang.com
龙腾苑小区,住宅,奉化,锦屏,宁波,fang.com
南街(奉化区),住宅,奉化,锦屏,宁波,fang.com
保利明玥·辰章府,住宅,宁海,兴宁中路,宁波,fang.com
坦坑家园小区,住宅,宁海,兴海中路,宁波,fang.com
力兴东路25号楼,住宅,宁海,力兴东路,宁波,fang.com
得力宁河湾,住宅,宁海,力洋镇,宁波,fang.com
力兴东路37号楼,住宅,宁海,南部滨海新区,宁波,fang.com
玖和府,住宅,宁海,县城南小学周边地,宁波,fang.com
天寿路102号楼,住宅,宁海,天寿路,宁波,fang.com
星耀城,住宅,宁海,天明西路与西环线,宁波,fang.com
迎雅园,住宅,宁海,宁海,宁波,fang.com
丽景花园,住宅,宁海,宁海,宁波,fang.com
山顶名苑,住宅,宁海,宁海其他,宁波,fang.com
尚品苑,住宅,宁海,宁海其他,宁波,fang.com
溪畔居,住宅,宁海,宁海其他,宁波,fang.com
东方海棠府,住宅,宁海,宁海城区,宁波,fang.com
和溪园,住宅,宁海,宁海城区,宁波,fang.com
金福花苑,住宅,宁海,宁海城区,宁波,fang.com
嘉隆广场,住宅,宁海,宁海城区,宁波,fang.com
嘉景花园,住宅,宁海,宁海城区,宁波,fang.com
莘雅苑,住宅,宁海,宁海城区,宁波,fang.com
星海花园,住宅,宁海,宁海城区,宁波,fang.com
九顷雅苑(一区),住宅,宁海,宁海大厦,宁波,fang.com
人民北路73-77号小区,住宅,宁海,宁海大厦,宁波,fang.com
仁泽苑,住宅,宁海,宁海大厦,宁波,fang.com
双桥嘉园,住宅,宁海,宁海大厦,宁波,fang.com
明璟庭,住宅,宁海,桃源,宁波,fang.com
东方天逸府,住宅,宁海,桃源,宁波,fang.com
湖东花园,住宅,宁海,桃源,宁波,fang.com
交通自在城,住宅,宁海,桃源,宁波,fang.com
颐园,住宅,宁海,桃源,宁波,fang.com
东方君悦,住宅,宁海,桃源,宁波,fang.com
得力宁园,住宅,宁海,桃源,宁波,fang.com
得力东方君悦花园,住宅,宁海,桃源,宁波,fang.com
海湖府二期,住宅,宁海,桃源,宁波,fang.com
湖西花园,住宅,宁海,桃源,宁波,fang.com
豪生公寓,住宅,宁海,桃源,宁波,fang.com
会展中心大楼,住宅,宁海,桃源,宁波,fang.com
江南名都,住宅,宁海,桃源,宁波,fang.com
蓝园,住宅,宁海,桃源,宁波,fang.com
宁海汽车生活广场,住宅,宁海,桃源,宁波,fang.com
泉水小区,住宅,宁海,桃源,宁波,fang.com
荣安凤凰城,住宅,宁海,桃源,宁波,fang.com
四季桃源,住宅,宁海,桃源,宁波,fang.com
天明海逸湾,住宅,宁海,桃源,宁波,fang.com
天明花园,住宅,宁海,桃源,宁波,fang.com
桃源商务楼,住宅,宁海,桃源,宁波,fang.com
香堤悦府,住宅,宁海,桃源,宁波,fang.com
向阳花园,住宅,宁海,桃源,宁波,fang.com
兴海家园,住宅,宁海,桃源,宁波,fang.com
桃源中路27号楼,住宅,宁海,桃源中路,宁波,fang.com
得力九菁园,住宅,宁海,桥头胡街道槐园路,宁波,fang.com
金色华府,住宅,宁海,梅林,宁波,fang.com
浦西小区,住宅,宁海,梅林,宁波,fang.com
碧海嘉园,住宅,宁海,梅林,宁波,fang.com
滨海大楼,住宅,宁海,梅林,宁波,fang.com
东海明珠大楼,住宅,宁海,梅林,宁波,fang.com
海湾花园,住宅,宁海,梅林,宁波,fang.com
金山国际广场,住宅,宁海,梅林,宁波,fang.com
久安居小区,住宅,宁海,梅林,宁波,fang.com
家行教育楼,住宅,宁海,梅林,宁波,fang.com
梅林嘉园,住宅,宁海,梅林,宁波,fang.com
名都家园,住宅,宁海,梅林,宁波,fang.com
桥下潘小区,住宅,宁海,梅林,宁波,fang.com
胜利小区,住宅,宁海,梅林,宁波,fang.com
深圳中心,住宅,宁海,梅林,宁波,fang.com
王社新村,住宅,宁海,梅林,宁波,fang.com
文广大楼,住宅,宁海,梅林,宁波,fang.com
西溪小区,住宅,宁海,梅林,宁波,fang.com
辛岭小区,住宅,宁海,梅林,宁波,fang.com
丁香逸花苑,住宅,宁海,科技园区,宁波,fang.com
恒海金湾,住宅,宁海,经济开发区三门湾,宁波,fang.com
锦海花园,住宅,宁海,西店镇西店村,宁波,fang.com
大都上东国际,住宅,宁海,跃龙,宁波,fang.com
崇寺巷小区,住宅,宁海,跃龙,宁波,fang.com
宁海中央广场,住宅,宁海,跃龙,宁波,fang.com
北斗星辰,住宅,宁海,跃龙,宁波,fang.com
北湖巷,住宅,宁海,跃龙,宁波,fang.com
滨溪小区,住宅,宁海,跃龙,宁波,fang.com
北大小区,住宅,宁海,跃龙,宁波,fang.com
北斗北路390号楼,住宅,宁海,跃龙,宁波,fang.com
宸园,住宅,宁海,跃龙,宁波,fang.com
朝晖家园,住宅,宁海,跃龙,宁波,fang.com
大都西城国际,住宅,宁海,跃龙,宁波,fang.com
得力丰泽园,住宅,宁海,跃龙,宁波,fang.com
东方百合,住宅,宁海,跃龙,宁波,fang.com
得力天景园,住宅,宁海,跃龙,宁波,fang.com
大都名苑,住宅,宁海,跃龙,宁波,fang.com
得力馨园,住宅,宁海,跃龙,宁波,fang.com
得力·郁金花园,住宅,宁海,跃龙,宁波,fang.com
东旺小区,住宅,宁海,跃龙,宁波,fang.com
东方嘉园,住宅,宁海,跃龙,宁波,fang.com
东泽园,住宅,宁海,跃龙,宁波,fang.com
电信大楼,住宅,宁海,跃龙,宁波,fang.com
东景花园,住宅,宁海,跃龙,宁波,fang.com
东苑小区,住宅,宁海,跃龙,宁波,fang.com
杜鹃新村,住宅,宁海,跃龙,宁波,fang.com
丰华台小区,住宅,宁海,跃龙,宁波,fang.com
纺织东路,住宅,宁海,跃龙,宁波,fang.com
丰和苑,住宅,宁海,跃龙,宁波,fang.com
枫景园,住宅,宁海,跃龙,宁波,fang.com
国宏物资大楼,住宅,宁海,跃龙,宁波,fang.com
高园巷小区,住宅,宁海,跃龙,宁波,fang.com
高园巷38弄小区,住宅,宁海,跃龙,宁波,fang.com
高园巷36弄小区,住宅,宁海,跃龙,宁波,fang.com
华庭家园,住宅,宁海,跃龙,宁波,fang.com
华山嘉园,住宅,宁海,跃龙,宁波,fang.com
淮河路四十弄,住宅,宁海,跃龙,宁波,fang.com
淮河路89弄,住宅,宁海,跃龙,宁波,fang.com
淮河路57弄小区,住宅,宁海,跃龙,宁波,fang.com
华山花园,住宅,宁海,跃龙,宁波,fang.com
华苑小区,住宅,宁海,跃龙,宁波,fang.com
华静小区,住宅,宁海,跃龙,宁波,fang.com
红枫公寓,住宅,宁海,跃龙,宁波,fang.com
汇景嘉园,住宅,宁海,跃龙,宁波,fang.com
和兴大楼,住宅,宁海,跃龙,宁波,fang.com
恒博科技大楼,住宅,宁海,跃龙,宁波,fang.com
惠民路3弄小区,住宅,宁海,跃龙,宁波,fang.com
环城北路67号小区,住宅,宁海,跃龙,宁波,fang.com
后街61弄小区,住宅,宁海,跃龙,宁波,fang.com
淮河路24号小区,住宅,宁海,跃龙,宁波,fang.com
环城北路41弄小区,住宅,宁海,跃龙,宁波,fang.com
环城东路27弄小区,住宅,宁海,跃龙,宁波,fang.com
环城西路14弄小区,住宅,宁海,跃龙,宁波,fang.com
淮河路40弄小区,住宅,宁海,跃龙,宁波,fang.com
惠民路34弄3号楼,住宅,宁海,跃龙,宁波,fang.com
璟慧园,住宅,宁海,跃龙,宁波,fang.com
金色尚府,住宅,宁海,跃龙,宁波,fang.com
锦宁府,住宅,宁海,跃龙,宁波,fang.com
金宸台小区,住宅,宁海,跃龙,宁波,fang.com
靖海路,住宅,宁海,跃龙,宁波,fang.com
金海福园,住宅,宁海,跃龙,宁波,fang.com
金泰小区,住宅,宁海,跃龙,宁波,fang.com
建工楼,住宅,宁海,跃龙,宁波,fang.com
金昌大厦,住宅,宁海,跃龙,宁波,fang.com
金汇楼,住宅,宁海,跃龙,宁波,fang.com
金融中心,住宅,宁海,跃龙,宁波,fang.com
经贸大楼,住宅,宁海,跃龙,宁波,fang.com
静苑小区,住宅,宁海,跃龙,宁波,fang.com
就业大楼,住宅,宁海,跃龙,宁波,fang.com
金晖家园(一期),住宅,宁海,跃龙,宁波,fang.com
金晖家园(二期),住宅,宁海,跃龙,宁波,fang.com
科创中心,住宅,宁海,跃龙,宁波,fang.com
龙珠大厦(府邸),住宅,宁海,跃龙,宁波,fang.com
龙珠大厦,住宅,宁海,跃龙,宁波,fang.com
劳动大楼,住宅,宁海,跃龙,宁波,fang.com
贸易大楼,住宅,宁海,跃龙,宁波,fang.com
盟业大楼,住宅,宁海,跃龙,宁波,fang.com
棉纺厂宿舍,住宅,宁海,跃龙,宁波,fang.com
宁海世贸中心,住宅,宁海,跃龙,宁波,fang.com
宁海桃源里,住宅,宁海,跃龙,宁波,fang.com
宁杏府,住宅,宁海,跃龙,宁波,fang.com
宁波银行大厦,住宅,宁海,跃龙,宁波,fang.com
宁海大厦,住宅,宁海,跃龙,宁波,fang.com
农机大楼,住宅,宁海,跃龙,宁波,fang.com
农业科技大楼,住宅,宁海,跃龙,宁波,fang.com
宁海坦坑村拆迁安置房,住宅,宁海,跃龙,宁波,fang.com
宁昌路87弄小区,住宅,宁海,跃龙,宁波,fang.com
南馨苑一期,住宅,宁海,跃龙,宁波,fang.com
南馨苑二期,住宅,宁海,跃龙,宁波,fang.com
平海路36弄小区,住宅,宁海,跃龙,宁波,fang.com
平海路60弄小区,住宅,宁海,跃龙,宁波,fang.com
秋景花园,住宅,宁海,跃龙,宁波,fang.com
全雍城,住宅,宁海,跃龙,宁波,fang.com
曙光中央广场,住宅,宁海,跃龙,宁波,fang.com
赛丽丽园,住宅,宁海,跃龙,宁波,fang.com
时代嘉园,住宅,宁海,跃龙,宁波,fang.com
松竹小区,住宅,宁海,跃龙,宁波,fang.com
圣豹大楼,住宅,宁海,跃龙,宁波,fang.com
水产大厦,住宅,宁海,跃龙,宁波,fang.com
石油大楼,住宅,宁海,跃龙,宁波,fang.com
水道楼,住宅,宁海,跃龙,宁波,fang.com
腾达住宅二区,住宅,宁海,跃龙,宁波,fang.com
坦坑路190弄,住宅,宁海,跃龙,宁波,fang.com
唐安李小区,住宅,宁海,跃龙,宁波,fang.com
腾达小区,住宅,宁海,跃龙,宁波,fang.com
天广楼,住宅,宁海,跃龙,宁波,fang.com
天寿路75弄小区,住宅,宁海,跃龙,宁波,fang.com
桃源中路132弄小区,住宅,宁海,跃龙,宁波,fang.com
天寿路155弄小区,住宅,宁海,跃龙,宁波,fang.com
跳头巷4弄小区,住宅,宁海,跃龙,宁波,fang.com
檀香苑,住宅,宁海,跃龙,宁波,fang.com
檀树路255号楼,住宅,宁海,跃龙,宁波,fang.com
桃源南路61弄小区,住宅,宁海,跃龙,宁波,fang.com
桃源南路173弄,住宅,宁海,跃龙,宁波,fang.com
围海小区,住宅,宁海,跃龙,宁波,fang.com
外环路,住宅,宁海,跃龙,宁波,fang.com
五街汇,住宅,宁海,跃龙,宁波,fang.com
乌石小区,住宅,宁海,跃龙,宁波,fang.com
外经贸大楼,住宅,宁海,跃龙,宁波,fang.com
围海新村,住宅,宁海,跃龙,宁波,fang.com
外环路174号楼,住宅,宁海,跃龙,宁波,fang.com
外环路266号楼,住宅,宁海,跃龙,宁波,fang.com
霞景水岸,住宅,宁海,跃龙,宁波,fang.com
学东家园,住宅,宁海,跃龙,宁波,fang.com
学南家园,住宅,宁海,跃龙,宁波,fang.com
夏景花园,住宅,宁海,跃龙,宁波,fang.com
兴宁小区,住宅,宁海,跃龙,宁波,fang.com
新建小区,住宅,宁海,跃龙,宁波,fang.com
金桥三路1号楼,住宅,宁海,金桥三路,宁波,fang.com
金水西路20号楼,住宅,宁海,金水西路,宁波,fang.com
宁海县长街元昌小区北地块,住宅,宁海,长街镇沿海南线南,宁波,fang.com
东三环南路233号楼,住宅,慈溪,东三环南路,宁波,fang.com
东渡湖滨路30号楼,住宅,慈溪,东渡湖滨路,宁波,fang.com
北二环西路38号楼,住宅,慈溪,北二环西路,宁波,fang.com
北园路278号楼,住宅,慈溪,北园路,宁波,fang.com
大昌路166号楼,住宅,慈溪,坎墩镇,宁波,fang.com
大塘后路35号楼,住宅,慈溪,大塘后路,宁波,fang.com
大塘路30号楼,住宅,慈溪,大塘路,宁波,fang.com
维科城市桃源,住宅,慈溪,宗汉,宁波,fang.com
保利滨湖天地,住宅,慈溪,宗汉,宁波,fang.com
柏顿嘉园,住宅,慈溪,宗汉,宁波,fang.com
慈溪天琴大厦,住宅,慈溪,宗汉,宁波,fang.com
大观璟园,住宅,慈溪,宗汉,宁波,fang.com
梵石双囍花园,住宅,慈溪,宗汉,宁波,fang.com
复地御上海,住宅,慈溪,宗汉,宁波,fang.com
福升商厦,住宅,慈溪,宗汉,宁波,fang.com
临湾府,住宅,慈溪,庵东,宁波,fang.com
阳光城翡丽湾小区,住宅,慈溪,庵东,宁波,fang.com
碧桂园湾上前璟,住宅,慈溪,庵东,宁波,fang.com
滨海龙湾,住宅,慈溪,庵东,宁波,fang.com
杭州湾皓月府,住宅,慈溪,庵东,宁波,fang.com
海悦湾花苑,住宅,慈溪,庵东,宁波,fang.com
华景川万悦府,住宅,慈溪,庵东,宁波,fang.com
万翔美郡,住宅,慈溪,慈溪,宁波,fang.com
安邦郡,住宅,慈溪,慈溪,宁波,fang.com
德信中梁君宸府,住宅,慈溪,慈溪,宁波,fang.com
众安山水苑,住宅,慈溪,慈溪其他,宁波,fang.com
香湖丹堤,住宅,慈溪,慈溪其他,宁波,fang.com
龙湖香醍漫步米兰墅,住宅,慈溪,慈溪其他,宁波,fang.com
爱琴海国际广场,住宅,慈溪,慈溪其他,宁波,fang.com
保利俯院江南花苑,住宅,慈溪,慈溪其他,宁波,fang.com
锦绣东方国风小镇(锦霞湾花苑),住宅,慈溪,慈溪其他,宁波,fang.com
百合家苑,住宅,慈溪,慈溪其他,宁波,fang.com
碧桂园梧桐府,住宅,慈溪,慈溪其他,宁波,fang.com
滨河路22弄1支弄1号,住宅,慈溪,慈溪其他,宁波,fang.com
碧桂园天元府,住宅,慈溪,慈溪其他,宁波,fang.com
慈溪新城吾悦广场,住宅,慈溪,慈溪其他,宁波,fang.com
慈溪龙山镇三北路,住宅,慈溪,慈溪其他,宁波,fang.com
城南桃园小区,住宅,慈溪,慈溪其他,宁波,fang.com
豆芽街,住宅,慈溪,慈溪其他,宁波,fang.com
戴家南路,住宅,慈溪,慈溪其他,宁波,fang.com
附海新村,住宅,慈溪,慈溪其他,宁波,fang.com
风情苑,住宅,慈溪,慈溪其他,宁波,fang.com
冠城晶典,住宅,慈溪,慈溪其他,宁波,fang.com
海伦堡海铂中心,住宅,慈溪,慈溪其他,宁波,fang.com
风鹭湾花苑,住宅,慈溪,慈溪周边,宁波,fang.com
和熙湾花苑,住宅,慈溪,慈溪周边,宁波,fang.com
皓月苑,住宅,慈溪,慈溪周边,宁波,fang.com
晨曦湾花苑,住宅,慈溪,慈溪周边,宁波,fang.com
恒大河悦府,住宅,慈溪,慈溪城区,宁波,fang.com
金汇大厦,住宅,慈溪,慈溪城区,宁波,fang.com
绿雅苑(绿雅苑二期),住宅,慈溪,慈溪城区,宁波,fang.com
恒元新境,住宅,慈溪,慈溪城区,宁波,fang.com
融创江滨之城,住宅,慈溪,慈溪城区,宁波,fang.com
月桂府,住宅,慈溪,慈溪城区,宁波,fang.com
悦华府,住宅,慈溪,慈溪城区,宁波,fang.com
碧桂园都荟名邸,住宅,慈溪,慈溪城区,宁波,fang.com
白金湾,住宅,慈溪,慈溪城区,宁波,fang.com
碧桂园天誉华府,住宅,慈溪,慈溪城区,宁波,fang.com
慈溪碧桂园,住宅,慈溪,慈溪城区,宁波,fang.com
高丰家园,住宅,慈溪,慈溪城区,宁波,fang.com
华仑商城,住宅,慈溪,慈溪城区,宁波,fang.com
佳洲锦苑,住宅,慈溪,慈溪城区,宁波,fang.com
金辉新力·江樾潮启,住宅,慈溪,慈溪城区,宁波,fang.com
景观花苑,住宅,慈溪,慈溪城区,宁波,fang.com
绿地海湾听海苑,住宅,慈溪,慈溪城区,宁波,fang.com
美庭花苑,住宅,慈溪,慈溪城区,宁波,fang.com
梅林苑,住宅,慈溪,慈溪城区,宁波,fang.com
融创江畔壹号苑,住宅,慈溪,慈溪城区,宁波,fang.com
尚德家园,住宅,慈溪,慈溪城区,宁波,fang.com
泰星公寓,住宅,慈溪,慈溪城区,宁波,fang.com
卫山景苑,住宅,慈溪,慈溪城区,宁波,fang.com
香溢美墅,住宅,慈溪,慈溪城区,宁波,fang.com
安信商住楼,住宅,慈溪,慈溪城区,宁波,fang.com
保利·府院江南,住宅,慈溪,慈溪城区,宁波,fang.com
北二环中路373弄小区,住宅,慈溪,慈溪城区,宁波,fang.com
北二环西路303号楼,住宅,慈溪,慈溪城区,宁波,fang.com
拔船塘村自建房,住宅,慈溪,慈溪城区,宁波,fang.com
北二环中路329号楼,住宅,慈溪,慈溪城区,宁波,fang.com
滨海三路458号产业园,住宅,慈溪,慈溪城区,宁波,fang.com
滨海二路629号楼,住宅,慈溪,慈溪城区,宁波,fang.com
滨海二路77号楼,住宅,慈溪,慈溪城区,宁波,fang.com
北二环西路2弄15号楼,住宅,慈溪,慈溪城区,宁波,fang.com
北二环东路326弄小区,住宅,慈溪,慈溪城区,宁波,fang.com
波涛路399号楼,住宅,慈溪,慈溪城区,宁波,fang.com
北二环中路602号楼,住宅,慈溪,慈溪城区,宁波,fang.com
滨海大道116号楼,住宅,慈溪,慈溪城区,宁波,fang.com
柏顿公馆,住宅,慈溪,慈溪城区,宁波,fang.com
碧海星辰,住宅,慈溪,慈溪城区,宁波,fang.com
宝诚星海湾,住宅,慈溪,慈溪城区,宁波,fang.com
碧桂园云顶,住宅,慈溪,慈溪城区,宁波,fang.com
慈溪保利堂悦,住宅,慈溪,慈溪城区,宁波,fang.com
碧桂园·泊蔚,住宅,慈溪,慈溪城区,宁波,fang.com
碧桂园·紫阙台,住宅,慈溪,慈溪城区,宁波,fang.com
北二环中路,住宅,慈溪,慈溪城区,宁波,fang.com
白云公寓,住宅,慈溪,慈溪城区,宁波,fang.com
慈溪樾府,住宅,慈溪,慈溪城区,宁波,fang.com
城东新村北二区,住宅,慈溪,慈溪城区,宁波,fang.com
城东新村北一区,住宅,慈溪,慈溪城区,宁波,fang.com
慈溪绿城玫瑰园,住宅,慈溪,慈溪城区,宁波,fang.com
慈溪阳光公寓南区,住宅,慈溪,慈溪城区,宁波,fang.com
慈溪阳光公寓北区,住宅,慈溪,慈溪城区,宁波,fang.com
漕头路36号小区,住宅,慈溪,慈溪城区,宁波,fang.com
蔡家社区,住宅,慈溪,慈溪城区,宁波,fang.com
沧田村东张家自建房,住宅,慈溪,慈溪城区,宁波,fang.com
承德小区,住宅,慈溪,慈溪城区,宁波,fang.com
慈甬路329号楼,住宅,慈溪,慈溪城区,宁波,fang.com
蔡家塘头南蔡3号楼,住宅,慈溪,慈溪城区,宁波,fang.com
崇胜村自建房,住宅,慈溪,慈溪城区,宁波,fang.com
慈溪金水湾,住宅,慈溪,慈溪城区,宁波,fang.com
慈溪吾悦广场,住宅,慈溪,慈溪城区,宁波,fang.com
慈溪碧桂园泊誉里,住宅,慈溪,慈溪城区,宁波,fang.com
崇文府,住宅,慈溪,慈溪城区,宁波,fang.com
慈溪星光家园,住宅,慈溪,慈溪城区,宁波,fang.com
慈溪万豪大厦,住宅,慈溪,慈溪城区,宁波,fang.com
慈溪山庄公寓,住宅,慈溪,慈溪城区,宁波,fang.com
慈溪山庄别墅,住宅,慈溪,慈溪城区,宁波,fang.com
初阳阁,住宅,慈溪,慈溪城区,宁波,fang.com
城市星光苑,住宅,慈溪,慈溪城区,宁波,fang.com
城隍庙商城,住宅,慈溪,慈溪城区,宁波,fang.com
彩虹家园,住宅,慈溪,慈溪城区,宁波,fang.com
城东新村南三区,住宅,慈溪,慈溪城区,宁波,fang.com
慈溪文景苑,住宅,慈溪,慈溪城区,宁波,fang.com
慈溪财富中心小区,住宅,慈溪,慈溪城区,宁波,fang.com
大新路185-211号小区,住宅,慈溪,慈溪城区,宁波,fang.com
大发路102号楼,住宅,慈溪,慈溪城区,宁波,fang.com
东河沿路8号楼,住宅,慈溪,慈溪城区,宁波,fang.com
担山北路198号楼,住宅,慈溪,慈溪城区,宁波,fang.com
大西洋商城,住宅,慈溪,慈溪城区,宁波,fang.com
东山路171号楼,住宅,慈溪,慈溪城区,宁波,fang.com
东小路2-2号小区,住宅,慈溪,慈溪城区,宁波,fang.com
东渡村自建房,住宅,慈溪,慈溪城区,宁波,fang.com
东方明珠城,住宅,慈溪,慈溪城区,宁波,fang.com
东兴苑二期,住宅,慈溪,慈溪城区,宁波,fang.com
东原芳满庭,住宅,慈溪,慈溪城区,宁波,fang.com
大通花园,住宅,慈溪,慈溪城区,宁波,fang.com
大新路119号,住宅,慈溪,慈溪城区,宁波,fang.com
大新路185号,住宅,慈溪,慈溪城区,宁波,fang.com
东门新村,住宅,慈溪,慈溪城区,宁波,fang.com
东相苑,住宅,慈溪,慈溪城区,宁波,fang.com
东瑞酒店公寓,住宅,慈溪,慈溪城区,宁波,fang.com
旦山苑,住宅,慈溪,慈溪城区,宁波,fang.com
旦山花园万基区,住宅,慈溪,慈溪城区,宁波,fang.com
大新路212号,住宅,慈溪,慈溪城区,宁波,fang.com
二轻经营大楼,住宅,慈溪,慈溪城区,宁波,fang.com
ego易构空间,住宅,慈溪,慈溪城区,宁波,fang.com
凤鸣东路30号楼,住宅,慈溪,慈溪城区,宁波,fang.com
富民村自建房,住宅,慈溪,慈溪城区,宁波,fang.com
纺织路8号楼,住宅,慈溪,慈溪城区,宁波,fang.com
伏龙路1号楼,住宅,慈溪,慈溪城区,宁波,fang.com
梵石花园,住宅,慈溪,慈溪城区,宁波,fang.com
枫华富地,住宅,慈溪,慈溪城区,宁波,fang.com
复地御溪雅苑,住宅,慈溪,慈溪城区,宁波,fang.com
富丽湾景苑,住宅,慈溪,慈溪城区,宁波,fang.com
房管处宿舍,住宅,慈溪,慈溪城区,宁波,fang.com
光大龙湖九岛,住宅,慈溪,慈溪城区,宁波,fang.com
公安局宿舍,住宅,慈溪,慈溪城区,宁波,fang.com
广义路455号办公楼,住宅,慈溪,慈溪城区,宁波,fang.com
观海卫路147号楼,住宅,慈溪,慈溪城区,宁波,fang.com
古塘秋月,住宅,慈溪,慈溪城区,宁波,fang.com
桂花苑(慈溪市),住宅,慈溪,慈溪城区,宁波,fang.com
古塘金苑,住宅,慈溪,慈溪城区,宁波,fang.com
古塘华苑,住宅,慈溪,慈溪城区,宁波,fang.com
观湖佳苑,住宅,慈溪,慈溪城区,宁波,fang.com
古塘西路30号楼,住宅,慈溪,慈溪城区,宁波,fang.com
海伦堡宽塘雅院,住宅,慈溪,慈溪城区,宁波,fang.com
恒威育才国际社区,住宅,慈溪,慈溪城区,宁波,fang.com
慈溪阳光公寓(南区),住宅,慈溪,慈溪市区,宁波,fang.com
慈溪阳光公寓(北区),住宅,慈溪,慈溪市区,宁波,fang.com
鼎盛公寓,住宅,慈溪,慈溪市区,宁波,fang.com
慈甬路22号楼,住宅,慈溪,慈甬路,宁波,fang.com
担山北路1626号楼,住宅,慈溪,担山北路,宁波,fang.com
巴里村,住宅,慈溪,掌起,宁波,fang.com
宝庆路3号楼,住宅,慈溪,掌起,宁波,fang.com
陈家村住宅楼,住宅,慈溪,掌起,宁波,fang.com
东埠头小区,住宅,慈溪,掌起,宁波,fang.com
方淞路1099号楼,住宅,慈溪,方淞路,宁波,fang.com
绿地海湾,住宅,慈溪,杭州湾,宁波,fang.com
世纪城汀兰苑,住宅,慈溪,杭州湾,宁波,fang.com
世纪城御海苑,住宅,慈溪,杭州湾,宁波,fang.com
世纪城观澜苑,住宅,慈溪,杭州湾,宁波,fang.com
世纪城博文苑,住宅,慈溪,杭州湾,宁波,fang.com
碧桂园海上传奇,住宅,慈溪,杭州湾,宁波,fang.com
世外旭辉城,住宅,慈溪,杭州湾,宁波,fang.com
合生杭州湾国际新城,住宅,慈溪,杭州湾,宁波,fang.com
海泉湾,住宅,慈溪,杭州湾,宁波,fang.com
锦绣东方国风小镇,住宅,慈溪,杭州湾,宁波,fang.com
世纪城聚江苑,住宅,慈溪,杭州湾,宁波,fang.com
世纪城翠湖苑,住宅,慈溪,杭州湾,宁波,fang.com
世纪城江岚苑,住宅,慈溪,杭州湾,宁波,fang.com
祥源漫城,住宅,慈溪,杭州湾,宁波,fang.com
君塘名筑,住宅,慈溪,杭州湾,宁波,fang.com
隆成越溪湖畔,住宅,慈溪,杭州湾,宁波,fang.com
揽月苑,住宅,慈溪,杭州湾,宁波,fang.com
融创杭州湾壹号澜璟园,住宅,慈溪,杭州湾,宁波,fang.com
维科龙湾府,住宅,慈溪,杭州湾,宁波,fang.com
中南滨海壹号,住宅,慈溪,杭州湾,宁波,fang.com
慈溪碧桂园云邸华府,住宅,慈溪,杭州湾,宁波,fang.com
崇寿星海湾,住宅,慈溪,杭州湾,宁波,fang.com
慈溪爱琴海广场,住宅,慈溪,杭州湾,宁波,fang.com
观附南路78号楼,住宅,慈溪,观海卫,宁波,fang.com
双东坊社区,住宅,江北,双东坊,宁波,fang.com
翠柏东巷,住宅,江北,双东坊,宁波,fang.com
繁景花园,住宅,江北,双东坊,宁波,fang.com
丽晶国际公寓范江岸路,住宅,江北,双东坊,宁波,fang.com
国际村,住宅,江北,双东坊,宁波,fang.com
皇都香溪园,住宅,江北,双东坊,宁波,fang.com
悦青云庭,住宅,江北,双东坊,宁波,fang.com
雅戈尔苏园,住宅,江北,双东坊,宁波,fang.com
柏树花园,住宅,江北,双东坊,宁波,fang.com
宁大高知院,住宅,江北,双东坊,宁波,fang.com
世纪滨江Ⅱ期·滨盛荟,住宅,江北,孔浦,宁波,fang.com
海尔产城创翡翠东方,住宅,江北,孔浦,宁波,fang.com
雅月府,住宅,江北,孔浦,宁波,fang.com
塞纳丽景,住宅,江北,孔浦,宁波,fang.com
滨江·滨涛府,住宅,江北,孔浦,宁波,fang.com
美的保利·君兰锦绣花园,住宅,江北,孔浦,宁波,fang.com
阳光清晨花苑,住宅,江北,孔浦,宁波,fang.com
朱佳苑,住宅,江北,孔浦,宁波,fang.com
怡江新村,住宅,江北,孔浦,宁波,fang.com
红梅新村,住宅,江北,孔浦,宁波,fang.com
绿梅新村,住宅,江北,孔浦,宁波,fang.com
中轻花园,住宅,江北,孔浦,宁波,fang.com
德华花苑,住宅,江北,孔浦,宁波,fang.com
华业大厦,住宅,江北,孔浦,宁波,fang.com
德信新中宇·文辰府,住宅,江北,孔浦,宁波,fang.com
文创甬江城(住宅),住宅,江北,宁波文创港,宁波,fang.com
雅戈尔新长岛,住宅,江北,庄桥,宁波,fang.com
天水家园,住宅,江北,庄桥,宁波,fang.com
中海枫桥里,住宅,江北,庄桥,宁波,fang.com
宝辉尚城北区,住宅,江北,庄桥,宁波,fang.com
雅戈尔长岛花园,住宅,江北,庄桥,宁波,fang.com
甬樾湾,住宅,江北,庄桥,宁波,fang.com
三江观邸,住宅,江北,庄桥,宁波,fang.com
天成家园,住宅,江北,庄桥,宁波,fang.com
天沁家园,住宅,江北,庄桥,宁波,fang.com
天合家园,住宅,江北,庄桥,宁波,fang.com
世茂天慧,住宅,江北,庄桥,宁波,fang.com
水尚阑珊,住宅,江北,庄桥,宁波,fang.com
东方公馆,住宅,江北,庄桥,宁波,fang.com
招商蛇口·璀璨天鑫,住宅,江北,庄桥,宁波,fang.com
祥生金麟府,住宅,江北,庄桥,宁波,fang.com
天悦家园,住宅,江北,庄桥,宁波,fang.com
宝丰茗苑,住宅,江北,庄桥,宁波,fang.com
应嘉丽园,住宅,江北,庄桥,宁波,fang.com
宝龙天地,住宅,江北,庄桥,宁波,fang.com
邵余华庭,住宅,江北,庄桥,宁波,fang.com
和宁府,住宅,江北,庄桥,宁波,fang.com
胡宿联庭,住宅,江北,庄桥,宁波,fang.com
新星都市,住宅,江北,庄桥,宁波,fang.com
李渡湾,住宅,江北,庄桥,宁波,fang.com
银亿钰鼎园,住宅,江北,庄桥,宁波,fang.com
铂悦府,住宅,江北,庄桥,宁波,fang.com
宝丽茗苑,住宅,江北,庄桥,宁波,fang.com
丽庄西苑,住宅,江北,庄桥,宁波,fang.com
祥生光明金麟府,住宅,江北,庄桥,宁波,fang.com
中体sports城,住宅,江北,庄桥,宁波,fang.com
宝辉尚城南区,住宅,江北,庄桥,宁波,fang.com
康丽花园,住宅,江北,庄桥,宁波,fang.com
灵山嘉苑,住宅,江北,庄桥,宁波,fang.com
晴楠东苑,住宅,江北,庄桥,宁波,fang.com
天成家园三期,住宅,江北,庄桥,宁波,fang.com
樟韵人家,住宅,江北,庄桥,宁波,fang.com
庄桥大街,住宅,江北,庄桥,宁波,fang.com
和诚家园,住宅,江北,庄桥,宁波,fang.com
孔家春秋,住宅,江北,庄桥,宁波,fang.com
维拉小镇,住宅,江北,慈城,宁波,fang.com
富力御官山,住宅,江北,慈城,宁波,fang.com
万科云谷,住宅,江北,慈城,宁波,fang.com
绿地新都会,住宅,江北,慈城,宁波,fang.com
万科云鹭湾,住宅,江北,慈城,宁波,fang.com
中旅宁宸院,住宅,江北,慈城,宁波,fang.com
慈湖人家(东区),住宅,江北,慈城,宁波,fang.com
古城新境,住宅,江北,慈城,宁波,fang.com
敏捷·云玥星著,住宅,江北,慈城,宁波,fang.com
慈湖人家,住宅,江北,慈城,宁波,fang.com
绿地碧湖国际,住宅,江北,慈城,宁波,fang.com
万科滨悦中心,住宅,江北,慈城,宁波,fang.com
悦山湖,住宅,江北,慈城,宁波,fang.com
湖山一品,住宅,江北,慈城,宁波,fang.com
万科云汇中心,住宅,江北,慈城,宁波,fang.com
庆丰府,住宅,江北,慈城,宁波,fang.com
万科坤和·湛蓝云镜,住宅,江北,慈城,宁波,fang.com
枫林湾,住宅,江北,慈城,宁波,fang.com
宁波·湖光天樾,住宅,江北,慈城,宁波,fang.com
天慈良园,住宅,江北,慈城,宁波,fang.com
香树湾,住宅,江北,慈城,宁波,fang.com
新希望映辰府,住宅,江北,慈城,宁波,fang.com
久誉慈郡,住宅,江北,慈城,宁波,fang.com
官山望花苑,住宅,江北,慈城,宁波,fang.com
慈浦里,住宅,江北,慈城,宁波,fang.com
湖心别院,住宅,江北,慈城,宁波,fang.com
美的慈宸府,住宅,江北,慈城,宁波,fang.com
民族路小区,住宅,江北,慈城,宁波,fang.com
民族路8弄,住宅,江北,慈城,宁波,fang.com
新海景花园,住宅,江北,文教,宁波,fang.com
东方威尼斯,住宅,江北,文教,宁波,fang.com
育才家园,住宅,江北,文教,宁波,fang.com
国泰花园,住宅,江北,文教,宁波,fang.com
荣安姚江晴雪,住宅,江北,文教,宁波,fang.com
范江岸38弄小区,住宅,江北,文教,宁波,fang.com
永丰天第,住宅,江北,文教,宁波,fang.com
万象华府二期,住宅,江北,日湖公园,宁波,fang.com
中国铁建青秀澜湾,住宅,江北,日湖公园,宁波,fang.com
北岸琴森,住宅,江北,日湖公园,宁波,fang.com
建发·养云,住宅,江北,日湖公园,宁波,fang.com
雅戈尔新湖景花苑,住宅,江北,日湖公园,宁波,fang.com
中国湾头·星湖湾,住宅,江北,日湖公园,宁波,fang.com
雅戈尔湖景花园,住宅,江北,日湖公园,宁波,fang.com
中国铁建花语江湾,住宅,江北,日湖公园,宁波,fang.com
公园1872,住宅,江北,日湖公园,宁波,fang.com
中旅名门府,住宅,江北,日湖公园,宁波,fang.com
三水湾,住宅,江北,日湖公园,宁波,fang.com
君湾中心,住宅,江北,日湖公园,宁波,fang.com
万象华府,住宅,江北,日湖公园,宁波,fang.com
日湖花园,住宅,江北,日湖公园,宁波,fang.com
滨湖晴园,住宅,江北,日湖公园,宁波,fang.com
世茂首府,住宅,江北,日湖公园,宁波,fang.com
西岸1872,住宅,江北,日湖公园,宁波,fang.com
桃源小区,住宅,江北,日湖公园,宁波,fang.com
大闸小区,住宅,江北,日湖公园,宁波,fang.com
锦绣江花,住宅,江北,日湖公园,宁波,fang.com
复地江城国际,住宅,江北,日湖公园,宁波,fang.com
日湖琴云,住宅,江北,日湖公园,宁波,fang.com
日湖家园,住宅,江北,日湖公园,宁波,fang.com
百骏中心,住宅,江北,日湖公园,宁波,fang.com
中海·逸江源境丨逸江汇,住宅,江北,来福士,宁波,fang.com
万科槐树路256号,住宅,江北,来福士,宁波,fang.com
凯德汇豪天下,住宅,江北,来福士,宁波,fang.com
槐树小区,住宅,江北,来福士,宁波,fang.com
维科望江府,住宅,江北,江北万达,宁波,fang.com
雅戈尔铂翠湾,住宅,江北,江北万达,宁波,fang.com
云江府,住宅,江北,江北其他,宁波,fang.com
滨悦华庭,住宅,江北,江北其他,宁波,fang.com
花屿湖郡,住宅,江北,江北其他,宁波,fang.com
龙湖双珑原著,住宅,江北,江北其他,宁波,fang.com
保利·朗玥旭章,住宅,江北,江北北区,宁波,fang.com
轨交绿城·滨河沁月,住宅,江北,江北北区,宁波,fang.com
中海·富华里,住宅,江北,江北北区,宁波,fang.com
湖畔樾山,住宅,江北,江北北区,宁波,fang.com
江望晴雨里,住宅,江北,洪塘,宁波,fang.com
中旅城(星旅城),住宅,江北,洪塘,宁波,fang.com
云水湾,住宅,江北,洪塘,宁波,fang.com
宁江府(北区),住宅,江北,洪塘,宁波,fang.com
姚江金茂府,住宅,江北,洪塘,宁波,fang.com
江来上府,住宅,江北,洪塘,宁波,fang.com
中房未来盛园,住宅,江北,洪塘,宁波,fang.com
绿地海外滩,住宅,江北,洪塘,宁波,fang.com
亲亲家园,住宅,江北,洪塘,宁波,fang.com
广厦怡庭,住宅,江北,洪塘,宁波,fang.com
姚玖湾,住宅,江北,洪塘,宁波,fang.com
奥林80,住宅,江北,洪塘,宁波,fang.com
姚江湾,住宅,江北,洪塘,宁波,fang.com
姚江湾天源,住宅,江北,洪塘,宁波,fang.com
丰汇城,住宅,江北,洪塘,宁波,fang.com
凯迪·融创|云潮中心,住宅,江北,洪塘,宁波,fang.com
宁江府(南区),住宅,江北,洪塘,宁波,fang.com
汇品璟苑,住宅,江北,洪塘,宁波,fang.com
颐和名苑,住宅,江北,洪塘,宁波,fang.com
姚江花园,住宅,江北,洪塘,宁波,fang.com
洪都花园,住宅,江北,洪塘,宁波,fang.com
鸿盛家园,住宅,江北,洪塘,宁波,fang.com
景瑞天赋姚江,住宅,江北,洪塘,宁波,fang.com
世茂滨江府,住宅,江北,洪塘,宁波,fang.com
逸嘉新园,住宅,江北,洪塘,宁波,fang.com
孙家丽园,住宅,江北,洪塘,宁波,fang.com
春晖佳苑,住宅,江北,洪塘,宁波,fang.com
汇嘉新园,住宅,江北,洪塘,宁波,fang.com
宝龙世家,住宅,江北,洪塘,宁波,fang.com
灵峰花园,住宅,江北,洪塘,宁波,fang.com
盛世嘉苑,住宅,江北,洪塘,宁波,fang.com
欣欣家园,住宅,江北,洪塘,宁波,fang.com
北城春色,住宅,江北,洪塘,宁波,fang.com
宁静家园,住宅,江北,洪塘,宁波,fang.com
三和嘉园,住宅,江北,洪塘,宁波,fang.com
立方寓,住宅,江北,洪塘,宁波,fang.com
宁沁家园,住宅,江北,洪塘,宁波,fang.com
宁馨园,住宅,江北,洪塘,宁波,fang.com
盛世又一村,住宅,江北,洪塘,宁波,fang.com
万科云著花苑,住宅,江北,洪塘,宁波,fang.com
君御星座,住宅,江北,洪塘,宁波,fang.com
明州广场,住宅,江北,洪塘,宁波,fang.com
洋墅名苑,住宅,江北,洪塘,宁波,fang.com
银亿海德花苑,住宅,江北,洪塘,宁波,fang.com
颐和名郡,住宅,江北,洪塘,宁波,fang.com
乐筑良品,住宅,江北,洪塘,宁波,fang.com
中策世纪博园,住宅,江北,洪塘,宁波,fang.com
翡丽公馆,住宅,江北,洪塘,宁波,fang.com
费市家苑,住宅,江北,洪塘,宁波,fang.com
路劲新天地,住宅,江北,白沙,宁波,fang.com
绿城·春月金沙,住宅,江北,白沙,宁波,fang.com
高新科技广场,住宅,江北,白沙,宁波,fang.com
雨辰文星,住宅,江北,白沙,宁波,fang.com
大庆新村,住宅,江北,白沙,宁波,fang.com
浮石小区,住宅,江北,白沙,宁波,fang.com
百隆东外滩花园,住宅,江北,老外滩,宁波,fang.com
外滩花园,住宅,江北,老外滩,宁波,fang.com
外滩风景,住宅,江北,老外滩,宁波,fang.com
海顿公馆,住宅,江北,老外滩,宁波,fang.com
老外滩五号公馆,住宅,江北,老外滩,宁波,fang.com
双东路35弄小区,住宅,江北,青林湾,宁波,fang.com
西河小区,住宅,海曙,中山广场,宁波,fang.com
天一家园,住宅,海曙,中山西路,宁波,fang.com
奥园奥创中心,住宅,海曙,中山西路,宁波,fang.com
澄波华庭,住宅,海曙,中山西路,宁波,fang.com
天景佳苑,住宅,海曙,中山西路,宁波,fang.com
海语天下,住宅,海曙,南苑街,宁波,fang.com
绿城交投·晓风印月,住宅,海曙,南苑街,宁波,fang.com
海曙金茂府,住宅,海曙,南苑街,宁波,fang.com
龙湖中天·天玥,住宅,海曙,南苑街,宁波,fang.com
南都花城,住宅,海曙,南苑街,宁波,fang.com
潮悦南塘,住宅,海曙,南苑街,宁波,fang.com
北宸府,住宅,海曙,南苑街,宁波,fang.com
南塘金茂府,住宅,海曙,南苑街,宁波,fang.com
南苑小区,住宅,海曙,南苑街,宁波,fang.com
启文花园,住宅,海曙,南苑街,宁波,fang.com
滨建潮映府,住宅,海曙,南苑街,宁波,fang.com
尹江岸二村,住宅,海曙,南苑街,宁波,fang.com
悦江湾,住宅,海曙,南苑街,宁波,fang.com
南塘花园,住宅,海曙,南苑街,宁波,fang.com
海光新都,住宅,海曙,南苑街,宁波,fang.com
南都绿洲,住宅,海曙,南苑街,宁波,fang.com
海怡花园,住宅,海曙,南苑街,宁波,fang.com
宁兴小区,住宅,海曙,南苑街,宁波,fang.com
新海蓝钻,住宅,海曙,南苑街,宁波,fang.com
花苑新村,住宅,海曙,南苑街,宁波,fang.com
江湾城一期,住宅,海曙,南苑街,宁波,fang.com
荣安佳境,住宅,海曙,南门,宁波,fang.com
荣安世家,住宅,海曙,南门,宁波,fang.com
柳馨花园,住宅,海曙,南门,宁波,fang.com
尹江岸新村,住宅,海曙,南门,宁波,fang.com
都市风华,住宅,海曙,南门,宁波,fang.com
华堂嘉园,住宅,海曙,古林镇,宁波,fang.com
新街社区,住宅,海曙,天一广场,宁波,fang.com
天封社区,住宅,海曙,天一广场,宁波,fang.com
双梁小区,住宅,海曙,天一广场,宁波,fang.com
柳逸花苑,住宅,海曙,天一广场,宁波,fang.com
莲桥第,住宅,海曙,天一广场,宁波,fang.com
天一豪景,住宅,海曙,天一广场,宁波,fang.com
雅戈尔西湖花园,住宅,海曙,客运中心,宁波,fang.com
泗洲家园,住宅,海曙,客运中心,宁波,fang.com
梅园小区,住宅,海曙,月湖公园,宁波,fang.com
县学社区111弄,住宅,海曙,月湖公园,宁波,fang.com
迎凤小区,住宅,海曙,月湖公园,宁波,fang.com
太阳公寓,住宅,海曙,月湖公园,宁波,fang.com
维科月湖花园,住宅,海曙,月湖公园,宁波,fang.com
镇明小区,住宅,海曙,月湖公园,宁波,fang.com
菱池小区,住宅,海曙,月湖公园,宁波,fang.com
五江湾,住宅,海曙,望春路,宁波,fang.com
绿地观堂,住宅,海曙,望春路,宁波,fang.com
宝龙雅戈尔江汇城,住宅,海曙,望春路,宁波,fang.com
望童北苑,住宅,海曙,望春路,宁波,fang.com
大发中山隽府,住宅,海曙,望春路,宁波,fang.com
春馨雅居,住宅,海曙,望春路,宁波,fang.com
荣安·新月河滨,住宅,海曙,望春路,宁波,fang.com
关爱小区,住宅,海曙,望春路,宁波,fang.com
阳光嘉园,住宅,海曙,望春路,宁波,fang.com
吉时达罗曼风情,住宅,海曙,望春路,宁波,fang.com
中国铁建·宁波·未来视界,住宅,海曙,望春路,宁波,fang.com
宝龙雅戈尔江汇城(27-39幢),住宅,海曙,望春路,宁波,fang.com
西堤阳光,住宅,海曙,望春路,宁波,fang.com
汇景新苑,住宅,海曙,望春路,宁波,fang.com
广泽嘉园,住宅,海曙,望春路,宁波,fang.com
学苑名府,住宅,海曙,望春路,宁波,fang.com
兴乐佳苑,住宅,海曙,望春路,宁波,fang.com
阳光天地,住宅,海曙,望春路,宁波,fang.com
万科·海潮映月,住宅,海曙,段塘,宁波,fang.com
建发·春江悦,住宅,海曙,段塘,宁波,fang.com
江上印,住宅,海曙,段塘,宁波,fang.com
公园道,住宅,海曙,段塘,宁波,fang.com
万科·朗拾,住宅,海曙,段塘,宁波,fang.com
锦棠佳苑,住宅,海曙,段塘,宁波,fang.com
半江云庭,住宅,海曙,段塘,宁波,fang.com
藕池新村,住宅,海曙,段塘,宁波,fang.com
丽棠景苑,住宅,海曙,段塘,宁波,fang.com
藕池天地小区,住宅,海曙,段塘,宁波,fang.com
玉棠雅苑,住宅,海曙,段塘,宁波,fang.com
顺德华庭,住宅,海曙,段塘,宁波,fang.com
璀璨长乐,住宅,海曙,白云,宁波,fang.com
保利·明州瑧悦府,住宅,海曙,白云,宁波,fang.com
丽园馨都,住宅,海曙,白云,宁波,fang.com
中海·江湾樾,住宅,海曙,白云,宁波,fang.com
欢乐精品园,住宅,海曙,白云,宁波,fang.com
金都嘉园,住宅,海曙,白云,宁波,fang.com
文苑风荷,住宅,海曙,白云,宁波,fang.com
欢乐家园,住宅,海曙,白云,宁波,fang.com
金地小区,住宅,海曙,白云,宁波,fang.com
柳汀春晓,住宅,海曙,白云,宁波,fang.com
中信白云,住宅,海曙,白云,宁波,fang.com
白云二村,住宅,海曙,白云,宁波,fang.com
雅戈尔壹号,住宅,海曙,石碶,宁波,fang.com
雅上云境,住宅,海曙,石碶,宁波,fang.com
锦仓府,住宅,海曙,石碶,宁波,fang.com
雍景苑,住宅,海曙,石碶,宁波,fang.com
东方城香梅家园,住宅,海曙,石碶,宁波,fang.com
东方苑,住宅,海曙,石碶,宁波,fang.com
雅渡新村,住宅,海曙,石碶,宁波,fang.com
庄湾沁园,住宅,海曙,石碶,宁波,fang.com
东方阁,住宅,海曙,石碶,宁波,fang.com
北路一村,住宅,海曙,石碶,宁波,fang.com
北路二村,住宅,海曙,石碶,宁波,fang.com
栎和佳苑,住宅,海曙,石碶,宁波,fang.com
银亿都会国际,住宅,海曙,石碶,宁波,fang.com
永和居易,住宅,海曙,翠柏路,宁波,fang.com
钱东社区,住宅,海曙,翠柏路,宁波,fang.com
河滨景苑,住宅,海曙,翠柏路,宁波,fang.com
翠柏二里,住宅,海曙,翠柏路,宁波,fang.com
钱南小区,住宅,海曙,翠柏路,宁波,fang.com
翠柏一里,住宅,海曙,翠柏路,宁波,fang.com
薛家新家园,住宅,海曙,联丰路,宁波,fang.com
中梁壹号院,住宅,海曙,联丰路,宁波,fang.com
保利天悦,住宅,海曙,联丰路,宁波,fang.com
金悦府,住宅,海曙,联丰路,宁波,fang.com
维科馨院,住宅,海曙,联丰路,宁波,fang.com
丽雅苑,住宅,海曙,联丰路,宁波,fang.com
博馨苑,住宅,海曙,联丰路,宁波,fang.com
晴园,住宅,海曙,联丰路,宁波,fang.com
盛世华城,住宅,海曙,联丰路,宁波,fang.com
保利·和颂望悦,住宅,海曙,联丰路,宁波,fang.com
西城十二庭院,住宅,海曙,联丰路,宁波,fang.com
丽象佳苑,住宅,海曙,联丰路,宁波,fang.com
联南花园,住宅,海曙,联丰路,宁波,fang.com
联丰世纪苑,住宅,海曙,联丰路,宁波,fang.com
联丰北区,住宅,海曙,联丰路,宁波,fang.com
海悦府,住宅,海曙,联丰路,宁波,fang.com
保利天悦二期,住宅,海曙,联丰路,宁波,fang.com
保利天悦三期,住宅,海曙,联丰路,宁波,fang.com
维科水岸枫情,住宅,海曙,联丰路,宁波,fang.com
丰馨苑,住宅,海曙,联丰路,宁波,fang.com
幸福家园,住宅,海曙,联丰路,宁波,fang.com
姚丰铭府,住宅,海曙,联丰路,宁波,fang.com
万科华堂嘉园,住宅,海曙,联丰路,宁波,fang.com
瑞园,住宅,海曙,联丰路,宁波,fang.com
望春佳苑,住宅,海曙,联丰路,宁波,fang.com
红星丰璟苑,住宅,海曙,联丰路,宁波,fang.com
联丰玫瑰苑,住宅,海曙,联丰路,宁波,fang.com
恒威君澜上府,住宅,海曙,联丰路,宁波,fang.com
联丰二耀庭,住宅,海曙,联丰路,宁波,fang.com
汪弄小区,住宅,海曙,西门,宁波,fang.com
胜丰小区,住宅,海曙,西门,宁波,fang.com
后河小区,住宅,海曙,西门,宁波,fang.com
金亿文园,住宅,海曙,西门,宁波,fang.com
广安里二期,住宅,海曙,西门,宁波,fang.com
龙成翠柏花园,住宅,海曙,西门,宁波,fang.com
中山雅园,住宅,海曙,西门,宁波,fang.com
中海·新芝源境|境上,住宅,海曙,西门,宁波,fang.com
金陆田园,住宅,海曙,鄞江镇,宁波,fang.com
格兰春晨1期,住宅,海曙,集士港,宁波,fang.com
领秀熙城,住宅,海曙,集士港,宁波,fang.com
集士港水木清华,住宅,海曙,集士港,宁波,fang.com
荣安桃花源,住宅,海曙,集士港,宁波,fang.com
迪赛缘园,住宅,海曙,集士港,宁波,fang.com
碧桂园碧玥府,住宅,海曙,集士港,宁波,fang.com
杨家馨苑,住宅,海曙,集士港,宁波,fang.com
紫御铭园,住宅,海曙,集士港,宁波,fang.com
格兰春晨三期,住宅,海曙,集士港,宁波,fang.com
横辉景苑,住宅,海曙,集士港,宁波,fang.com
井亭家园,住宅,海曙,集士港,宁波,fang.com
碧桂园幸福里,住宅,海曙,集士港,宁波,fang.com
董博苑,住宅,海曙,集士港,宁波,fang.com
卖面桥小区,住宅,海曙,集士港,宁波,fang.com
水木年华,住宅,海曙,集士港,宁波,fang.com
保利·明玥春汀,住宅,海曙,集士港,宁波,fang.com
荣安西溪里,住宅,海曙,集士港,宁波,fang.com
青林湾东区,住宅,海曙,青林湾,宁波,fang.com
维科上院,住宅,海曙,青林湾,宁波,fang.com
青林湾八期,住宅,海曙,青林湾,宁波,fang.com
清林闲庭,住宅,海曙,青林湾,宁波,fang.com
迪赛青苹果,住宅,海曙,青林湾,宁波,fang.com
21码头,住宅,海曙,青林湾,宁波,fang.com
青林湾五期,住宅,海曙,青林湾,宁波,fang.com
永红家园,住宅,海曙,青林湾,宁波,fang.com
青林湾四期,住宅,海曙,青林湾,宁波,fang.com
青林湾六期,住宅,海曙,青林湾,宁波,fang.com
维科水岸心境,住宅,海曙,青林湾,宁波,fang.com
邻里花园,住宅,海曙,青林湾,宁波,fang.com
青林湾二期,住宅,海曙,青林湾,宁波,fang.com
恒威海上花院,住宅,海曙,青林湾,宁波,fang.com
青林湾七期,住宅,海曙,青林湾,宁波,fang.com
郎官小区,住宅,海曙,马园,宁波,fang.com
星悦中心,住宅,海曙,马园,宁波,fang.com
柳锦花园,住宅,海曙,马园,宁波,fang.com
文化家园,住宅,海曙,马园,宁波,fang.com
万安小区,住宅,海曙,马园,宁波,fang.com
中海·新芝源境,住宅,海曙,高塘,宁波,fang.com
宁望府,住宅,海曙,高塘,宁波,fang.com
高塘花园,住宅,海曙,高塘,宁波,fang.com
江南水岸,住宅,海曙,高桥,宁波,fang.com
恒威国际城,住宅,海曙,高桥,宁波,fang.com
郡西花苑(格兰星辰),住宅,海曙,高桥,宁波,fang.com
梁祝天逸湾,住宅,海曙,高桥,宁波,fang.com
芦园南区,住宅,海曙,高桥,宁波,fang.com
芦园北区,住宅,海曙,高桥,宁波,fang.com
银亿朗境,住宅,海曙,高桥,宁波,fang.com
万科·月映澜堂,住宅,海曙,高桥,宁波,fang.com
上施家园,住宅,海曙,高桥,宁波,fang.com
梁祝小区,住宅,海曙,高桥,宁波,fang.com
蒲家兰庭,住宅,海曙,高桥,宁波,fang.com
联升佳苑,住宅,海曙,高桥,宁波,fang.com
青年才郡,住宅,海曙,高桥,宁波,fang.com
孝闻街73弄小区,住宅,海曙,鼓楼,宁波,fang.com
保集象山府,住宅,象山,丹城塔山路后山地,宁波,fang.com
世茂云潮府,住宅,象山,城东,宁波,fang.com
半岛琴声,住宅,象山,城东,宁波,fang.com
东城佳苑,住宅,象山,城东,宁波,fang.com
宏地首府,住宅,象山,城东,宁波,fang.com
和景府,住宅,象山,城东,宁波,fang.com
金地风华大境,住宅,象山,城东,宁波,fang.com
巨和苑,住宅,象山,城东,宁波,fang.com
绿城·桂语江南,住宅,象山,城东,宁波,fang.com
丽景小区,住宅,象山,城东,宁波,fang.com
宁波天安东苑小区,住宅,象山,城东,宁波,fang.com
青山佳苑,住宅,象山,城东,宁波,fang.com
上城公馆,住宅,象山,城东,宁波,fang.com
象山县欢乐家园,住宅,象山,城北,宁波,fang.com
碧桂园港城印象,住宅,象山,城北,宁波,fang.com
宝龙东望,住宅,象山,城北,宁波,fang.com
百花路,住宅,象山,城北,宁波,fang.com
百花苑,住宅,象山,城北,宁波,fang.com
步东路,住宅,象山,城北,宁波,fang.com
步峰路,住宅,象山,城北,宁波,fang.com
保集蓝郡,住宅,象山,城北,宁波,fang.com
白沙湾玫瑰园,住宅,象山,城北,宁波,fang.com
邦泰城御园,住宅,象山,城北,宁波,fang.com
半岛公寓,住宅,象山,城北,宁波,fang.com
宾阳商住楼,住宅,象山,城北,宁波,fang.com
半河公寓,住宅,象山,城北,宁波,fang.com
步南路2-1号楼,住宅,象山,城北,宁波,fang.com
步新路10-16号小区,住宅,象山,城北,宁波,fang.com
宾阳路24-43号小区,住宅,象山,城北,宁波,fang.com
宾阳路47号楼,住宅,象山,城北,宁波,fang.com
城南御府,住宅,象山,城北,宁波,fang.com
城东公寓,住宅,象山,城北,宁波,fang.com
城东苑,住宅,象山,城北,宁波,fang.com
春晖小区,住宅,象山,城北,宁波,fang.com
城西小区,住宅,象山,城北,宁波,fang.com
东湖苑,住宅,象山,城北,宁波,fang.com
丹峰东路53弄24号,住宅,象山,城北,宁波,fang.com
丹峰西路,住宅,象山,城北,宁波,fang.com
东方苑(象山),住宅,象山,城北,宁波,fang.com
象山县丹桂苑,住宅,象山,城北,宁波,fang.com
丹峰小区,住宅,象山,城北,宁波,fang.com
丹东小区,住宅,象山,城北,宁波,fang.com
大红鹰家园,住宅,象山,城北,宁波,fang.com
东河花园,住宅,象山,城北,宁波,fang.com
东风苑,住宅,象山,城北,宁波,fang.com
丹静苑小区,住宅,象山,城北,宁波,fang.com
丹西安置小区,住宅,象山,城北,宁波,fang.com
东方大厦,住宅,象山,城北,宁波,fang.com
大石门社区,住宅,象山,城北,宁波,fang.com
大井路23弄15-3号楼,住宅,象山,城北,宁波,fang.com
东风路10号楼,住宅,象山,城北,宁波,fang.com
东谷路137号小区,住宅,象山,城北,宁波,fang.com
丹桂苑(象山),住宅,象山,城北,宁波,fang.com
丹峰东路547-567号小区,住宅,象山,城北,宁波,fang.com
丹姚苑,住宅,象山,城北,宁波,fang.com
府邸庄园,住宅,象山,城北,宁波,fang.com
翡翠苑,住宅,象山,城北,宁波,fang.com
丰茂苑,住宅,象山,城北,宁波,fang.com
方东小区,住宅,象山,城北,宁波,fang.com
丰登路30号住宅楼,住宅,象山,城北,宁波,fang.com
丰盛苑,住宅,象山,城北,宁波,fang.com
方秧路75号小区,住宅,象山,城北,宁波,fang.com
港丰小区,住宅,象山,城北,宁波,fang.com
宏润花园,住宅,象山,城北,宁波,fang.com
鸿峰苑,住宅,象山,城北,宁波,fang.com
恒大海上半岛,住宅,象山,城北,宁波,fang.com
华丰桃花源,住宅,象山,城北,宁波,fang.com
华丰丰泽园,住宅,象山,城北,宁波,fang.com
汇丰苑,住宅,象山,城北,宁波,fang.com
汇兴路18号楼,住宅,象山,城北,宁波,fang.com
汇兴路1-9号楼,住宅,象山,城北,宁波,fang.com
汇兴路29-2号楼,住宅,象山,城北,宁波,fang.com
汇振路30弄小区,住宅,象山,城北,宁波,fang.com
海棠苑(象山),住宅,象山,城北,宁波,fang.com
靖南大街,住宅,象山,城北,宁波,fang.com
锦怡花苑,住宅,象山,城北,宁波,fang.com
巨鹰·牡丹苑,住宅,象山,城北,宁波,fang.com
金都花苑,住宅,象山,城北,宁波,fang.com
久久华庭,住宅,象山,城北,宁波,fang.com
金秋小区,住宅,象山,城北,宁波,fang.com
金山佳苑,住宅,象山,城北,宁波,fang.com
建设路213号,住宅,象山,城北,宁波,fang.com
建设路180号小区,住宅,象山,城北,宁波,fang.com
建设路309-4号楼,住宅,象山,城北,宁波,fang.com
建设路5号小区,住宅,象山,城北,宁波,fang.com
金鹰路22弄小区,住宅,象山,城北,宁波,fang.com
建设路257号小区,住宅,象山,城北,宁波,fang.com
靖南大街586号大区,住宅,象山,城北,宁波,fang.com
璟麟府南区,住宅,象山,城北,宁波,fang.com
璟麟府北区,住宅,象山,城北,宁波,fang.com
靖南大街490号楼,住宅,象山,城北,宁波,fang.com
来薰路,住宅,象山,城北,宁波,fang.com
林溪别院,住宅,象山,城北,宁波,fang.com
龙泽名府,住宅,象山,城北,宁波,fang.com
龙溪公寓,住宅,象山,城北,宁波,fang.com
龙泽名园,住宅,象山,城北,宁波,fang.com
来熏路小区,住宅,象山,城北,宁波,fang.com
绿野路12号楼,住宅,象山,城北,宁波,fang.com
明月楼(塔山路店),住宅,象山,城北,宁波,fang.com
梅苑中央花园,住宅,象山,城北,宁波,fang.com
梅苑中央花城,住宅,象山,城北,宁波,fang.com
美丽街区,住宅,象山,城北,宁波,fang.com
南航弄1号,住宅,象山,城北,宁波,fang.com
象山县蓬莱小区,住宅,象山,城北,宁波,fang.com
蓬莱小区(象山),住宅,象山,城北,宁波,fang.com
起春路,住宅,象山,城北,宁波,fang.com
栖苑小区,住宅,象山,城北,宁波,fang.com
墙头小区,住宅,象山,城北,宁波,fang.com
海伦堡象东府,住宅,象山,城南,宁波,fang.com
浩创丹樾府,住宅,象山,城南,宁波,fang.com
绿城兰园,住宅,象山,城南,宁波,fang.com
南方新都,住宅,象山,城南,宁波,fang.com
水木华庭,住宅,象山,城南,宁波,fang.com
半岛康桥,住宅,象山,城南,宁波,fang.com
保集璟瑞府,住宅,象山,城南,宁波,fang.com
半岛康桥小区,住宅,象山,城南,宁波,fang.com
财富中心,住宅,象山,城南,宁波,fang.com
丹河家园,住宅,象山,城南,宁波,fang.com
丹河路16-17幢小区,住宅,象山,城南,宁波,fang.com
富帆蓝庭,住宅,象山,城南,宁波,fang.com
光语云著府,住宅,象山,城南,宁波,fang.com
海城华府,住宅,象山,城南,宁波,fang.com
华厦金翰学府,住宅,象山,城南,宁波,fang.com
海御官邸,住宅,象山,城南,宁波,fang.com
海申苑,住宅,象山,城南,宁波,fang.com
汇丰锦城,住宅,象山,城南,宁波,fang.com
横塘欧村自建房,住宅,象山,城南,宁波,fang.com
后洋村411号楼,住宅,象山,城南,宁波,fang.com
金庭家园(象山),住宅,象山,城南,宁波,fang.com
绿城·桂语锦悦,住宅,象山,城南,宁波,fang.com
兰园和院,住宅,象山,城南,宁波,fang.com
菱河头村自建房,住宅,象山,城南,宁波,fang.com
陆家村自建房,住宅,象山,城南,宁波,fang.com
荣安涌清府,住宅,象山,城南,宁波,fang.com
万晟华府,住宅,象山,城西,宁波,fang.com
泰和苑,住宅,象山,城西,宁波,fang.com
奥林公馆,住宅,象山,城西,宁波,fang.com
百福大厦,住宅,象山,城西,宁波,fang.com
丹阳小区,住宅,象山,城西,宁波,fang.com
丰茂路32号小区,住宅,象山,城西,宁波,fang.com
华润万象府,住宅,象山,城西,宁波,fang.com
海城阳光苑,住宅,象山,城西,宁波,fang.com
海城阳光院,住宅,象山,城西,宁波,fang.com
汇振路小区,住宅,象山,城西,宁波,fang.com
金港花园,住宅,象山,城西,宁波,fang.com
金丰花园,住宅,象山,城西,宁波,fang.com
宁兴金港花园,住宅,象山,城西,宁波,fang.com
亲和源,住宅,象山,大目湾新城来薰路,宁波,fang.com
东一华庭,住宅,象山,新丰路丹阳路交叉,宁波,fang.com
荣安侯潮府,住宅,象山,滨海大道与莱薰路,宁波,fang.com
海景华苑,住宅,象山,爵溪,宁波,fang.com
华荣综合楼,住宅,象山,爵溪,宁波,fang.com
巨鹰碧海园,住宅,象山,爵溪,宁波,fang.com
阳光雅苑,住宅,象山,石浦,宁波,fang.com
保亿东海府,住宅,象山,石浦,宁波,fang.com
碧桂园碧玺湾,住宅,象山,石浦,宁波,fang.com
碧桂园·碧海湾,住宅,象山,石浦,宁波,fang.com
象山县半岛华府,住宅,象山,石浦,宁波,fang.com
北山金色水岸,住宅,象山,石浦,宁波,fang.com
昌锦家园,住宅,象山,石浦,宁波,fang.com
东岸名座,住宅,象山,石浦,宁波,fang.com
凤凰佳苑,住宅,象山,石浦,宁波,fang.com
凤凰新城,住宅,象山,石浦,宁波,fang.com
华康小区,住宅,象山,石浦,宁波,fang.com
皇城家园,住宅,象山,石浦,宁波,fang.com
海景花园,住宅,象山,石浦,宁波,fang.com
海滨佳苑,住宅,象山,石浦,宁波,fang.com
和乐路11幢,住宅,象山,石浦,宁波,fang.com
火炉头路泰康弄小区,住宅,象山,石浦,宁波,fang.com
和平巷8幢小区,住宅,象山,石浦,宁波,fang.com
桔场路1-7号,住宅,象山,石浦,宁波,fang.com
静河苑,住宅,象山,石浦,宁波,fang.com
建业小区,住宅,象山,石浦,宁波,fang.com
锦河小区,住宅,象山,石浦,宁波,fang.com
荔港珑湾,住宅,象山,石浦,宁波,fang.com
荔港晶都,住宅,象山,石浦,宁波,fang.com
南屏路54号,住宅,象山,石浦,宁波,fang.com
浦港茗都,住宅,象山,石浦,宁波,fang.com
荣湾府,住宅,象山,石浦,宁波,fang.com
昌庭嘉园,住宅,象山,石浦镇昌国南门,宁波,fang.com
碧桂园天麓府,住宅,象山,西周,宁波,fang.com
贸盛路35-37号楼,住宅,象山,西周,宁波,fang.com
嵩溪茗都,住宅,象山,西周,宁波,fang.com
浩璟府,住宅,象山,西谷路西侧,宁波,fang.com
红星紫御半岛,住宅,象山,象山,宁波,fang.com
恒大御海湾(备案名:海上华府),住宅,象山,象山,宁波,fang.com
石榴十里春风,住宅,象山,象山其他,宁波,fang.com
丰雅苑,住宅,象山,象山其他,宁波,fang.com
悦景湾,住宅,象山,象山其他,宁波,fang.com
大目新城御园,住宅,象山,象山其他,宁波,fang.com
海山名座,住宅,象山,象山其他,宁波,fang.com
吉祥弄,住宅,象山,象山其他,宁波,fang.com
世茂云锦,住宅,象山,象山其他,宁波,fang.com
世茂云锦二期,住宅,象山,象山其他,宁波,fang.com
金海湾花苑,住宅,象山,象山周边,宁波,fang.com
岙里村住宅楼,住宅,象山,象山市区,宁波,fang.com
彩虹家园(象山县),住宅,象山,象山市区,宁波,fang.com
丹凤路360号小区,住宅,象山,象山市区,宁波,fang.com
大目湾熙华府,住宅,象山,象山市区,宁波,fang.com
靖南大街72号楼,住宅,象山,靖南大街,宁波,fang.com
合生国际城,住宅,镇海,庄市镇,宁波,fang.com
万科城蓝色东方,住宅,镇海,庄市镇,宁波,fang.com
崇文花园,住宅,镇海,庄市镇,宁波,fang.com
万科蔚蓝城市,住宅,镇海,庄市镇,宁波,fang.com
开投置业公元世家,住宅,镇海,庄市镇,宁波,fang.com
富力院士廷,住宅,镇海,庄市镇,宁波,fang.com
万科翰林甲第,住宅,镇海,庄市镇,宁波,fang.com
锦绣曙光,住宅,镇海,庄市镇,宁波,fang.com
保利·和颂文华,住宅,镇海,庄市镇,宁波,fang.com
瀚宁府,住宅,镇海,庄市镇,宁波,fang.com
万科城,住宅,镇海,庄市镇,宁波,fang.com
富力御湖半岛,住宅,镇海,庄市镇,宁波,fang.com
清泉花园,住宅,镇海,庄市镇,宁波,fang.com
万科城东郡,住宅,镇海,庄市镇,宁波,fang.com
芳辰丽阳,住宅,镇海,庄市镇,宁波,fang.com
沁墨雅苑,住宅,镇海,庄市镇,宁波,fang.com
柳岸晨韵,住宅,镇海,庄市镇,宁波,fang.com
维科拉菲庄园,住宅,镇海,庄市镇,宁波,fang.com
翰香景庭,住宅,镇海,庄市镇,宁波,fang.com
书香丽景,住宅,镇海,庄市镇,宁波,fang.com
菱洲雅庭,住宅,镇海,庄市镇,宁波,fang.com
鑫隆花园,住宅,镇海,庄市镇,宁波,fang.com
龙光久桦府,住宅,镇海,庄市镇,宁波,fang.com
毓秀庄园,住宅,镇海,庄市镇,宁波,fang.com
宁大花园,住宅,镇海,庄市镇,宁波,fang.com
龙光久宁府,住宅,镇海,庄市镇,宁波,fang.com
慧澜学府,住宅,镇海,庄市镇,宁波,fang.com
联兴家园,住宅,镇海,庄市镇,宁波,fang.com
华通丽景华府,住宅,镇海,庄市镇,宁波,fang.com
庄市水木清华,住宅,镇海,庄市镇,宁波,fang.com
镇海同心苑,住宅,镇海,庄市镇,宁波,fang.com
庄市中兴小区,住宅,镇海,庄市镇,宁波,fang.com
万科甲第十七,住宅,镇海,庄市镇,宁波,fang.com
金色广场,住宅,镇海,庄市镇,宁波,fang.com
碧桂园有舍,住宅,镇海,庄市镇,宁波,fang.com
成达花园,住宅,镇海,庄市镇,宁波,fang.com
长乐小区,住宅,镇海,庄市镇,宁波,fang.com
汇智佳园,住宅,镇海,庄市镇,宁波,fang.com
嘉盛银座公寓,住宅,镇海,庄市镇,宁波,fang.com
浅水湾小区,住宅,镇海,庄市镇,宁波,fang.com
德馨家园,住宅,镇海,庄市镇,宁波,fang.com
恒裕星座,住宅,镇海,庄市镇,宁波,fang.com
阳光花苑,住宅,镇海,庄市镇,宁波,fang.com
金色荣湾,住宅,镇海,庄市镇,宁波,fang.com
顺达公寓,住宅,镇海,庄市镇,宁波,fang.com
文萃新村,住宅,镇海,庄市镇,宁波,fang.com
卧龙花园,住宅,镇海,庄市镇,宁波,fang.com
西陆小区,住宅,镇海,庄市镇,宁波,fang.com
兆龙路小区,住宅,镇海,庄市镇,宁波,fang.com
璟辰府,住宅,镇海,庄市镇,宁波,fang.com
爱斯大厦,住宅,镇海,庄市镇,宁波,fang.com
八度空间,住宅,镇海,庄市镇,宁波,fang.com
慈海北路2506号楼,住宅,镇海,慈海北路,宁波,fang.com
城河东路,住宅,镇海,招宝山,宁波,fang.com
白龙小区,住宅,镇海,招宝山,宁波,fang.com
聪园小区,住宅,镇海,招宝山,宁波,fang.com
港务新村,住宅,镇海,招宝山,宁波,fang.com
港城花园,住宅,镇海,招宝山,宁波,fang.com
皇家御都,住宅,镇海,招宝山,宁波,fang.com
海苑小区,住宅,镇海,招宝山,宁波,fang.com
郁金香中心,住宅,镇海,招宝山,宁波,fang.com
仓基弄小区,住宅,镇海,招宝山,宁波,fang.com
后弄小区,住宅,镇海,招宝山,宁波,fang.com
苗圃路289-359号小区,住宅,镇海,招宝山,宁波,fang.com
银杏小区,住宅,镇海,招宝山,宁波,fang.com
东河小区,住宅,镇海,招宝山,宁波,fang.com
工农小区,住宅,镇海,招宝山,宁波,fang.com
后大街社区,住宅,镇海,招宝山,宁波,fang.com
刘家弄小区,住宅,镇海,招宝山,宁波,fang.com
茗园二区,住宅,镇海,招宝山,宁波,fang.com
天宝小区,住宅,镇海,招宝山,宁波,fang.com
武宁桥小区,住宅,镇海,招宝山,宁波,fang.com
维科招宝广场SOHO,住宅,镇海,招宝山,宁波,fang.com
谢家小区,住宅,镇海,招宝山,宁波,fang.com
中大新苑,住宅,镇海,招宝山,宁波,fang.com
聪园路477号小区,住宅,镇海,招宝山,宁波,fang.com
城河西路87号楼,住宅,镇海,招宝山,宁波,fang.com
大教场路小区,住宅,镇海,招宝山,宁波,fang.com
繁景小区,住宅,镇海,招宝山,宁波,fang.com
广洋海尚国际,住宅,镇海,招宝山,宁波,fang.com
金桂花苑,住宅,镇海,招宝山,宁波,fang.com
茗园小区,住宅,镇海,招宝山,宁波,fang.com
清川佳园,住宅,镇海,招宝山,宁波,fang.com
清川小区,住宅,镇海,招宝山,宁波,fang.com
丝织小区,住宅,镇海,招宝山,宁波,fang.com
怡江华庭,住宅,镇海,招宝山,宁波,fang.com
一鉴池小区,住宅,镇海,招宝山,宁波,fang.com
紫荆小区,住宅,镇海,招宝山,宁波,fang.com
涨鑑碶小区,住宅,镇海,招宝山,宁波,fang.com
中山小区北区,住宅,镇海,招宝山,宁波,fang.com
安居小区,住宅,镇海,招宝山,宁波,fang.com
滨江小区,住宅,镇海,招宝山,宁波,fang.com
镇海区滨江花苑,住宅,镇海,招宝山,宁波,fang.com
碧营楼,住宅,镇海,招宝山,宁波,fang.com
百货大楼东楼,住宅,镇海,招宝山,宁波,fang.com
"八里桥弄1,2,3,4,17号楼",住宅,镇海,招宝山,宁波,fang.com
八里桥弄,住宅,镇海,招宝山,宁波,fang.com
聪园路152号,住宅,镇海,招宝山,宁波,fang.com
城河东路115号,住宅,镇海,招宝山,宁波,fang.com
朝宗坊小区,住宅,镇海,招宝山,宁波,fang.com
成福商城住宅,住宅,镇海,招宝山,宁波,fang.com
龙山国宾府,住宅,镇海,澥浦镇,宁波,fang.com
云栖水苑,住宅,镇海,澥浦镇,宁波,fang.com
水岸丽园,住宅,镇海,澥浦镇,宁波,fang.com
凤湖佳苑,住宅,镇海,澥浦镇,宁波,fang.com
南洪小区,住宅,镇海,澥浦镇,宁波,fang.com
毓宁府,住宅,镇海,蛟川,宁波,fang.com
鸣芩嘉苑,住宅,镇海,蛟川,宁波,fang.com
保亿风景九园,住宅,镇海,蛟川,宁波,fang.com
临江小区,住宅,镇海,蛟川,宁波,fang.com
银凤晓月,住宅,镇海,蛟川,宁波,fang.com
石化三建社区,住宅,镇海,蛟川,宁波,fang.com
芳韵雅苑(C区),住宅,镇海,蛟川,宁波,fang.com
芳韵雅苑,住宅,镇海,蛟川,宁波,fang.com
芳韵雅苑(D区),住宅,镇海,蛟川,宁波,fang.com
金丰紫园,住宅,镇海,蛟川,宁波,fang.com
红墅湾,住宅,镇海,蛟川,宁波,fang.com
保亿风景九园三期,住宅,镇海,蛟川,宁波,fang.com
恒威壹品君园,住宅,镇海,蛟川,宁波,fang.com
青枫雅苑,住宅,镇海,蛟川,宁波,fang.com
香河湾,住宅,镇海,蛟川,宁波,fang.com
彩炼小区,住宅,镇海,蛟川,宁波,fang.com
古塘丽景,住宅,镇海,蛟川,宁波,fang.com
古塘阳光,住宅,镇海,蛟川,宁波,fang.com
桔园小区,住宅,镇海,蛟川,宁波,fang.com
炼化丰收小区,住宅,镇海,蛟川,宁波,fang.com
世贸广场公寓,住宅,镇海,蛟川,宁波,fang.com
俞范新村,住宅,镇海,蛟川,宁波,fang.com
保亿风景九园二期,住宅,镇海,蛟川,宁波,fang.com
恒大山水城,住宅,镇海,镇海其他,宁波,fang.com
开元九龙湖畔春漫里,住宅,镇海,镇海其他,宁波,fang.com
观澜轩,住宅,镇海,镇海其他,宁波,fang.com
蓝城杨柳映月,住宅,镇海,镇海其他,宁波,fang.com
九龙家苑,住宅,镇海,镇海其他,宁波,fang.com
桂语风荷,住宅,镇海,镇海其他,宁波,fang.com
九龙家苑三期,住宅,镇海,镇海其他,宁波,fang.com
栖径名苑,住宅,镇海,镇海其他,宁波,fang.com
新兴岚湾小区,住宅,镇海,骆驼镇,宁波,fang.com
首开龙湖春江郦城,住宅,镇海,骆驼镇,宁波,fang.com
绿城·春语云树,住宅,镇海,骆驼镇,宁波,fang.com
景澜庭(西区),住宅,镇海,骆驼镇,宁波,fang.com
红星国际广场,住宅,镇海,骆驼镇,宁波,fang.com
三里风荷,住宅,镇海,骆驼镇,宁波,fang.com
万科海上都会,住宅,镇海,骆驼镇,宁波,fang.com
宁波新城吾悦广场三期,住宅,镇海,骆驼镇,宁波,fang.com
景澜庭(东区),住宅,镇海,骆驼镇,宁波,fang.com
保亿风景御园,住宅,镇海,骆驼镇,宁波,fang.com
佳源都市,住宅,镇海,骆驼镇,宁波,fang.com
骆兴家园,住宅,镇海,骆驼镇,宁波,fang.com
妙景和庭,住宅,镇海,骆驼镇,宁波,fang.com
保利城一期,住宅,镇海,骆驼镇,宁波,fang.com
迪赛邻里,住宅,镇海,骆驼镇,宁波,fang.com
东渡玺悦,住宅,镇海,骆驼镇,宁波,fang.com
绿城桂花园,住宅,镇海,骆驼镇,宁波,fang.com
骆城华苑,住宅,镇海,骆驼镇,宁波,fang.com
世茂中南璀璨云堤,住宅,镇海,骆驼镇,宁波,fang.com
盛世华庭,住宅,镇海,骆驼镇,宁波,fang.com
海映星洲(南区),住宅,镇海,骆驼镇,宁波,fang.com
上城印象,住宅,镇海,骆驼镇,宁波,fang.com
中梁首府,住宅,镇海,骆驼镇,宁波,fang.com
绿城·春风晴翠,住宅,镇海,骆驼镇,宁波,fang.com
华丰星城,住宅,镇海,骆驼镇,宁波,fang.com
银亿海尚广场,住宅,镇海,骆驼镇,宁波,fang.com
金邑水岸,住宅,镇海,骆驼镇,宁波,fang.com
宁波新城吾悦广场,住宅,镇海,骆驼镇,宁波,fang.com
骆城芳洲,住宅,镇海,骆驼镇,宁波,fang.com
绿城·新桂沁澜,住宅,镇海,骆驼镇,宁波,fang.com
小骆花园,住宅,镇海,骆驼镇,宁波,fang.com
保利城三期,住宅,镇海,骆驼镇,宁波,fang.com
海映澜庭(北区),住宅,镇海,骆驼镇,宁波,fang.com
景城花苑,住宅,镇海,骆驼镇,宁波,fang.com
茗莲春晓,住宅,镇海,骆驼镇,宁波,fang.com
碧水莲晴,住宅,镇海,骆驼镇,宁波,fang.com
东邑锦苑,住宅,镇海,骆驼镇,宁波,fang.com
华丰花园,住宅,镇海,骆驼镇,宁波,fang.com
恒大山水城东苑,住宅,镇海,骆驼镇,宁波,fang.com
碧水莲晴三期,住宅,镇海,骆驼镇,宁波,fang.com
保亿丽景英郡,住宅,镇海,骆驼镇,宁波,fang.com
东邑阳光,住宅,镇海,骆驼镇,宁波,fang.com
海映澜庭(南区),住宅,镇海,骆驼镇,宁波,fang.com
万宝公馆,住宅,镇海,骆驼镇,宁波,fang.com
银亿海悦花苑,住宅,镇海,骆驼镇,宁波,fang.com
恒大山水城西苑,住宅,镇海,骆驼镇,宁波,fang.com
锦绣江南,住宅,镇海,骆驼镇,宁波,fang.com
金邑华庭,住宅,镇海,骆驼镇,宁波,fang.com
保利城四期,住宅,镇海,骆驼镇,宁波,fang.com
东桂新苑,住宅,镇海,骆驼镇,宁波,fang.com
茗莲雅苑,住宅,镇海,骆驼镇,宁波,fang.com
孝思房,住宅,镇海,骆驼镇,宁波,fang.com
世博花园小区,住宅,镇海,骆驼镇,宁波,fang.com
鑫城都荟,住宅,镇海,骆驼镇,宁波,fang.com
长住·秋时皓月府,住宅,镇海,骆驼镇,宁波,fang.com
涌馨府,住宅,镇海,骆驼镇,宁波,fang.com
东邑家园,住宅,镇海,骆驼镇,宁波,fang.com
宁波新城吾悦广场二期,住宅,镇海,骆驼镇,宁波,fang.com
东盛城市花园,住宅,镇海,骆驼镇,宁波,fang.com
华晨雅苑,住宅,镇海,骆驼镇,宁波,fang.com
保利城二期,住宅,镇海,骆驼镇,宁波,fang.com
朝东弄小区,住宅,镇海,骆驼镇,宁波,fang.com
罗兰香谷,住宅,上城,丁桥,杭州,fang.com
云锦城,住宅,上城,丁桥,杭州,fang.com
新城红郡,住宅,上城,丁桥,杭州,fang.com
阳光逸城,住宅,上城,丁桥,杭州,fang.com
北城枫景园,住宅,上城,丁桥,杭州,fang.com
卓越蔚蓝领秀二期,住宅,上城,丁桥,杭州,fang.com
龙湖武林九里,住宅,上城,丁桥,杭州,fang.com
吟彩芳菲之城,住宅,上城,丁桥,杭州,fang.com
明熙府,住宅,上城,丁桥,杭州,fang.com
上东领地,住宅,上城,丁桥,杭州,fang.com
中兴久睦苑,住宅,上城,丁桥,杭州,fang.com
丁桥颐景园,住宅,上城,丁桥,杭州,fang.com
杭房御东方,住宅,上城,丁桥,杭州,fang.com
阳光城翡丽湾,住宅,上城,丁桥,杭州,fang.com
金地格林格林,住宅,上城,丁桥,杭州,fang.com
昆仑天籁,住宅,上城,丁桥,杭州,fang.com
东承府,住宅,上城,丁桥,杭州,fang.com
上东臻品,住宅,上城,丁桥,杭州,fang.com
长睦邻里人家,住宅,上城,丁桥,杭州,fang.com
联合格里,住宅,上城,丁桥,杭州,fang.com
天阳观筑,住宅,上城,丁桥,杭州,fang.com
玺之湾,住宅,上城,丁桥,杭州,fang.com
上东名筑,住宅,上城,丁桥,杭州,fang.com
名景台,住宅,上城,丁桥,杭州,fang.com
龙湖武林上城,住宅,上城,丁桥,杭州,fang.com
瑞立辰秀嘉园,住宅,上城,丁桥,杭州,fang.com
天阳明朗,住宅,上城,丁桥,杭州,fang.com
中豪四季公馆,住宅,上城,丁桥,杭州,fang.com
华天苑,住宅,上城,丁桥,杭州,fang.com
冠宇隽园,住宅,上城,丁桥,杭州,fang.com
杭房城发润如园,住宅,上城,丁桥,杭州,fang.com
郡枫绿园,住宅,上城,丁桥,杭州,fang.com
泷悦华府,住宅,上城,丁桥,杭州,fang.com
云亭公寓,住宅,上城,丁桥,杭州,fang.com
湖境天宸,住宅,上城,丁桥,杭州,fang.com
中旅·城仕公馆,住宅,上城,丁桥,杭州,fang.com
长睦家苑,住宅,上城,丁桥,杭州,fang.com
丁桥景园,住宅,上城,丁桥,杭州,fang.com
绿城留香园,住宅,上城,三堡,杭州,fang.com
凤起钱潮,住宅,上城,三堡,杭州,fang.com
御道路一号,住宅,上城,三堡,杭州,fang.com
中企御品湾,住宅,上城,三堡,杭州,fang.com
云河家园,住宅,上城,三堡,杭州,fang.com
万科大都会79号,住宅,上城,三堡,杭州,fang.com
东方御府,住宅,上城,三堡,杭州,fang.com
三里亭四区,住宅,上城,三里亭,杭州,fang.com
三里新城兰苑,住宅,上城,三里亭,杭州,fang.com
三里亭苑三区,住宅,上城,三里亭,杭州,fang.com
宋都天润,住宅,上城,九堡,杭州,fang.com
蓝桥名苑,住宅,上城,九堡,杭州,fang.com
丽江公寓,住宅,上城,九堡,杭州,fang.com
泊林印象,住宅,上城,九堡,杭州,fang.com
金地玖峯汇,住宅,上城,九堡,杭州,fang.com
悦麒美寓,住宅,上城,九堡,杭州,fang.com
中旅时光里,住宅,上城,九堡,杭州,fang.com
相江公寓,住宅,上城,九堡,杭州,fang.com
中南春溪集,住宅,上城,九堡,杭州,fang.com
九月庭院,住宅,上城,九堡,杭州,fang.com
九润公寓,住宅,上城,九堡,杭州,fang.com
罗兰春天,住宅,上城,九堡,杭州,fang.com
龙湖·天瑄城,住宅,上城,九堡,杭州,fang.com
多立方,住宅,上城,九堡,杭州,fang.com
合生创展名邸,住宅,上城,九堡,杭州,fang.com
建发华发江华玺云,住宅,上城,五堡,杭州,fang.com
栖江揽月轩,住宅,上城,五堡,杭州,fang.com
越秀地产前滩名邸,住宅,上城,五堡,杭州,fang.com
世茂天宸,住宅,上城,华家池,杭州,fang.com
滨江华家池,住宅,上城,华家池,杭州,fang.com
绿地华家池印,住宅,上城,华家池,杭州,fang.com
美政花苑,住宅,上城,南星,杭州,fang.com
赞成太和广场,住宅,上城,南星,杭州,fang.com
复兴东苑,住宅,上城,南星,杭州,fang.com
紫花苑,住宅,上城,南星,杭州,fang.com
夕照新村,住宅,上城,四季青,杭州,fang.com
德信大家钱江府,住宅,上城,城东新城,杭州,fang.com
龙湖葛洲坝景粼天著,住宅,上城,城东新城,杭州,fang.com
首开东城金茂府,住宅,上城,城东新城,杭州,fang.com
中旅归锦府,住宅,上城,城东新城,杭州,fang.com
三湘印象森林海尚,住宅,上城,城东新城,杭州,fang.com
金隅会潮悦府,住宅,上城,城东新城,杭州,fang.com
信达东莱府,住宅,上城,城东新城,杭州,fang.com
悦风华,住宅,上城,城东新城,杭州,fang.com
德信东望,住宅,上城,城东新城,杭州,fang.com
滨江龙湖明石东潮府,住宅,上城,城东新城,杭州,fang.com
万科中央公园,住宅,上城,城东新城,杭州,fang.com
复兴南苑,住宅,上城,复兴,杭州,fang.com
白塔人家,住宅,上城,复兴,杭州,fang.com
清怡花苑,住宅,上城,复兴,杭州,fang.com
复兴北苑,住宅,上城,复兴,杭州,fang.com
翰林花园,住宅,上城,小营,杭州,fang.com
新天地金色时光,住宅,上城,彭埠,杭州,fang.com
芝澜月华轩,住宅,上城,彭埠,杭州,fang.com
世茂钱塘天誉,住宅,上城,彭埠,杭州,fang.com
天城府,住宅,上城,彭埠,杭州,fang.com
紫玉福邸,住宅,上城,彭埠,杭州,fang.com
天阳文晖,住宅,上城,彭埠,杭州,fang.com
佳兆业·棹月雅府,住宅,上城,彭埠,杭州,fang.com
金隅中铁诺德都会森林,住宅,上城,景芳,杭州,fang.com
保利中央公馆,住宅,上城,景芳,杭州,fang.com
大家钱塘府,住宅,上城,景芳,杭州,fang.com
景苑公寓,住宅,上城,景芳,杭州,fang.com
景芳新五区,住宅,上城,景芳,杭州,fang.com
东润枫华,住宅,上城,景芳,杭州,fang.com
景芳三区,住宅,上城,景芳,杭州,fang.com
景芳东区,住宅,上城,景芳,杭州,fang.com
景芳二区,住宅,上城,景芳,杭州,fang.com
景芳五区,住宅,上城,景芳,杭州,fang.com
景芳一区,住宅,上城,景芳,杭州,fang.com
景芳四区,住宅,上城,景芳,杭州,fang.com
滨江金地御品,住宅,上城,望江,杭州,fang.com
融创滨江杭源御潮府,住宅,上城,望江,杭州,fang.com
望江家园西园,住宅,上城,望江,杭州,fang.com
望江家园东园,住宅,上城,望江,杭州,fang.com
后市街,住宅,上城,清波,杭州,fang.com
定安苑,住宅,上城,清波,杭州,fang.com
柳浪新苑,住宅,上城,清波,杭州,fang.com
柳浪东苑一期,住宅,上城,清波,杭州,fang.com
中山苑,住宅,上城,清波,杭州,fang.com
火药局弄小区,住宅,上城,清波,杭州,fang.com
金色黎明,住宅,上城,笕桥,杭州,fang.com
万科公园大道,住宅,上城,笕桥,杭州,fang.com
首开德胜上郡,住宅,上城,笕桥,杭州,fang.com
绿城春江花月,住宅,上城,紫阳,杭州,fang.com
保利滨江上品,住宅,上城,紫阳,杭州,fang.com
信达滨江壹品,住宅,上城,紫阳,杭州,fang.com
仁恒滨江园,住宅,上城,紫阳,杭州,fang.com
海潮雅园,住宅,上城,紫阳,杭州,fang.com
蓝色钱江,住宅,上城,紫阳,杭州,fang.com
钱江候潮府,住宅,上城,紫阳,杭州,fang.com
金色家园,住宅,上城,紫阳,杭州,fang.com
望江府,住宅,上城,紫阳,杭州,fang.com
钱江御府,住宅,上城,紫阳,杭州,fang.com
新绿园,住宅,上城,紫阳,杭州,fang.com
金色海岸,住宅,上城,紫阳,杭州,fang.com
赞成林风,住宅,上城,紫阳,杭州,fang.com
华府花园,住宅,上城,紫阳,杭州,fang.com
金隅学府,住宅,上城,紫阳,杭州,fang.com
春江花月潇湘苑,住宅,上城,紫阳,杭州,fang.com
商博钱塘印象,住宅,上城,紫阳,杭州,fang.com
凤凰北苑,住宅,上城,紫阳,杭州,fang.com
闻潮尚庭,住宅,上城,紫阳,杭州,fang.com
雪峰水岸枫庭,住宅,上城,紫阳,杭州,fang.com
康都紫轩,住宅,上城,紫阳,杭州,fang.com
凤凰南苑,住宅,上城,紫阳,杭州,fang.com
金狮苑,住宅,上城,紫阳,杭州,fang.com
地铁绿城杨柳郡,住宅,上城,艮北新城,杭州,fang.com
江月望云,住宅,上城,艮北新城,杭州,fang.com
招商雍和府,住宅,上城,艮北新城,杭州,fang.com
招商雍华府,住宅,上城,艮北新城,杭州,fang.com
中海·翠揽云境,住宅,上城,艮北新城,杭州,fang.com
远洋心里,住宅,上城,艮北新城,杭州,fang.com
紫台,住宅,上城,艮北新城,杭州,fang.com
招商越秀公园1872,住宅,上城,艮北新城,杭州,fang.com
魅力之城,住宅,上城,艮北新城,杭州,fang.com
中南棠玥湾,住宅,上城,艮北新城,杭州,fang.com
云翠金澜府,住宅,上城,艮北新城,杭州,fang.com
阳光城普升,住宅,上城,艮北新城,杭州,fang.com
梧桐语,住宅,上城,艮北新城,杭州,fang.com
望斓翠印府,住宅,上城,艮北新城,杭州,fang.com
绿城潮听明月,住宅,上城,艮北新城,杭州,fang.com
铁建国际花园,住宅,上城,艮北新城,杭州,fang.com
滨江天澜美境,住宅,上城,艮北新城,杭州,fang.com
滨江兴耀·江翠轩,住宅,上城,艮北新城,杭州,fang.com
德信银城观湖之宸,住宅,上城,艮北新城,杭州,fang.com
世茂东壹号,住宅,上城,艮北新城,杭州,fang.com
越秀亲爱里,住宅,上城,艮北新城,杭州,fang.com
汇盛德堡,住宅,上城,艮北新城,杭州,fang.com
风林公寓,住宅,上城,艮北新城,杭州,fang.com
招商武林郡,住宅,上城,艮北新城,杭州,fang.com
江明月朗园,住宅,上城,近江,杭州,fang.com
滨江保利翡翠海岸,住宅,上城,近江,杭州,fang.com
钱江时代,住宅,上城,近江,杭州,fang.com
近江六园,住宅,上城,近江,杭州,fang.com
近江一园,住宅,上城,近江,杭州,fang.com
近江三园,住宅,上城,近江,杭州,fang.com
采荷紫藕,住宅,上城,采荷,杭州,fang.com
凯旋门,住宅,上城,采荷,杭州,fang.com
采荷洁莲,住宅,上城,采荷,杭州,fang.com
红菱新村,住宅,上城,采荷,杭州,fang.com
金牛坊,住宅,上城,采荷,杭州,fang.com
采荷青荷苑,住宅,上城,采荷,杭州,fang.com
双菱新村,住宅,上城,采荷,杭州,fang.com
采荷东区,住宅,上城,采荷,杭州,fang.com
采荷芙蓉,住宅,上城,采荷,杭州,fang.com
天澜海岸,住宅,上城,钱江新城,杭州,fang.com
观翠揽月轩,住宅,上城,钱江新城,杭州,fang.com
东方润园,住宅,上城,钱江新城,杭州,fang.com
潮映万象轩,住宅,上城,钱江新城,杭州,fang.com
金基晓庐,住宅,上城,钱江新城,杭州,fang.com
万象城悦府,住宅,上城,钱江新城,杭州,fang.com
潮映华岸府,住宅,上城,钱江新城,杭州,fang.com
盛世钱塘,住宅,上城,钱江新城,杭州,fang.com
城市之星,住宅,上城,钱江新城,杭州,fang.com
越秀招商·云悦湾,住宅,上城,钱江新城,杭州,fang.com
和谐嘉园,住宅,上城,钱江新城,杭州,fang.com
潮观揽月轩,住宅,上城,钱江新城,杭州,fang.com
新城国际,住宅,上城,钱江新城,杭州,fang.com
钱江四苑,住宅,上城,钱江新城,杭州,fang.com
濮家新村,住宅,上城,闸弄口,杭州,fang.com
紫薇公寓,住宅,上城,闸弄口,杭州,fang.com
杭州桃李春风如山,住宅,临安,临安,杭州,fang.com
锦云澜天里,住宅,临安,临安,杭州,fang.com
悦映城,住宅,临安,临安,杭州,fang.com
颐和山庄,住宅,临安,临安,杭州,fang.com
滨江湖光山社,住宅,临安,临安,杭州,fang.com
敏捷星著柏悦府,住宅,临安,临安,杭州,fang.com
碧桂园玖晟府,住宅,临安,临安,杭州,fang.com
杭州临安宝龙广场,住宅,临安,临安,杭州,fang.com
江南大院,住宅,临安,临安,杭州,fang.com
绿地亚洲公园,住宅,临安,临安,杭州,fang.com
中天大家·宸澜学府,住宅,临安,临安,杭州,fang.com
华发峰荟,住宅,临安,临安,杭州,fang.com
锦峰公寓,住宅,临安,临安,杭州,fang.com
绿城桃李春风,住宅,临安,临安,杭州,fang.com
青山湖畔,住宅,临安,临安,杭州,fang.com
桃李望湖,住宅,临安,临安,杭州,fang.com
西雅园,住宅,临安,临安,杭州,fang.com
印象苕溪城,住宅,临安,临安,杭州,fang.com
滨湖天地,住宅,临安,临安,杭州,fang.com
宝龙融信新世邸,住宅,临安,临安,杭州,fang.com
北樾府,住宅,临安,临安,杭州,fang.com
长麓府,住宅,临安,临安,杭州,fang.com
城中府,住宅,临安,临安,杭州,fang.com
都市雅苑,住宅,临安,临安,杭州,fang.com
地上南樾府,住宅,临安,临安,杭州,fang.com
国开东方锦城学府,住宅,临安,临安,杭州,fang.com
恒晟逸家,住宅,临安,临安,杭州,fang.com
锦福新村,住宅,临安,临安,杭州,fang.com
佳源优优锦城,住宅,临安,临安,杭州,fang.com
佳源锦晟里,住宅,临安,临安,杭州,fang.com
锦南人家,住宅,临安,临安,杭州,fang.com
临安玲珑花园,住宅,临安,临安,杭州,fang.com
蓝城恒伟江南山庄,住宅,临安,临安,杭州,fang.com
玲珑府园,住宅,临安,临安,杭州,fang.com
荣上青云府,住宅,临安,临安,杭州,fang.com
时代公寓,住宅,临安,临安,杭州,fang.com
三口秋水览山,住宅,临安,临安,杭州,fang.com
苕溪学府,住宅,临安,临安,杭州,fang.com
万马伊顿庄园,住宅,临安,临安,杭州,fang.com
西径晓风,住宅,临安,临安,杭州,fang.com
越秀湖山悦,住宅,临安,临安,杭州,fang.com
越秀陌上花开|归悦里,住宅,临安,临安,杭州,fang.com
越秀陌上花开(公寓住宅),住宅,临安,临安,杭州,fang.com
越秀·云麓悦映邸,住宅,临安,临安,杭州,fang.com
中赢时代风景,住宅,临安,临安,杭州,fang.com
中天雅境公寓,住宅,临安,临安,杭州,fang.com
中天溪珺庭,住宅,临安,临安,杭州,fang.com
安阁弄小区,住宅,临安,临安,杭州,fang.com
宝忆御景园,住宅,临安,临安,杭州,fang.com
碧桂苑,住宅,临安,临安,杭州,fang.com
滨江公寓,住宅,临安,临安,杭州,fang.com
百骊府,住宅,临安,临安,杭州,fang.com
百货公司宿舍,住宅,临安,临安,杭州,fang.com
北润家园,住宅,临安,临安,杭州,fang.com
柏源晶舍,住宅,临安,临安,杭州,fang.com
宝利北秀苑,住宅,临安,临安,杭州,fang.com
百盛春天,住宅,临安,临安,杭州,fang.com
临安区百合苑,住宅,临安,临安,杭州,fang.com
白水涧公寓,住宅,临安,临安,杭州,fang.com
白云小镇公寓,住宅,临安,临安,杭州,fang.com
拜节新村,住宅,临安,临安,杭州,fang.com
北苑丽城,住宅,临安,临安,杭州,fang.com
诚和公寓,住宅,临安,临安,杭州,fang.com
春天华府,住宅,临安,临安,杭州,fang.com
城中苑,住宅,临安,临安,杭州,fang.com
长运客车宿舍,住宅,临安,临安,杭州,fang.com
城东葡萄园,住宅,临安,临安,杭州,fang.com
城中街小区,住宅,临安,临安,杭州,fang.com
成龙官山邸,住宅,临安,临安,杭州,fang.com
春天学府,住宅,临安,临安,杭州,fang.com
城南小学宿舍,住宅,临安,临安,杭州,fang.com
创世水岸银座,住宅,临安,临安,杭州,fang.com
城中街住宅,住宅,临安,临安,杭州,fang.com
城中街141-151号小区,住宅,临安,临安,杭州,fang.com
城中街227号小区,住宅,临安,临安,杭州,fang.com
菜场弄1号小区,住宅,临安,临安,杭州,fang.com
城中街446号小区,住宅,临安,临安,杭州,fang.com
茶厂小区,住宅,临安,临安,杭州,fang.com
茶机厂宿舍,住宅,临安,临安,杭州,fang.com
蚕种场宿舍,住宅,临安,临安,杭州,fang.com
大华玲珑苑,住宅,临安,临安,杭州,fang.com
东站小区,住宅,临安,临安,杭州,fang.com
丁香南苑,住宅,临安,临安,杭州,fang.com
东方公寓,住宅,临安,临安,杭州,fang.com
大家栖溪,住宅,临安,临安,杭州,fang.com
东投悦荣府,住宅,临安,临安,杭州,fang.com
大华文锦商厦,住宅,临安,临安,杭州,fang.com
大桥南路30号小区,住宅,临安,临安,杭州,fang.com
大华路小区,住宅,临安,临安,杭州,fang.com
枫林晓城,住宅,临安,临安,杭州,fang.com
法院小区,住宅,临安,临安,杭州,fang.com
丰泽苑,住宅,临安,临安,杭州,fang.com
凤鸣公馆,住宅,临安,临安,杭州,fang.com
凤凰·府邸,住宅,临安,临安,杭州,fang.com
富康公寓,住宅,临安,临安,杭州,fang.com
广场花园,住宅,临安,临安,杭州,fang.com
公园城,住宅,临安,临安,杭州,fang.com
桂花新村,住宅,临安,临安,杭州,fang.com
广电小区,住宅,临安,临安,杭州,fang.com
功臣山小区,住宅,临安,临安,杭州,fang.com
公园家,住宅,临安,临安,杭州,fang.com
功成山,住宅,临安,临安,杭州,fang.com
明煦源赋里,住宅,临安,临安,杭州,fang.com
供电所宿舍,住宅,临安,临安,杭州,fang.com
广苑小区,住宅,临安,临安,杭州,fang.com
国瑞牧云里,住宅,临安,临安,杭州,fang.com
郜岭村,住宅,临安,临安,杭州,fang.com
国瑞翰香云庭,住宅,临安,临安,杭州,fang.com
高虹街,住宅,临安,临安,杭州,fang.com
功臣山路小区,住宅,临安,临安,杭州,fang.com
公管所宿舍,住宅,临安,临安,杭州,fang.com
桂花弄1号,住宅,临安,临安,杭州,fang.com
黄金水岸,住宅,临安,临安,杭州,fang.com
华兴明盛苑,住宅,临安,临安,杭州,fang.com
汇锦苑,住宅,临安,临安,杭州,fang.com
和合公寓,住宅,临安,临安,杭州,fang.com
和谐小区,住宅,临安,临安,杭州,fang.com
恒锦苑,住宅,临安,临安,杭州,fang.com
恒晟锦园,住宅,临安,临安,杭州,fang.com
宏伟公寓,住宅,临安,临安,杭州,fang.com
湖山新村,住宅,临安,临安,杭州,fang.com
汇锦畔湖苑,住宅,临安,临安,杭州,fang.com
褐石公馆,住宅,临安,临安,杭州,fang.com
恒伟江南名楼,住宅,临安,临安,杭州,fang.com
湖滨外滩,住宅,临安,临安,杭州,fang.com
会馆弄小区,住宅,临安,临安,杭州,fang.com
华锦公寓,住宅,临安,临安,杭州,fang.com
汇锦新村,住宅,临安,临安,杭州,fang.com
回龙路小区,住宅,临安,临安,杭州,fang.com
海天商厦,住宅,临安,临安,杭州,fang.com
华元云溪竹境,住宅,临安,临安,杭州,fang.com
湖山壹品苑,住宅,临安,临安,杭州,fang.com
化工厂生活小区,住宅,临安,临安,杭州,fang.com
鸿盛家园,住宅,临安,临安,杭州,fang.com
环宇小区,住宅,临安,临安,杭州,fang.com
锦都嘉园,住宅,临安,临安,杭州,fang.com
金禾嘉园,住宅,临安,临安,杭州,fang.com
金基燕东园,住宅,临安,临安,杭州,fang.com
锦南新村,住宅,临安,临安,杭州,fang.com
金溪园,住宅,临安,临安,杭州,fang.com
金色时代,住宅,临安,临安,杭州,fang.com
锦江小区,住宅,临安,临安,杭州,fang.com
江桥路小区,住宅,临安,临安,杭州,fang.com
锦花公寓,住宅,临安,临安,杭州,fang.com
锦锋公寓,住宅,临安,临安,杭州,fang.com
江南路小区,住宅,临安,临安,杭州,fang.com
锦竹苑,住宅,临安,临安,杭州,fang.com
锦城新天地,住宅,临安,临安,杭州,fang.com
锦桥路小区,住宅,临安,临安,杭州,fang.com
锦江路小区,住宅,临安,临安,杭州,fang.com
锦南公寓,住宅,临安,临安,杭州,fang.com
九龙公寓,住宅,临安,临安,杭州,fang.com
景杉路小区,住宅,临安,临安,杭州,fang.com
锦北家园,住宅,临安,临安,杭州,fang.com
锦城安阁弄,住宅,临安,临安,杭州,fang.com
金盾花园,住宅,临安,临安,杭州,fang.com
九豪庄园,住宅,临安,临安,杭州,fang.com
锦龙公寓,住宅,临安,临安,杭州,fang.com
锦春家园,住宅,临安,临安,杭州,fang.com
佳源优樾,住宅,临安,临安,杭州,fang.com
聚金商厦,住宅,临安,临安,杭州,fang.com
江桥一弄小区,住宅,临安,临安,杭州,fang.com
洪岭村,住宅,临安,临安城区,杭州,fang.com
桂花路77号楼,住宅,临安,桂花路,杭州,fang.com
横谭路190-192号楼,住宅,临安,横谭路,杭州,fang.com
恒福禹都,住宅,临安,玲珑,杭州,fang.com
越秀星汇城,住宅,临安,青山湖,杭州,fang.com
中天珺府,住宅,临安,青山湖,杭州,fang.com
杭氧和院,住宅,临安,青山湖,杭州,fang.com
蔚宸悦城,住宅,临安,青山湖,杭州,fang.com
星汇城后湾,住宅,临安,青山湖,杭州,fang.com
荣盛檀越府,住宅,临安,青山湖,杭州,fang.com
大园新城,住宅,临安,青山湖,杭州,fang.com
大华春山椿树,住宅,临安,青山湖,杭州,fang.com
越秀西海岸,住宅,临安,青山湖,杭州,fang.com
青山鹤岭,住宅,临安,青山湖,杭州,fang.com
绿城国际社区,住宅,临安,青山湖,杭州,fang.com
旭辉中粮朗香郡,住宅,临安,青山湖,杭州,fang.com
未来旭辉城,住宅,临安,青山湖,杭州,fang.com
保亿风景未来城,住宅,临安,青山湖,杭州,fang.com
森林湖山庄,住宅,临安,青山湖,杭州,fang.com
恒伟江南佳苑,住宅,临安,青山湖,杭州,fang.com
如沐清晖城,住宅,临安,青山湖,杭州,fang.com
桃李湖滨,住宅,临安,青山湖,杭州,fang.com
银城青山湖畔,住宅,临安,青山湖,杭州,fang.com
国能悦玺台,住宅,临安,青山湖,杭州,fang.com
蓝城春风燕语,住宅,临安,青山湖,杭州,fang.com
越秀·星颂府,住宅,临安,青山湖,杭州,fang.com
芳泽锦安里,住宅,临安,青山湖,杭州,fang.com
绿城云杉郡,住宅,临安,青山湖,杭州,fang.com
保亿阳光城丽光城,住宅,临安,青山湖,杭州,fang.com
翠紫苑,住宅,临安,青山湖,杭州,fang.com
恒伟科技园,住宅,临安,青山湖,杭州,fang.com
钱锦花园,住宅,临安,青山湖,杭州,fang.com
天阳蔚蓝,住宅,临安,青山湖,杭州,fang.com
宝龙旭辉城,住宅,临安,青山湖,杭州,fang.com
崇文路小区,住宅,临安,青山湖,杭州,fang.com
春芳满庭,住宅,临安,青山湖,杭州,fang.com
崇文栖云府,住宅,临安,青山湖,杭州,fang.com
公交公司宿舍,住宅,临安,青山湖,杭州,fang.com
e世纪城市花园,住宅,临平,东湖,杭州,fang.com
君临天下城,住宅,临平,东湖,杭州,fang.com
梅堰小区,住宅,临平,东湖,杭州,fang.com
朝阳西路小区,住宅,临平,东湖,杭州,fang.com
莱茵旺角七号,住宅,临平,东湖,杭州,fang.com
北庙北弄,住宅,临平,东湖,杭州,fang.com
德信西子国际·荷禹宸府,住宅,临平,东湖,杭州,fang.com
珑昕泽第,住宅,临平,东湖,杭州,fang.com
万科四季都会,住宅,临平,东湖,杭州,fang.com
东海水漾人家,住宅,临平,东湖,杭州,fang.com
复兴弄,住宅,临平,东湖,杭州,fang.com
缸甏弄,住宅,临平,东湖,杭州,fang.com
和合财富中心,住宅,临平,东湖,杭州,fang.com
河畔新村,住宅,临平,东湖,杭州,fang.com
九曲营小区,住宅,临平,东湖,杭州,fang.com
临东家园,住宅,临平,东湖,杭州,fang.com
晴彩巴厘,住宅,临平,东湖,杭州,fang.com
油车弄,住宅,临平,东湖,杭州,fang.com
百姓弄,住宅,临平,东湖,杭州,fang.com
北大街小区,住宅,临平,东湖,杭州,fang.com
华枫名苑,住宅,临平,东湖,杭州,fang.com
理想四维理想家园,住宅,临平,东湖,杭州,fang.com
碧天家园,住宅,临平,东湖,杭州,fang.com
东湖春天,住宅,临平,东湖,杭州,fang.com
广大逸品,住宅,临平,东湖,杭州,fang.com
华宇家园,住宅,临平,东湖,杭州,fang.com
华立和郡,住宅,临平,东湖,杭州,fang.com
华励花苑,住宅,临平,东湖,杭州,fang.com
佳肴弄,住宅,临平,东湖,杭州,fang.com
进修弄,住宅,临平,东湖,杭州,fang.com
康家公寓,住宅,临平,东湖,杭州,fang.com
兰惠家园,住宅,临平,东湖,杭州,fang.com
清沁花苑,住宅,临平,东湖,杭州,fang.com
水车河弄,住宅,临平,东湖,杭州,fang.com
丝织弄59号,住宅,临平,东湖,杭州,fang.com
理想湾,住宅,临平,临平,杭州,fang.com
东厦东港花苑,住宅,临平,临平,杭州,fang.com
景瑞阳光城法兰公园,住宅,临平,临平,杭州,fang.com
夏宫,住宅,临平,临平,杭州,fang.com
中梁百悦城,住宅,临平,临平,杭州,fang.com
金帝海珀,住宅,临平,临平,杭州,fang.com
久境府小区,住宅,临平,临平,杭州,fang.com
风荷叠翠府,住宅,临平,临平,杭州,fang.com
越秀景瑞悦见山,住宅,临平,临平,杭州,fang.com
中铁九逸,住宅,临平,临平,杭州,fang.com
赞成檀府,住宅,临平,临平,杭州,fang.com
华惠家园,住宅,临平,临平,杭州,fang.com
绿城莲园,住宅,临平,临平,杭州,fang.com
邱山小区,住宅,临平,临平,杭州,fang.com
四季晶品,住宅,临平,临平,杭州,fang.com
上坤华景川云栖宸园,住宅,临平,临平,杭州,fang.com
春境东来院,住宅,临平,临平,杭州,fang.com
东方俊园,住宅,临平,临平,杭州,fang.com
莱茵知己,住宅,临平,临平,杭州,fang.com
上坤山语四季,住宅,临平,临平,杭州,fang.com
新城山语院,住宅,临平,临平,杭州,fang.com
中天汀洲印月,住宅,临平,临平,杭州,fang.com
东湖尚府,住宅,临平,临平,杭州,fang.com
华城格之林花园,住宅,临平,临平,杭州,fang.com
海澜半岛(东区),住宅,临平,临平,杭州,fang.com
绿城蓝庭,住宅,临平,临平,杭州,fang.com
邱山大街小区,住宅,临平,临平,杭州,fang.com
香颂,住宅,临平,临平,杭州,fang.com
临平新丰苑,住宅,临平,临平,杭州,fang.com
木桥浜路小区,住宅,临平,临平,杭州,fang.com
棉百弄小区,住宅,临平,临平,杭州,fang.com
顺达花苑,住宅,临平,临平,杭州,fang.com
相寓,住宅,临平,临平,杭州,fang.com
熙德名府,住宅,临平,临平,杭州,fang.com
珑园,住宅,临平,临平,杭州,fang.com
风华苑,住宅,临平,临平,杭州,fang.com
广大景和苑,住宅,临平,临平,杭州,fang.com
环岛公寓,住宅,临平,临平,杭州,fang.com
环桥花苑,住宅,临平,临平,杭州,fang.com
久雍府,住宅,临平,临平,杭州,fang.com
经建绅世郡,住宅,临平,临平,杭州,fang.com
凯文杭庄,住宅,临平,临平,杭州,fang.com
临城花苑,住宅,临平,临平,杭州,fang.com
龙王塘路小区,住宅,临平,临平,杭州,fang.com
美人堂弄,住宅,临平,临平,杭州,fang.com
石坝新苑南区,住宅,临平,临平,杭州,fang.com
书香名邸,住宅,临平,临平,杭州,fang.com
新丰小区,住宅,临平,临平,杭州,fang.com
新希望锦畔云汀,住宅,临平,临平,杭州,fang.com
新希望美的长粼府,住宅,临平,乔司,杭州,fang.com
御华府,住宅,临平,乔司,杭州,fang.com
璞丽东方,住宅,临平,乔司,杭州,fang.com
复地连城国际,住宅,临平,乔司,杭州,fang.com
源著天樾府,住宅,临平,乔司,杭州,fang.com
金地艺境,住宅,临平,乔司,杭州,fang.com
风景晨园,住宅,临平,乔司,杭州,fang.com
东田怡丰城,住宅,临平,乔司,杭州,fang.com
金辉久尚云筑,住宅,临平,乔司,杭州,fang.com
万泰城章,住宅,临平,乔司,杭州,fang.com
赞成首府,住宅,临平,乔司,杭州,fang.com
德信新希望长粼之宸,住宅,临平,乔司,杭州,fang.com
香悦和鸣府,住宅,临平,乔司,杭州,fang.com
逸景花苑,住宅,临平,乔司,杭州,fang.com
阳光城保亿翡丽云邸,住宅,临平,乔司,杭州,fang.com
中交悦美庐,住宅,临平,乔司,杭州,fang.com
佳兆业君汇上品,住宅,临平,乔司,杭州,fang.com
朗诗未来街区,住宅,临平,乔司,杭州,fang.com
绿地艺尚府,住宅,临平,乔司,杭州,fang.com
禧瑞江南府,住宅,临平,乔司,杭州,fang.com
中建·潮阅尚境,住宅,临平,乔司,杭州,fang.com
蝶翠迎宾府,住宅,临平,乔司,杭州,fang.com
东城丽景,住宅,临平,乔司,杭州,fang.com
复地又一城,住宅,临平,乔司,杭州,fang.com
朗诗花漫里,住宅,临平,乔司,杭州,fang.com
朗诗未来街区东园,住宅,临平,乔司,杭州,fang.com
翁梅新苑二区,住宅,临平,乔司,杭州,fang.com
西房良语云缦,住宅,临平,乔司,杭州,fang.com
东海水景城,住宅,临平,南苑,杭州,fang.com
理想臻品,住宅,临平,南苑,杭州,fang.com
玉园,住宅,临平,南苑,杭州,fang.com
梧桐蓝山,住宅,临平,南苑,杭州,fang.com
理想银泰城,住宅,临平,南苑,杭州,fang.com
康城国际,住宅,临平,南苑,杭州,fang.com
崇邦余之城,住宅,临平,南苑,杭州,fang.com
大美公寓,住宅,临平,南苑,杭州,fang.com
华元欢乐城,住宅,临平,南苑,杭州,fang.com
理想四维康城一品,住宅,临平,南苑,杭州,fang.com
桂花星城,住宅,临平,南苑,杭州,fang.com
临平桂花城,住宅,临平,南苑,杭州,fang.com
东海蓝钻1号,住宅,临平,南苑,杭州,fang.com
鼎悦府,住宅,临平,南苑,杭州,fang.com
金盛花苑,住宅,临平,南苑,杭州,fang.com
九龙仓君廷,住宅,临平,塘栖,杭州,fang.com
香岸华庭,住宅,临平,塘栖,杭州,fang.com
杭辰星万里,住宅,临平,塘栖,杭州,fang.com
康庭和苑,住宅,临平,塘栖,杭州,fang.com
绿城云栖燕庐,住宅,临平,塘栖,杭州,fang.com
启城,住宅,临平,塘栖,杭州,fang.com
香醍溪岸,住宅,临平,塘栖,杭州,fang.com
塘栖乐苑小区,住宅,临平,塘栖,杭州,fang.com
贝利栖溪望府,住宅,临平,塘栖,杭州,fang.com
东晖龙悦湾,住宅,临平,塘栖,杭州,fang.com
景丽华庭,住宅,临平,塘栖,杭州,fang.com
锦绣名邸,住宅,临平,塘栖,杭州,fang.com
水岸锦城,住宅,临平,塘栖,杭州,fang.com
塘栖一小区,住宅,临平,塘栖,杭州,fang.com
塘栖西小河,住宅,临平,塘栖,杭州,fang.com
伟业熙境府,住宅,临平,塘栖,杭州,fang.com
锦昌年华,住宅,临平,崇贤,杭州,fang.com
荣安翡翠半岛,住宅,临平,崇贤,杭州,fang.com
祥生群贤府,住宅,临平,崇贤,杭州,fang.com
京杭府,住宅,临平,崇贤,杭州,fang.com
佳维新苑,住宅,临平,崇贤,杭州,fang.com
西房拱宸外滩,住宅,临平,崇贤,杭州,fang.com
旭辉府,住宅,临平,崇贤,杭州,fang.com
绿都东澜府,住宅,临平,崇贤,杭州,fang.com
水韵四维苑,住宅,临平,崇贤,杭州,fang.com
祥生湛景星合映,住宅,临平,崇贤,杭州,fang.com
北秀向阳苑南区,住宅,临平,崇贤,杭州,fang.com
旭辉运河悦章,住宅,临平,崇贤,杭州,fang.com
西房杭语宸鹭院,住宅,临平,崇贤,杭州,fang.com
中尚橄榄树花园,住宅,临平,崇贤,杭州,fang.com
中和北宸府,住宅,临平,崇贤,杭州,fang.com
招商爱达1872,住宅,临平,崇贤,杭州,fang.com
春风长住·晴翠秋时府,住宅,临平,崇贤,杭州,fang.com
佳源名城,住宅,临平,崇贤,杭州,fang.com
江南院子,住宅,临平,崇贤,杭州,fang.com
绿地众安宸瀚里,住宅,临平,崇贤,杭州,fang.com
上亿中央郡,住宅,临平,崇贤,杭州,fang.com
旭辉时代城,住宅,临平,崇贤,杭州,fang.com
天都城滨沁公寓,住宅,临平,星桥,杭州,fang.com
融创融耀之城,住宅,临平,星桥,杭州,fang.com
辉逸云筑,住宅,临平,星桥,杭州,fang.com
学成府,住宅,临平,星桥,杭州,fang.com
擎天半岛,住宅,临平,星桥,杭州,fang.com
天都城沁源公寓,住宅,临平,星桥,杭州,fang.com
天都城天星苑,住宅,临平,星桥,杭州,fang.com
广厦天都城苏荷苑,住宅,临平,星桥,杭州,fang.com
天都城天河苑,住宅,临平,星桥,杭州,fang.com
天都城上塘源著,住宅,临平,星桥,杭州,fang.com
星缦和润城,住宅,临平,星桥,杭州,fang.com
广厦天都城爵士花园,住宅,临平,星桥,杭州,fang.com
天都城天泉苑,住宅,临平,星桥,杭州,fang.com
天都城天风苑,住宅,临平,星桥,杭州,fang.com
通和十二橡树,住宅,临平,星桥,杭州,fang.com
桂花城(星桥),住宅,临平,星桥,杭州,fang.com
月映星语园,住宅,临平,星桥,杭州,fang.com
紫韵公寓,住宅,临平,星桥,杭州,fang.com
广厦天都城爱尚公寓,住宅,临平,星桥,杭州,fang.com
华庭嘉苑,住宅,临平,星桥,杭州,fang.com
惠都家园,住宅,临平,星桥,杭州,fang.com
美好桂花星座,住宅,临平,星桥,杭州,fang.com
天都城锦上豪庭,住宅,临平,星桥,杭州,fang.com
五月花城,住宅,临平,星桥,杭州,fang.com
星雅嘉园,住宅,临平,星桥,杭州,fang.com
广厦天都城,住宅,临平,星桥,杭州,fang.com
蓝调公寓,住宅,临平,星桥,杭州,fang.com
杭颂星澜府,住宅,临平,星桥,杭州,fang.com
美耀湾,住宅,临平,星桥,杭州,fang.com
天都城天水苑,住宅,临平,星桥,杭州,fang.com
天都城天月苑,住宅,临平,星桥,杭州,fang.com
太平家园,住宅,临平,星桥,杭州,fang.com
温莎花园,住宅,临平,星桥,杭州,fang.com
嘉丰万悦城,住宅,临平,运河新城,杭州,fang.com
湖沁宸园,住宅,临平,运河新城,杭州,fang.com
绿城·燕语海棠轩,住宅,余杭,万达,杭州,fang.com
新西湖小镇,住宅,余杭,中泰,杭州,fang.com
中港罗兰小镇,住宅,余杭,中泰,杭州,fang.com
中锐招商星未来,住宅,余杭,中泰,杭州,fang.com
恒厚阳光城,住宅,余杭,中泰,杭州,fang.com
金岸提香,住宅,余杭,中泰,杭州,fang.com
绿都鉴未来,住宅,余杭,中泰,杭州,fang.com
滨江中豪·枫岭云湾,住宅,余杭,云城,杭州,fang.com
云和雅园,住宅,余杭,仁和,杭州,fang.com
上塘九里,住宅,余杭,仁和,杭州,fang.com
北城芳满庭,住宅,余杭,仁和,杭州,fang.com
仁良花苑,住宅,余杭,仁和,杭州,fang.com
凯文和平雅苑,住宅,余杭,仁和,杭州,fang.com
清合嘉园,住宅,余杭,仁和,杭州,fang.com
龙湖交控西站·杭与城,住宅,余杭,仓前,杭州,fang.com
合景天峻,住宅,余杭,仓前,杭州,fang.com
万通时尚公馆,住宅,余杭,仓前,杭州,fang.com
万科天空之城,住宅,余杭,仓前,杭州,fang.com
华夏四季,住宅,余杭,仓前,杭州,fang.com
渡梦雅居,住宅,余杭,仓前,杭州,fang.com
富力新线公园,住宅,余杭,仓前,杭州,fang.com
滨江越秀中豪·翠宸里,住宅,余杭,仓前,杭州,fang.com
华源福临花苑,住宅,余杭,仓前,杭州,fang.com
仓溢绿苑,住宅,余杭,仓前,杭州,fang.com
城北万象城幸福里,住宅,余杭,勾庄,杭州,fang.com
逸居城,住宅,余杭,勾庄,杭州,fang.com
赞成美树,住宅,余杭,勾庄,杭州,fang.com
天阳棕榈湾,住宅,余杭,勾庄,杭州,fang.com
福翠里,住宅,余杭,勾庄,杭州,fang.com
德信海德公园,住宅,余杭,勾庄,杭州,fang.com
地铁越秀·星缦云渚,住宅,余杭,勾庄,杭州,fang.com
滨江运翠轩,住宅,余杭,勾庄,杭州,fang.com
沁澜雅轩,住宅,余杭,勾庄,杭州,fang.com
滨江旭辉万家之星,住宅,余杭,勾庄,杭州,fang.com
凯喜雅锦河湾,住宅,余杭,勾庄,杭州,fang.com
上亿彩虹郡,住宅,余杭,勾庄,杭州,fang.com
航行前宸湾,住宅,余杭,勾庄,杭州,fang.com
恒和依山郡,住宅,余杭,径山,杭州,fang.com
阳光城未来悦,住宅,余杭,未来科技城,杭州,fang.com
合景映月台,住宅,余杭,未来科技城,杭州,fang.com
远洋西溪公馆,住宅,余杭,未来科技城,杭州,fang.com
杭州富力中心,住宅,余杭,未来科技城,杭州,fang.com
东原印未来,住宅,余杭,未来科技城,杭州,fang.com
北大资源未名府,住宅,余杭,未来科技城,杭州,fang.com
欧美金融城西溪丽晶居,住宅,余杭,未来科技城,杭州,fang.com
奥克斯杭州未来中心,住宅,余杭,未来科技城,杭州,fang.com
大华西溪风情澄品,住宅,余杭,未来科技城,杭州,fang.com
汀岸辰风里,住宅,余杭,未来科技城,杭州,fang.com
欧美金融城(EFC),住宅,余杭,未来科技城,杭州,fang.com
万科溪望尚庭,住宅,余杭,未来科技城,杭州,fang.com
富力西溪悦居,住宅,余杭,未来科技城,杭州,fang.com
泰禾杭州院子,住宅,余杭,未来科技城,杭州,fang.com
杭珹未来中心,住宅,余杭,未来科技城,杭州,fang.com
滨江联合枫翠云轩,住宅,余杭,未来科技城,杭州,fang.com
中南樾府,住宅,余杭,未来科技城,杭州,fang.com
万科星空,住宅,余杭,未来科技城,杭州,fang.com
合景瑜翠园,住宅,余杭,未来科技城,杭州,fang.com
富力十号,住宅,余杭,未来科技城,杭州,fang.com
金成汀云上府,住宅,余杭,未来科技城,杭州,fang.com
合景叠彩园,住宅,余杭,未来科技城,杭州,fang.com
西溪蓝海城,住宅,余杭,未来科技城,杭州,fang.com
交控绿城·汀岸晓庐,住宅,余杭,未来科技城,杭州,fang.com
未来广场银天金城,住宅,余杭,未来科技城,杭州,fang.com
富力西溪悦居溪区,住宅,余杭,未来科技城,杭州,fang.com
新城西溪逸境,住宅,余杭,未来科技城,杭州,fang.com
绿城交投晓月澄庐,住宅,余杭,未来科技城,杭州,fang.com
绿城乐淘城,住宅,余杭,未来科技城,杭州,fang.com
西溪北苑,住宅,余杭,未来科技城,杭州,fang.com
富力十号院,住宅,余杭,未来科技城,杭州,fang.com
华夏之心,住宅,余杭,未来科技城,杭州,fang.com
西溪望庄,住宅,余杭,未来科技城,杭州,fang.com
西溪永乐城,住宅,余杭,未来科技城,杭州,fang.com
西溪北苑北区,住宅,余杭,未来科技城,杭州,fang.com
佳源西溪印象,住宅,余杭,未来科技城,杭州,fang.com
溪谷岚湾,住宅,余杭,瓶窑,杭州,fang.com
星创杭启云珹府,住宅,余杭,瓶窑,杭州,fang.com
信达柳郡,住宅,余杭,瓶窑,杭州,fang.com
馨华园南湖天下,住宅,余杭,老余杭,杭州,fang.com
西西湖,住宅,余杭,老余杭,杭州,fang.com
大华海派风范,住宅,余杭,老余杭,杭州,fang.com
杭语蓝庭,住宅,余杭,老余杭,杭州,fang.com
御蓝湾,住宅,余杭,老余杭,杭州,fang.com
凤玺云著府,住宅,余杭,老余杭,杭州,fang.com
同城印象花苑北区,住宅,余杭,老余杭,杭州,fang.com
月咏新辰轩,住宅,余杭,老余杭,杭州,fang.com
国开东方凤凰台,住宅,余杭,老余杭,杭州,fang.com
西城时代家园,住宅,余杭,老余杭,杭州,fang.com
佳源未来府,住宅,余杭,老余杭,杭州,fang.com
苕溪南湖人家,住宅,余杭,老余杭,杭州,fang.com
西房余杭公馆,住宅,余杭,老余杭,杭州,fang.com
圆乡名筑,住宅,余杭,老余杭,杭州,fang.com
西花庭,住宅,余杭,老余杭,杭州,fang.com
南湖丽景,住宅,余杭,老余杭,杭州,fang.com
远东紫辰花园,住宅,余杭,老余杭,杭州,fang.com
远东紫竹人家,住宅,余杭,老余杭,杭州,fang.com
绿城·云诵桂月,住宅,余杭,老余杭,杭州,fang.com
新南湖绿苑,住宅,余杭,老余杭,杭州,fang.com
亲亲家园一期,住宅,余杭,良渚,杭州,fang.com
上实海上海,住宅,余杭,良渚,杭州,fang.com
烟雨颐和江南府,住宅,余杭,良渚,杭州,fang.com
七贤郡,住宅,余杭,良渚,杭州,fang.com
融创瑷颐湾,住宅,余杭,良渚,杭州,fang.com
上实海上海二期,住宅,余杭,良渚,杭州,fang.com
和昌府,住宅,余杭,良渚,杭州,fang.com
亲亲家园三期,住宅,余杭,良渚,杭州,fang.com
越秀星汇悦城,住宅,余杭,良渚,杭州,fang.com
杜甫新苑,住宅,余杭,良渚,杭州,fang.com
万科北宸之光二期,住宅,余杭,良渚,杭州,fang.com
良渚文化村阳光天际,住宅,余杭,良渚,杭州,fang.com
万科未来城一期,住宅,余杭,良渚,杭州,fang.com
和光尘樾轩,住宅,余杭,良渚,杭州,fang.com
昆仑华府,住宅,余杭,良渚,杭州,fang.com
万科未来城三期,住宅,余杭,良渚,杭州,fang.com
绿城·春知海棠苑,住宅,余杭,良渚,杭州,fang.com
万科北宸之光,住宅,余杭,良渚,杭州,fang.com
嘉凯城名城博园,住宅,余杭,良渚,杭州,fang.com
香格里拉,住宅,余杭,良渚,杭州,fang.com
竹径云山,住宅,余杭,良渚,杭州,fang.com
绿城·月映海棠园,住宅,余杭,良渚,杭州,fang.com
亲亲家园二期,住宅,余杭,良渚,杭州,fang.com
万科郡西澜山,住宅,余杭,良渚,杭州,fang.com
融信澜天,住宅,余杭,良渚,杭州,fang.com
良渚文化村柳映坊,住宅,余杭,良渚,杭州,fang.com
蔚蓝郡,住宅,余杭,良渚,杭州,fang.com
荀山花苑,住宅,余杭,良渚,杭州,fang.com
奥克斯缔逸城,住宅,余杭,良渚,杭州,fang.com
玉都枫景,住宅,余杭,良渚,杭州,fang.com
万科未来城二期,住宅,余杭,良渚,杭州,fang.com
万家名城,住宅,余杭,良渚,杭州,fang.com
协安蓝郡,住宅,余杭,良渚,杭州,fang.com
赞成赞城,住宅,余杭,良渚,杭州,fang.com
大华海派风景,住宅,余杭,良渚,杭州,fang.com
良渚文化村白鹭郡北,住宅,余杭,良渚,杭州,fang.com
良渚文化村白鹭郡东,住宅,余杭,良渚,杭州,fang.com
风雅乐府,住宅,余杭,良渚,杭州,fang.com
平瑞瑞和园,住宅,余杭,良渚,杭州,fang.com
上元公寓,住宅,余杭,良渚,杭州,fang.com
世茂璀璨澜庭,住宅,余杭,良渚,杭州,fang.com
白鹭郡南探梅里(南区),住宅,余杭,良渚,杭州,fang.com
良渚文化村探梅里二期,住宅,余杭,良渚,杭州,fang.com
良渚文化村竹径茶语,住宅,余杭,良渚,杭州,fang.com
良渚文化村探梅里一期,住宅,余杭,良渚,杭州,fang.com
听翠轩,住宅,余杭,良渚,杭州,fang.com
万科良渚文化村秋荷坊,住宅,余杭,良渚,杭州,fang.com
翡翠城梧桐郡,住宅,余杭,闲林,杭州,fang.com
东海闲湖城,住宅,余杭,闲林,杭州,fang.com
绿城桃源小镇,住宅,余杭,闲林,杭州,fang.com
英特学府,住宅,余杭,闲林,杭州,fang.com
雅居乐国际花园,住宅,余杭,闲林,杭州,fang.com
青枫墅园,住宅,余杭,闲林,杭州,fang.com
闲林山水,住宅,余杭,闲林,杭州,fang.com
竹海水韵,住宅,余杭,闲林,杭州,fang.com
新明半岛,住宅,余杭,闲林,杭州,fang.com
复地上城,住宅,余杭,闲林,杭州,fang.com
融创金成未来海,住宅,余杭,闲林,杭州,fang.com
新湖果岭,住宅,余杭,闲林,杭州,fang.com
滨江西溪之星,住宅,余杭,闲林,杭州,fang.com
新湖菲林,住宅,余杭,闲林,杭州,fang.com
绿城湖畔云庐,住宅,余杭,闲林,杭州,fang.com
西溪海小海,住宅,余杭,闲林,杭州,fang.com
融创金成江南府,住宅,余杭,闲林,杭州,fang.com
庭院深深,住宅,余杭,闲林,杭州,fang.com
瑞城花园,住宅,余杭,闲林,杭州,fang.com
西溪华东园,住宅,余杭,闲林,杭州,fang.com
翡翠城,住宅,余杭,闲林,杭州,fang.com
翡翠城凌霄苑,住宅,余杭,闲林,杭州,fang.com
岸上蓝山,住宅,余杭,闲林,杭州,fang.com
西溪融庄,住宅,余杭,闲林,杭州,fang.com
香港兴业耦园,住宅,余杭,闲林,杭州,fang.com
百家乐西园,住宅,余杭,闲林,杭州,fang.com
爵士风情,住宅,余杭,闲林,杭州,fang.com
融创金成西溪海,住宅,余杭,闲林,杭州,fang.com
滨江枫汀云邸,住宅,余杭,闲林,杭州,fang.com
东海闲湖城(公寓住宅),住宅,余杭,闲林,杭州,fang.com
盛世嘉园,住宅,余杭,闲林,杭州,fang.com
佳兆业西溪璞园,住宅,余杭,闲林,杭州,fang.com
时代天境,住宅,余杭,闲林,杭州,fang.com
众安学君里,住宅,余杭,闲林,杭州,fang.com
爱丁郡,住宅,余杭,闲林,杭州,fang.com
科嘉苑,住宅,余杭,闲林,杭州,fang.com
温莎郡,住宅,余杭,闲林,杭州,fang.com
新时代城市家园,住宅,余杭,闲林,杭州,fang.com
蒙卡岸,住宅,余杭,闲林,杭州,fang.com
溪上玫瑰园,住宅,余杭,闲林,杭州,fang.com
翡翠城(东北区),住宅,余杭,闲林,杭州,fang.com
保亿丽景山,住宅,余杭,闲林,杭州,fang.com
翡翠城春晓苑,住宅,余杭,闲林,杭州,fang.com
华盛星洲翠谷,住宅,余杭,闲林,杭州,fang.com
宏丰家居城小区,住宅,余杭,闲林,杭州,fang.com
金都雅苑,住宅,余杭,闲林,杭州,fang.com
绿野春天翠谷幽兰,住宅,余杭,闲林,杭州,fang.com
桃花源公寓楼,住宅,余杭,闲林,杭州,fang.com
西溪君庐,住宅,余杭,闲林,杭州,fang.com
溪上云峰府,住宅,余杭,闲林,杭州,fang.com
乐山红叶,住宅,余杭,闲林,杭州,fang.com
泊林漫谷,住宅,余杭,闲林,杭州,fang.com
华景川曜珹里,住宅,余杭,闲林,杭州,fang.com
江南新港,住宅,余杭,闲林,杭州,fang.com
荆山翠谷,住宅,余杭,闲林,杭州,fang.com
融创溪涧堂,住宅,余杭,闲林,杭州,fang.com
七里香溪,住宅,富阳,东洲,杭州,fang.com
富春山居,住宅,富阳,东洲,杭州,fang.com
云望璞园,住宅,富阳,东洲,杭州,fang.com
鸣翠桃源,住宅,富阳,东洲,杭州,fang.com
九龙一号,住宅,富阳,东洲,杭州,fang.com
碧云天,住宅,富阳,东洲,杭州,fang.com
彩虹嘉都,住宅,富阳,东洲,杭州,fang.com
东洲钱塘家园,住宅,富阳,东洲,杭州,fang.com
东望雅苑南区,住宅,富阳,东洲,杭州,fang.com
东望雅苑北区,住宅,富阳,东洲,杭州,fang.com
飞虹丁香花园,住宅,富阳,东洲,杭州,fang.com
富阳区锦绣兰庭,住宅,富阳,东洲,杭州,fang.com
阳光城西郊半岛,住宅,富阳,富春,杭州,fang.com
大华·峰汇华城,住宅,富阳,富春,杭州,fang.com
富阳锦华园,住宅,富阳,富春,杭州,fang.com
万科君望花苑,住宅,富阳,富春,杭州,fang.com
阳光城西郊半岛山语庭,住宅,富阳,富春,杭州,fang.com
北堤北路小区,住宅,富阳,富春,杭州,fang.com
城东社区,住宅,富阳,富春,杭州,fang.com
大桥路(富阳),住宅,富阳,富春,杭州,fang.com
东兴路(富阳),住宅,富阳,富春,杭州,fang.com
大桥路54幢小区,住宅,富阳,富春,杭州,fang.com
东山花苑,住宅,富阳,富春,杭州,fang.com
富阳金汇迎宾首府,住宅,富阳,富春,杭州,fang.com
丰收路17-95号小区,住宅,富阳,富春,杭州,fang.com
富阳天时苑,住宅,富阳,富春,杭州,fang.com
花坞嘉苑,住宅,富阳,富春,杭州,fang.com
花坞北路小区,住宅,富阳,富春,杭州,fang.com
环山路12-4号小区,住宅,富阳,富春,杭州,fang.com
虎山路13号小区,住宅,富阳,富春,杭州,fang.com
祥生云湖城,住宅,富阳,富阳,杭州,fang.com
万达同心湾,住宅,富阳,富阳,杭州,fang.com
野风秋雅,住宅,富阳,富阳,杭州,fang.com
广宇锦云里,住宅,富阳,富阳,杭州,fang.com
绿城云栖桃花源,住宅,富阳,富阳,杭州,fang.com
绿城桂语映月,住宅,富阳,富阳,杭州,fang.com
阳光城悦景湾,住宅,富阳,富阳,杭州,fang.com
三江澳海澜庭,住宅,富阳,富阳,杭州,fang.com
清源上林湖洋房,住宅,富阳,富阳,杭州,fang.com
三江鸣翠桃源,住宅,富阳,富阳,杭州,fang.com
新界2020,住宅,富阳,富阳,杭州,fang.com
颐景山庄,住宅,富阳,富阳,杭州,fang.com
野风春晓,住宅,富阳,富阳,杭州,fang.com
阳光城山水悦江府,住宅,富阳,富阳,杭州,fang.com
梓树花苑,住宅,富阳,富阳,杭州,fang.com
中国中铁溪畔云璟府,住宅,富阳,富阳,杭州,fang.com
澳海香樟苑,住宅,富阳,富阳,杭州,fang.com
泊金湾,住宅,富阳,富阳,杭州,fang.com
大家悦墅,住宅,富阳,富阳,杭州,fang.com
大家金鼎府,住宅,富阳,富阳,杭州,fang.com
恩波社区桂花路小区,住宅,富阳,富阳,杭州,fang.com
金色家园(富阳),住宅,富阳,富阳,杭州,fang.com
九龙仓世纪华府,住宅,富阳,富阳,杭州,fang.com
金城阳光苑,住宅,富阳,富阳,杭州,fang.com
金汇之星,住宅,富阳,富阳,杭州,fang.com
康乐新居,住宅,富阳,富阳,杭州,fang.com
绿城桂语新月,住宅,富阳,富阳,杭州,fang.com
山水国际,住宅,富阳,富阳,杭州,fang.com
山水如画,住宅,富阳,富阳,杭州,fang.com
杏园小区,住宅,富阳,富阳,杭州,fang.com
招商德信云望之宸,住宅,富阳,富阳,杭州,fang.com
澳海云樾赋,住宅,富阳,富阳,杭州,fang.com
澳海百合云泽赋,住宅,富阳,富阳,杭州,fang.com
安居西弄75号小区,住宅,富阳,富阳,杭州,fang.com
安居西弄39-57号小区,住宅,富阳,富阳,杭州,fang.com
百合蓝鸟苑,住宅,富阳,富阳,杭州,fang.com
碧桂园铂玺湾,住宅,富阳,富阳,杭州,fang.com
百合社区,住宅,富阳,富阳,杭州,fang.com
滨溪阳光家园A区,住宅,富阳,富阳,杭州,fang.com
秉贤大院,住宅,富阳,富阳,杭州,fang.com
滨汇府,住宅,富阳,富阳,杭州,fang.com
北门路小区,住宅,富阳,富阳,杭州,fang.com
百合景苑小区,住宅,富阳,富阳,杭州,fang.com
北堤路44-46号小区,住宅,富阳,富阳,杭州,fang.com
北堤路10号小区,住宅,富阳,富阳,杭州,fang.com
百合新城小区,住宅,富阳,富阳,杭州,fang.com
春江花苑,住宅,富阳,富阳,杭州,fang.com
春江花月,住宅,富阳,富阳,杭州,fang.com
春秋北路小区,住宅,富阳,富阳,杭州,fang.com
春秋南路小区,住宅,富阳,富阳,杭州,fang.com
春珑华裕府,住宅,富阳,富阳,杭州,fang.com
春江花园小区,住宅,富阳,富阳,杭州,fang.com
春秋北路72-130号小区,住宅,富阳,富阳,杭州,fang.com
城东街小区,住宅,富阳,富阳,杭州,fang.com
春秋南路2-39号小区,住宅,富阳,富阳,杭州,fang.com
春江路66号小区,住宅,富阳,富阳,杭州,fang.com
春秋北路61-63号小区,住宅,富阳,富阳,杭州,fang.com
城东2弄4幢楼,住宅,富阳,富阳,杭州,fang.com
彩虹路,住宅,富阳,富阳,杭州,fang.com
春南社区,住宅,富阳,富阳,杭州,fang.com
城西社区,住宅,富阳,富阳,杭州,fang.com
彩云苑,住宅,富阳,富阳,杭州,fang.com
丁香花园,住宅,富阳,富阳,杭州,fang.com
丹阳花园,住宅,富阳,富阳,杭州,fang.com
德邑上城,住宅,富阳,富阳,杭州,fang.com
大家小墅,住宅,富阳,富阳,杭州,fang.com
德邻公寓,住宅,富阳,富阳,杭州,fang.com
大家云上金铭府,住宅,富阳,富阳,杭州,fang.com
戴家弄小区,住宅,富阳,富阳,杭州,fang.com
东门路61号小区,住宅,富阳,富阳,杭州,fang.com
达夫路326-328号小区,住宅,富阳,富阳,杭州,fang.com
大寺弄8-29号小区,住宅,富阳,富阳,杭州,fang.com
"达夫路161,179号小区",住宅,富阳,富阳,杭州,fang.com
"东安路26,58号小区",住宅,富阳,富阳,杭州,fang.com
丁婆弄小区,住宅,富阳,富阳,杭州,fang.com
东都府,住宅,富阳,富阳,杭州,fang.com
大家金钰府,住宅,富阳,富阳,杭州,fang.com
恩波大道180号小区,住宅,富阳,富阳,杭州,fang.com
恩波大道320号小区,住宅,富阳,富阳,杭州,fang.com
恩波花园,住宅,富阳,富阳,杭州,fang.com
恩波沙发店,住宅,富阳,富阳,杭州,fang.com
峰华花苑,住宅,富阳,富阳,杭州,fang.com
丰泽园,住宅,富阳,富阳,杭州,fang.com
复城国际,住宅,富阳,富阳,杭州,fang.com
富阳公元名家,住宅,富阳,富阳,杭州,fang.com
富春水岸,住宅,富阳,富阳,杭州,fang.com
富春新天地,住宅,富阳,富阳,杭州,fang.com
富春江南,住宅,富阳,富阳,杭州,fang.com
峰华雅苑,住宅,富阳,富阳,杭州,fang.com
凤浦小区,住宅,富阳,富阳,杭州,fang.com
富春印象金座,住宅,富阳,富阳,杭州,fang.com
富春街小区,住宅,富阳,富阳,杭州,fang.com
放马沙路小区,住宅,富阳,富阳,杭州,fang.com
富阳宝龙城市广场小区,住宅,富阳,富阳,杭州,fang.com
富阳公安局公寓,住宅,富阳,富阳,杭州,fang.com
富宸江滨18号公馆小区,住宅,富阳,富阳,杭州,fang.com
富景都会公寓小区,住宅,富阳,富阳,杭州,fang.com
富宸嘉苑小区,住宅,富阳,富阳,杭州,fang.com
富通小区,住宅,富阳,富阳,杭州,fang.com
富阳春秋社区,住宅,富阳,富阳,杭州,fang.com
富阳丰泽苑,住宅,富阳,富阳,杭州,fang.com
富阳金城花园,住宅,富阳,富阳,杭州,fang.com
富阳幸福家园,住宅,富阳,富阳,杭州,fang.com
光明逸品春江,住宅,富阳,富阳,杭州,fang.com
葛溪西路小区,住宅,富阳,富阳,杭州,fang.com
高桥花苑,住宅,富阳,富阳,杭州,fang.com
高桥西路小区,住宅,富阳,富阳,杭州,fang.com
光明路小区,住宅,富阳,富阳,杭州,fang.com
"工农路61,87,95,97号小区",住宅,富阳,富阳,杭州,fang.com
桂花西路250号小区,住宅,富阳,富阳,杭州,fang.com
桂花西路279-2号小区,住宅,富阳,富阳,杭州,fang.com
钢圈厂路90-116号小区,住宅,富阳,富阳,杭州,fang.com
"桂花西路168,217,233号小区",住宅,富阳,富阳,杭州,fang.com
郜悦观府南区,住宅,富阳,富阳,杭州,fang.com
郜悦观府北区,住宅,富阳,富阳,杭州,fang.com
桂花西路小区,住宅,富阳,富阳,杭州,fang.com
鹳山社区,住宅,富阳,富阳,杭州,fang.com
华铭文澜雅苑,住宅,富阳,富阳,杭州,fang.com
恒鑫贤明府,住宅,富阳,富阳,杭州,fang.com
好望城,住宅,富阳,富阳,杭州,fang.com
杭黄未来社区,住宅,富阳,富阳,杭州,fang.com
后拔路小区,住宅,富阳,富阳,杭州,fang.com
后河西路小区,住宅,富阳,富阳,杭州,fang.com
花坞路小区,住宅,富阳,富阳,杭州,fang.com
后河西路2-21号小区,住宅,富阳,富阳,杭州,fang.com
"华庭西路66,81号小区",住宅,富阳,富阳,杭州,fang.com
回春路3-20号小区,住宅,富阳,富阳,杭州,fang.com
后拔路107-282号小区,住宅,富阳,富阳,杭州,fang.com
华通江滨公寓,住宅,富阳,富阳,杭州,fang.com
惠来樾府,住宅,富阳,富阳,杭州,fang.com
回春路春晖社区,住宅,富阳,富阳,杭州,fang.com
虎山社区,住宅,富阳,富阳,杭州,fang.com
虎山雅苑,住宅,富阳,富阳,杭州,fang.com
后亭子社区,住宅,富阳,富阳,杭州,fang.com
后周嘉苑,住宅,富阳,富阳,杭州,fang.com
后周社区,住宅,富阳,富阳,杭州,fang.com
镬子山社区,住宅,富阳,富阳,杭州,fang.com
金宇彩虹嘉都,住宅,富阳,富阳,杭州,fang.com
金都铭苑,住宅,富阳,富阳,杭州,fang.com
金茂万科新都会,住宅,富阳,富阳,杭州,fang.com
秦望府一期,住宅,富阳,富阳,杭州,fang.com
建设锦园,住宅,富阳,富阳,杭州,fang.com
金平路小区,住宅,富阳,富阳,杭州,fang.com
金浦路小区,住宅,富阳,富阳,杭州,fang.com
金桥南路小区,住宅,富阳,富阳,杭州,fang.com
金桥村金家墩,住宅,富阳,富阳,杭州,fang.com
金城路111号小区,住宅,富阳,富阳,杭州,fang.com
巨利新村,住宅,富阳,富阳,杭州,fang.com
金苑路2-72号小区,住宅,富阳,富阳,杭州,fang.com
金周福邸,住宅,富阳,富阳,杭州,fang.com
嘉禾广场,住宅,富阳,湖滨,杭州,fang.com
九龙仓雍景山,住宅,富阳,银湖,杭州,fang.com
和昌云栖玖著,住宅,富阳,银湖,杭州,fang.com
华庭云顶,住宅,富阳,银湖,杭州,fang.com
逸城,住宅,富阳,银湖,杭州,fang.com
微风之城,住宅,富阳,银湖,杭州,fang.com
富春硅谷麓园,住宅,富阳,银湖,杭州,fang.com
银湖花苑,住宅,富阳,银湖,杭州,fang.com
富春红郡,住宅,富阳,银湖,杭州,fang.com
铭鹤花园,住宅,富阳,银湖,杭州,fang.com
顺源府,住宅,富阳,银湖,杭州,fang.com
施家园花苑,住宅,富阳,银湖,杭州,fang.com
广通云河福邸,住宅,富阳,银湖,杭州,fang.com
怀石雅苑,住宅,富阳,银湖,杭州,fang.com
丽景湾,住宅,富阳,银湖,杭州,fang.com
瑞源邸,住宅,富阳,银湖,杭州,fang.com
悦望名邸,住宅,富阳,银湖,杭州,fang.com
富春硅谷,住宅,富阳,银湖,杭州,fang.com
光谷国际中心公寓,住宅,富阳,银湖,杭州,fang.com
金苑山庄,住宅,富阳,银湖,杭州,fang.com
建工路,住宅,建德,半山,杭州,fang.com
紫金新安悦府(公寓住宅),住宅,建德,建德,杭州,fang.com
恒大御泉四季,住宅,建德,建德,杭州,fang.com
江和城和园,住宅,建德,建德,杭州,fang.com
碧江花苑,住宅,建德,建德,杭州,fang.com
焦山新村,住宅,建德,建德,杭州,fang.com
漫悦湾住宅,住宅,建德,建德,杭州,fang.com
清源新居,住宅,建德,建德,杭州,fang.com
新安郡,住宅,建德,建德,杭州,fang.com
程周坞小区,住宅,建德,建德,杭州,fang.com
金塘小区(南区),住宅,建德,建德,杭州,fang.com
严州誉境府,住宅,建德,建德,杭州,fang.com
德信中南江山云起住宅,住宅,建德,建德,杭州,fang.com
风尚泽园,住宅,建德,建德,杭州,fang.com
富力御江山小区,住宅,建德,建德,杭州,fang.com
龙大洋安学府,住宅,建德,建德,杭州,fang.com
普惠家园(一期),住宅,建德,建德,杭州,fang.com
仁丰府,住宅,建德,建德,杭州,fang.com
水韵天城,住宅,建德,建德,杭州,fang.com
阳光家园,住宅,建德,建德,杭州,fang.com
慈岩印象城,住宅,建德,建德,杭州,fang.com
近溪嘉园,住宅,建德,建德,杭州,fang.com
建德洋溪嘉和雅苑,住宅,建德,建德,杭州,fang.com
绿都中天云屿江月,住宅,建德,建德,杭州,fang.com
龙源御景园,住宅,建德,建德,杭州,fang.com
普惠家园(三期),住宅,建德,建德,杭州,fang.com
田园月亮湾,住宅,建德,建德,杭州,fang.com
望江豪庭,住宅,建德,建德,杭州,fang.com
香溢新安家园,住宅,建德,建德,杭州,fang.com
洋安家园,住宅,建德,建德,杭州,fang.com
朱池新村,住宅,建德,建德,杭州,fang.com
巴萨名门,住宅,建德,建德,杭州,fang.com
国大阳光星辰,住宅,建德,建德,杭州,fang.com
国信·新安明珠,住宅,建德,建德,杭州,fang.com
国大·阳光星辰,住宅,建德,建德,杭州,fang.com
华宇悦府,住宅,建德,建德,杭州,fang.com
红枫花园,住宅,建德,建德,杭州,fang.com
华隆公寓,住宅,建德,建德,杭州,fang.com
和风苑,住宅,建德,建德,杭州,fang.com
和雅苑,住宅,建德,建德,杭州,fang.com
借山景苑,住宅,建德,建德,杭州,fang.com
江南春公寓,住宅,建德,建德,杭州,fang.com
金塘小区(北区),住宅,建德,建德,杭州,fang.com
江山郡(公寓住宅),住宅,建德,建德,杭州,fang.com
建德一品,住宅,建德,建德,杭州,fang.com
江和城和颂苑,住宅,建德,建德,杭州,fang.com
山水华庭,住宅,建德,建德,杭州,fang.com
新港公寓,住宅,建德,建德,杭州,fang.com
新电小区,住宅,建德,建德,杭州,fang.com
兴溪花园,住宅,建德,建德,杭州,fang.com
信诚公寓,住宅,建德,建德,杭州,fang.com
新安·南岸花苑,住宅,建德,建德,杭州,fang.com
香缇御峰苑,住宅,建德,建德,杭州,fang.com
叶家社区,住宅,建德,建德,杭州,fang.com
安康碧霞小区,住宅,建德,建德,杭州,fang.com
爱和苑,住宅,建德,建德,杭州,fang.com
半岛国际大厦,住宅,建德,建德,杭州,fang.com
巴萨星城,住宅,建德,建德,杭州,fang.com
白沙新村,住宅,建德,建德,杭州,fang.com
"宝华洲路31,33号小区",住宅,建德,建德,杭州,fang.com
百旗家园,住宅,建德,建德,杭州,fang.com
城中花苑,住宅,建德,建德,杭州,fang.com
城东雅苑,住宅,建德,建德,杭州,fang.com
朝阳小苑,住宅,建德,建德,杭州,fang.com
城中嘉苑,住宅,建德,建德,杭州,fang.com
沧滩社区,住宅,建德,建德,杭州,fang.com
昌西二路小区,住宅,建德,建德,杭州,fang.com
春江花苑(建德),住宅,建德,建德,杭州,fang.com
东山湾,住宅,建德,建德,杭州,fang.com
东都江景苑,住宅,建德,建德,杭州,fang.com
东都·城市家园,住宅,建德,建德,杭州,fang.com
大同金鑫佳苑,住宅,建德,建德,杭州,fang.com
大同中学家属院,住宅,建德,建德,杭州,fang.com
稻花公寓,住宅,建德,建德,杭州,fang.com
大同柳城雅苑B区,住宅,建德,建德,杭州,fang.com
大同柳城雅苑A区,住宅,建德,建德,杭州,fang.com
府西丹桂商苑,住宅,建德,建德,杭州,fang.com
枫坞塘山庄,住宅,建德,建德,杭州,fang.com
府西路50号小区,住宅,建德,建德,杭州,fang.com
广宇新世纪花园,住宅,建德,建德,杭州,fang.com
广信金都园,住宅,建德,建德,杭州,fang.com
更楼农贸市场,住宅,建德,建德,杭州,fang.com
高家地黄家苑,住宅,建德,建德,杭州,fang.com
华庭嘉园,住宅,建德,建德,杭州,fang.com
荷塘嘉苑,住宅,建德,建德,杭州,fang.com
恒通世纪公寓小区,住宅,建德,建德,杭州,fang.com
花亭苑,住宅,建德,建德,杭州,fang.com
汇美家园,住宅,建德,建德,杭州,fang.com
宏都小区,住宅,建德,建德,杭州,fang.com
宏顺·阳光雅苑,住宅,建德,建德,杭州,fang.com
华海路小区,住宅,建德,建德,杭州,fang.com
环城东路37号小区(建德),住宅,建德,建德,杭州,fang.com
恒通沁心公寓,住宅,建德,建德,杭州,fang.com
和美家园,住宅,建德,建德,杭州,fang.com
金色佳园,住宅,建德,建德,杭州,fang.com
建德子胥路与市场路交叉口,住宅,建德,建德,杭州,fang.com
锦绣庄园,住宅,建德,建德,杭州,fang.com
金马中心,住宅,建德,建德,杭州,fang.com
近江花园,住宅,建德,建德,杭州,fang.com
健康新村,住宅,建德,建德,杭州,fang.com
景轩公寓,住宅,建德,建德,杭州,fang.com
锦园楼,住宅,建德,建德,杭州,fang.com
金地家园,住宅,建德,建德,杭州,fang.com
景华园,住宅,建德,建德,杭州,fang.com
江枫花苑,住宅,建德,建德,杭州,fang.com
金鑫佳苑,住宅,建德,建德,杭州,fang.com
江南丽景,住宅,建德,建德,杭州,fang.com
建北南路146号小区,住宅,建德,建德,杭州,fang.com
解放路105-106号小区(建德),住宅,建德,建德,杭州,fang.com
建国路71号小区,住宅,建德,建德,杭州,fang.com
蒋家山路小区,住宅,建德,建德,杭州,fang.com
江南佳苑(建德),住宅,建德,建德,杭州,fang.com
佳和苑(南区),住宅,建德,建德,杭州,fang.com
金境玉上府,住宅,建德,建德,杭州,fang.com
江和城臻园,住宅,建德,建德,杭州,fang.com
江城嘉苑,住宅,建德,建德,杭州,fang.com
龙源水居北区,住宅,建德,建德,杭州,fang.com
龙源清溪翠谷,住宅,建德,建德,杭州,fang.com
蓝天雅苑,住宅,建德,建德,杭州,fang.com
临江花苑,住宅,建德,建德,杭州,fang.com
龙源山庄,住宅,建德,建德,杭州,fang.com
龙源水居,住宅,建德,建德,杭州,fang.com
里阳农居安置小区,住宅,建德,建德,杭州,fang.com
拉里维娜,住宅,建德,建德,杭州,fang.com
柳城路小区,住宅,建德,建德,杭州,fang.com
乐豪壹品华府,住宅,建德,建德,杭州,fang.com
麻园小区,住宅,建德,建德,杭州,fang.com
明都公寓,住宅,建德,建德,杭州,fang.com
马鞍路2号小区,住宅,建德,建德,杭州,fang.com
梅花南路18-20号小区,住宅,建德,建德,杭州,fang.com
南港公寓,住宅,建德,建德,杭州,fang.com
南洋明珠花苑,住宅,建德,建德,杭州,fang.com
求是花园,住宅,建德,建德,杭州,fang.com
清溪翠谷,住宅,建德,建德,杭州,fang.com
桥南南安花苑,住宅,建德,建德,杭州,fang.com
乾谭阳光佳园,住宅,建德,建德,杭州,fang.com
千岛花苑,住宅,建德,建德,杭州,fang.com
清怡花园,住宅,建德,建德,杭州,fang.com
青池公寓,住宅,建德,建德,杭州,fang.com
沁雅山庄,住宅,建德,建德,杭州,fang.com
亲亲家园(建德),住宅,建德,建德,杭州,fang.com
清江星辰,住宅,建德,建德,杭州,fang.com
如森之堡,住宅,建德,建德,杭州,fang.com
融富府,住宅,建德,建德,杭州,fang.com
万固观澜府,住宅,建德,新安江,杭州,fang.com
建德·恒大林溪郡,住宅,建德,新安江,杭州,fang.com
碧桂园望江台,住宅,建德,新安江,杭州,fang.com
绿城玉兰花园(建德),住宅,建德,新安江,杭州,fang.com
建德恒太城小区,住宅,建德,新安江,杭州,fang.com
绿城春江明月,住宅,建德,新安江,杭州,fang.com
新安花园,住宅,建德,新安江,杭州,fang.com
一江春水,住宅,建德,新安江,杭州,fang.com
政法路1-24号小区,住宅,建德,新安江,杭州,fang.com
绿城香樟园,住宅,建德,新安江,杭州,fang.com
新电路16-18幢小区,住宅,建德,新安江,杭州,fang.com
新林路1-34号小区,住宅,建德,新安江,杭州,fang.com
凤凰家园(建德),住宅,建德,新安江,杭州,fang.com
翡翠成堡,住宅,建德,新安江,杭州,fang.com
环城北路25-52号小区(建德新安江),住宅,建德,新安江,杭州,fang.com
江和城,住宅,建德,新安江,杭州,fang.com
健康南路小区,住宅,建德,新安江,杭州,fang.com
江滨路6-38幢小区,住宅,建德,新安江,杭州,fang.com
桔园巷小区,住宅,建德,新安江,杭州,fang.com
绿城美好广场小区,住宅,建德,新安江,杭州,fang.com
秀水华庭,住宅,建德,新安江,杭州,fang.com
新安东路81号小区,住宅,建德,新安江,杭州,fang.com
新水居,住宅,建德,新安江,杭州,fang.com
新安江时代广场,住宅,建德,新安江,杭州,fang.com
政法路25-120号小区,住宅,建德,新安江,杭州,fang.com
紫金家园,住宅,建德,新安江,杭州,fang.com
艾溪路182号小区,住宅,建德,新安江,杭州,fang.com
艾溪路6号小区,住宅,建德,新安江,杭州,fang.com
白沙路43幢楼,住宅,建德,新安江,杭州,fang.com
白沙路77号小区,住宅,建德,新安江,杭州,fang.com
白沙路123-127号小区,住宅,建德,新安江,杭州,fang.com
"白沙路5,13,19号小区",住宅,建德,新安江,杭州,fang.com
"沧滩路2,3幢小区",住宅,建德,新安江,杭州,fang.com
翠薇路小区,住宅,建德,新安江,杭州,fang.com
彩虹公寓,住宅,建德,新安江,杭州,fang.com
电视路1-23幢小区,住宅,建德,新安江,杭州,fang.com
大宅门公寓,住宅,建德,新安江,杭州,fang.com
法院路小区,住宅,建德,新安江,杭州,fang.com
府西路30-97幢小区,住宅,建德,新安江,杭州,fang.com
广兴北路小区,住宅,建德,新安江,杭州,fang.com
"环城北路3,6,13号小区(建德新安江)",住宅,建德,新安江,杭州,fang.com
环城北路20号小区,住宅,建德,新安江,杭州,fang.com
锦华园,住宅,建德,新安江,杭州,fang.com
健康北路1-19号小区,住宅,建德,新安江,杭州,fang.com
健康北路26-68号小区,住宅,建德,新安江,杭州,fang.com
桔园公寓,住宅,建德,新安江,杭州,fang.com
建德恒水大楼,住宅,建德,新安江,杭州,fang.com
江南雅苑,住宅,建德,新安江,杭州,fang.com
锦绣山庄,住宅,建德,新安江,杭州,fang.com
康安路小区,住宅,建德,新安江,杭州,fang.com
康乐路2-6号小区,住宅,建德,新安江,杭州,fang.com
拉里维娜·水上人间花园,住宅,建德,新安江,杭州,fang.com
罗桐小区,住宅,建德,新安江,杭州,fang.com
临江公寓(建德),住宅,建德,新安江,杭州,fang.com
普山路小区,住宅,建德,新安江,杭州,fang.com
青山里家,住宅,建德,新安江,杭州,fang.com
万星悦城,住宅,桐庐,桐庐,杭州,fang.com
慧园,住宅,桐庐,桐庐,杭州,fang.com
江南壹号院,住宅,桐庐,桐庐,杭州,fang.com
富春江花苑,住宅,桐庐,桐庐,杭州,fang.com
奥城望,住宅,桐庐,桐庐,杭州,fang.com
春江山居,住宅,桐庐,桐庐,杭州,fang.com
浮桥埠小区,住宅,桐庐,桐庐,杭州,fang.com
工商小区(邮电路),住宅,桐庐,桐庐,杭州,fang.com
江南名都,住宅,桐庐,桐庐,杭州,fang.com
伟邦江南明月,住宅,桐庐,桐庐,杭州,fang.com
小岭路小区,住宅,桐庐,桐庐,杭州,fang.com
安居苑小区,住宅,桐庐,桐庐,杭州,fang.com
安瑞翰林苑,住宅,桐庐,桐庐,杭州,fang.com
滨江一号公馆,住宅,桐庐,桐庐,杭州,fang.com
滨江九号公寓,住宅,桐庐,桐庐,杭州,fang.com
滨江上杭小区,住宅,桐庐,桐庐,杭州,fang.com
滨江中杭小区,住宅,桐庐,桐庐,杭州,fang.com
滨江大联小区,住宅,桐庐,桐庐,杭州,fang.com
滨江柴埠小区一区,住宅,桐庐,桐庐,杭州,fang.com
巴比松法式风情小镇,住宅,桐庐,桐庐,杭州,fang.com
滨江公寓(桐庐),住宅,桐庐,桐庐,杭州,fang.com
春江路小区,住宅,桐庐,桐庐,杭州,fang.com
宸宫花园,住宅,桐庐,桐庐,杭州,fang.com
陈庄新苑北区,住宅,桐庐,桐庐,杭州,fang.com
城东弄,住宅,桐庐,桐庐,杭州,fang.com
春江景苑龙祥园,住宅,桐庐,桐庐,杭州,fang.com
春江景苑龙腾园,住宅,桐庐,桐庐,杭州,fang.com
城南路957号小区,住宅,桐庐,桐庐,杭州,fang.com
"春江路1040,1086号小区",住宅,桐庐,桐庐,杭州,fang.com
城中路101号小区,住宅,桐庐,桐庐,杭州,fang.com
春江路1093号小区,住宅,桐庐,桐庐,杭州,fang.com
春江路947号小区,住宅,桐庐,桐庐,杭州,fang.com
春江花园(桐庐),住宅,桐庐,桐庐,杭州,fang.com
城市中心(桐庐),住宅,桐庐,桐庐,杭州,fang.com
车把小区,住宅,桐庐,桐庐,杭州,fang.com
城东家苑,住宅,桐庐,桐庐,杭州,fang.com
柴埠小区二区,住宅,桐庐,桐庐,杭州,fang.com
垂云路102号小区,住宅,桐庐,桐庐,杭州,fang.com
大洋豪庭,住宅,桐庐,桐庐,杭州,fang.com
钓台家苑,住宅,桐庐,桐庐,杭州,fang.com
对门山四弄小区,住宅,桐庐,桐庐,杭州,fang.com
大洋文景公寓,住宅,桐庐,桐庐,杭州,fang.com
东都江南名苑,住宅,桐庐,桐庐,杭州,fang.com
大奇山路358号小区,住宅,桐庐,桐庐,杭州,fang.com
大洋坪32-40号小区,住宅,桐庐,桐庐,杭州,fang.com
东门小区(桐庐),住宅,桐庐,桐庐,杭州,fang.com
东方景苑,住宅,桐庐,桐庐,杭州,fang.com
富春望,住宅,桐庐,桐庐,杭州,fang.com
富欧罗兰公寓,住宅,桐庐,桐庐,杭州,fang.com
富春云庄,住宅,桐庐,桐庐,杭州,fang.com
丰汇公寓,住宅,桐庐,桐庐,杭州,fang.com
富春滨江水岸华庭,住宅,桐庐,桐庐,杭州,fang.com
富润家园,住宅,桐庐,桐庐,杭州,fang.com
富春华庭,住宅,桐庐,桐庐,杭州,fang.com
富都嘉园,住宅,桐庐,桐庐,杭州,fang.com
凤凰新村(桐庐),住宅,桐庐,桐庐,杭州,fang.com
粉厂小区,住宅,桐庐,桐庐,杭州,fang.com
汾江综合大楼,住宅,桐庐,桐庐,杭州,fang.com
富安嘉苑,住宅,桐庐,桐庐,杭州,fang.com
富春居,住宅,桐庐,桐庐,杭州,fang.com
富春花园,住宅,桐庐,桐庐,杭州,fang.com
国际金都,住宅,桐庐,桐庐,杭州,fang.com
国贸路,住宅,桐庐,桐庐,杭州,fang.com
桂花园(桐庐),住宅,桐庐,桐庐,杭州,fang.com
公园山路小区,住宅,桐庐,桐庐,杭州,fang.com
谷井路小区,住宅,桐庐,桐庐,杭州,fang.com
广场路18号小区(桐庐),住宅,桐庐,桐庐,杭州,fang.com
广电路车站宿舍,住宅,桐庐,桐庐,杭州,fang.com
广电小区(桐庐),住宅,桐庐,桐庐,杭州,fang.com
广丰家园,住宅,桐庐,桐庐,杭州,fang.com
格林花园住宅,住宅,桐庐,桐庐,杭州,fang.com
红楼之星,住宅,桐庐,桐庐,杭州,fang.com
汇金江南府,住宅,桐庐,桐庐,杭州,fang.com
华博东门首府,住宅,桐庐,桐庐,杭州,fang.com
宏鑫祥和人家,住宅,桐庐,桐庐,杭州,fang.com
恒大观澜府,住宅,桐庐,桐庐,杭州,fang.com
惠民小区,住宅,桐庐,桐庐,杭州,fang.com
华光公寓,住宅,桐庐,桐庐,杭州,fang.com
华桐大厦,住宅,桐庐,桐庐,杭州,fang.com
海陆世贸寓所,住宅,桐庐,桐庐,杭州,fang.com
黄坡岭小区,住宅,桐庐,桐庐,杭州,fang.com
花坪山小区,住宅,桐庐,桐庐,杭州,fang.com
家景星城三期,住宅,桐庐,桐庐,杭州,fang.com
嘉楠阳光华庭,住宅,桐庐,桐庐,杭州,fang.com
金色港湾,住宅,桐庐,桐庐,杭州,fang.com
嘉威江南水乡,住宅,桐庐,桐庐,杭州,fang.com
江南名苑,住宅,桐庐,桐庐,杭州,fang.com
金久城市花园,住宅,桐庐,桐庐,杭州,fang.com
江山御墅,住宅,桐庐,桐庐,杭州,fang.com
金色桃园,住宅,桐庐,桐庐,杭州,fang.com
建发银泰天悦,住宅,桐庐,桐庐,杭州,fang.com
君奇商住楼,住宅,桐庐,桐庐,杭州,fang.com
交通小区,住宅,桐庐,桐庐,杭州,fang.com
建发天悦云庐,住宅,桐庐,桐庐,杭州,fang.com
锦江公寓(康乐路),住宅,桐庐,桐庐,杭州,fang.com
江南国贸公寓,住宅,桐庐,桐庐,杭州,fang.com
建设小区,住宅,桐庐,桐庐,杭州,fang.com
锦绣江南(桐庐),住宅,桐庐,桐庐,杭州,fang.com
景秀嘉苑,住宅,桐庐,桐庐,杭州,fang.com
金色蓝庭,住宅,桐庐,桐庐,杭州,fang.com
金色富都,住宅,桐庐,桐庐,杭州,fang.com
金马新苑,住宅,桐庐,桐庐,杭州,fang.com
建行宿舍小区,住宅,桐庐,桐庐,杭州,fang.com
君政弄1-3号小区,住宅,桐庐,桐庐,杭州,fang.com
九龙公寓(桐庐),住宅,桐庐,桐庐,杭州,fang.com
金玉泉小区,住宅,桐庐,桐庐,杭州,fang.com
金色家园(桐庐),住宅,桐庐,桐庐,杭州,fang.com
金都花园(桐庐),住宅,桐庐,桐庐,杭州,fang.com
金都公寓(桐庐),住宅,桐庐,桐庐,杭州,fang.com
洁康公寓,住宅,桐庐,桐庐,杭州,fang.com
金竹新城,住宅,桐庐,桐庐,杭州,fang.com
金色春江,住宅,桐庐,桐庐,杭州,fang.com
金水湾茗苑,住宅,桐庐,桐庐,杭州,fang.com
凯全紫郡花苑,住宅,桐庐,桐庐,杭州,fang.com
柯家塆小区,住宅,桐庐,桐庐,杭州,fang.com
柯家湾山庄,住宅,桐庐,桐庐,杭州,fang.com
开元街18-49号小区(桐庐),住宅,桐庐,桐庐,杭州,fang.com
开元街57-75幢小区(桐庐),住宅,桐庐,桐庐,杭州,fang.com
康乐一弄5号小区,住宅,桐庐,桐庐,杭州,fang.com
康乐二弄小区,住宅,桐庐,桐庐,杭州,fang.com
绿都文昌苑,住宅,桐庐,桐庐,杭州,fang.com
蓝色春江,住宅,桐庐,桐庐,杭州,fang.com
临嘉公寓,住宅,桐庐,桐庐,杭州,fang.com
旅游局宿舍,住宅,桐庐,桐庐,杭州,fang.com
利时凌江名庭,住宅,桐庐,桐庐,杭州,fang.com
龙潭小区,住宅,桐庐,桐庐,杭州,fang.com
立山公寓,住宅,桐庐,桐庐,杭州,fang.com
聆江景园,住宅,桐庐,桐庐,杭州,fang.com
"劳动路2,4,7幢小区",住宅,桐庐,桐庐,杭州,fang.com
临江公寓(桐庐),住宅,桐庐,桐庐,杭州,fang.com
劳动小区,住宅,桐庐,桐庐,杭州,fang.com
揽景园,住宅,桐庐,桐庐,杭州,fang.com
临江公寓,住宅,桐庐,桐庐,杭州,fang.com
美泉小庄,住宅,桐庐,桐庐,杭州,fang.com
美庐新城,住宅,桐庐,桐庐,杭州,fang.com
米兰商厦,住宅,桐庐,桐庐,杭州,fang.com
美丽春天府,住宅,桐庐,桐庐,杭州,fang.com
梅溪公寓,住宅,桐庐,桐庐,杭州,fang.com
美雅景苑,住宅,桐庐,桐庐,杭州,fang.com
妙笔小镇,住宅,桐庐,桐庐,杭州,fang.com
南洋新村,住宅,桐庐,桐庐,杭州,fang.com
品庐东岸,住宅,桐庐,桐庐,杭州,fang.com
平瑶新苑,住宅,桐庐,桐庐,杭州,fang.com
清园,住宅,桐庐,桐庐,杭州,fang.com
七里泷大街305号小区,住宅,桐庐,桐庐,杭州,fang.com
"七里泷大街366,371号小区",住宅,桐庐,桐庐,杭州,fang.com
七里泷大街450号小区,住宅,桐庐,桐庐,杭州,fang.com
七里泷大街456号小区,住宅,桐庐,桐庐,杭州,fang.com
七里泷大街83号小区,住宅,桐庐,桐庐,杭州,fang.com
七里泷大街447-653号小区,住宅,桐庐,桐庐,杭州,fang.com
千红华庭公寓,住宅,桐庐,桐庐,杭州,fang.com
乔林小区,住宅,桐庐,桐庐,杭州,fang.com
七联公寓,住宅,桐庐,桐庐,杭州,fang.com
融创圆尊府,住宅,桐庐,桐庐,杭州,fang.com
燃料大楼,住宅,桐庐,桐庐,杭州,fang.com
宋都桐江花园,住宅,桐庐,桐庐,杭州,fang.com
世纪花城,住宅,桐庐,桐庐,杭州,fang.com
水岸瑶琳,住宅,桐庐,桐庐,杭州,fang.com
山水圣邸,住宅,桐庐,桐庐,杭州,fang.com
上林春天,住宅,桐庐,桐庐,杭州,fang.com
盛泰广宇公寓,住宅,桐庐,桐庐,杭州,fang.com
石马小区,住宅,桐庐,桐庐,杭州,fang.com
顺发富春峰景,住宅,桐庐,桐庐,杭州,fang.com
宋都·桐江花园,住宅,桐庐,桐庐,杭州,fang.com
三清绣苑,住宅,桐庐,桐庐,杭州,fang.com
山水公寓,住宅,桐庐,桐庐,杭州,fang.com
石明弄36号小区,住宅,桐庐,桐庐,杭州,fang.com
水韵山居苑(公寓住宅),住宅,桐庐,桐庐,杭州,fang.com
狮子山公寓,住宅,桐庐,桐庐,杭州,fang.com
三联家和苑,住宅,桐庐,桐庐,杭州,fang.com
时代广场(桐庐),住宅,桐庐,桐庐,杭州,fang.com
桐庐国际花园,住宅,桐庐,桐庐,杭州,fang.com
桐庐桂花园,住宅,桐庐,桐庐,杭州,fang.com
桐庐锦绣江南,住宅,桐庐,桐庐,杭州,fang.com
桐江花园,住宅,桐庐,桐庐,杭州,fang.com
桐庐碧桂园,住宅,桐庐,桐庐,杭州,fang.com
同方春江燕语,住宅,桐庐,桐庐,杭州,fang.com
桐庐富润家园,住宅,桐庐,桐庐,杭州,fang.com
天阳云栖梅林,住宅,桐庐,桐庐,杭州,fang.com
桐庐滨江嘉品,住宅,桐庐,桐庐,杭州,fang.com
塔坞路24号,住宅,桐庐,桐庐,杭州,fang.com
塔坞路小区,住宅,桐庐,桐庐,杭州,fang.com
桐君路小区,住宅,桐庐,桐庐,杭州,fang.com
嘉品美寓,住宅,桐庐,桐庐,杭州,fang.com
桐韵家园,住宅,桐庐,桐庐,杭州,fang.com
桐庐体育场路,住宅,桐庐,桐庐,杭州,fang.com
天目大厦,住宅,桐庐,桐庐,杭州,fang.com
桐庐梧桐公寓,住宅,桐庐,桐庐,杭州,fang.com
桐庐凯全紫郡花苑,住宅,桐庐,桐庐,杭州,fang.com
桐江花园西区,住宅,桐庐,桐庐,杭州,fang.com
桐庐玉兰花园,住宅,桐庐,桐庐,杭州,fang.com
桐君路10幢楼,住宅,桐庐,桐庐,杭州,fang.com
"塔坞路41,48号小区",住宅,桐庐,桐庐,杭州,fang.com
泰鑫路1-2号小区,住宅,桐庐,桐庐,杭州,fang.com
泰鑫路杭通宿舍,住宅,桐庐,桐庐,杭州,fang.com
桐君路1-9号(单号)小区,住宅,桐庐,桐庐,杭州,fang.com
土管安全小区,住宅,桐庐,桐庐,杭州,fang.com
桐建公司宿舍,住宅,桐庐,桐庐,杭州,fang.com
滩头·富春景苑,住宅,桐庐,桐庐,杭州,fang.com
桐庐嘉南公寓,住宅,桐庐,桐庐,杭州,fang.com
千岛湖曙光公寓,住宅,淳安,千岛湖,杭州,fang.com
曙光新村,住宅,淳安,千岛湖,杭州,fang.com
安阳天香华庭,住宅,淳安,千岛湖,杭州,fang.com
丰家山二区(东区),住宅,淳安,千岛湖,杭州,fang.com
嘉豪景月湾花苑,住宅,淳安,千岛湖,杭州,fang.com
蓝城颐景玉兰,住宅,淳安,千岛湖,杭州,fang.com
明珠花园,住宅,淳安,千岛湖,杭州,fang.com
永通新城名苑,住宅,淳安,千岛湖,杭州,fang.com
紫荆家园,住宅,淳安,千岛湖,杭州,fang.com
滨江东方海岸,住宅,淳安,千岛湖,杭州,fang.com
滨江度假村,住宅,淳安,千岛湖,杭州,fang.com
柏润国际花园,住宅,淳安,千岛湖,杭州,fang.com
碧桂园泷悦,住宅,淳安,千岛湖,杭州,fang.com
碧桂园招商珺悦家园,住宅,淳安,千岛湖,杭州,fang.com
碧湖阁,住宅,淳安,千岛湖,杭州,fang.com
滨江城市之星(淳安),住宅,淳安,千岛湖,杭州,fang.com
柏悦国际(公寓住宅),住宅,淳安,千岛湖,杭州,fang.com
朝阳新村,住宅,淳安,千岛湖,杭州,fang.com
淳安新安东路小区(309-313(单号)),住宅,淳安,千岛湖,杭州,fang.com
淳安新安东路小区(263-267(单号)),住宅,淳安,千岛湖,杭州,fang.com
淳安新安东路小区(87-95(单号)),住宅,淳安,千岛湖,杭州,fang.com
淳建新村,住宅,淳安,千岛湖,杭州,fang.com
"淳安人民路34,35号小区",住宅,淳安,千岛湖,杭州,fang.com
淳安新安东路小区(249-253(单号)),住宅,淳安,千岛湖,杭州,fang.com
淳安县林业局职工宿舍,住宅,淳安,千岛湖,杭州,fang.com
淳安农资大楼,住宅,淳安,千岛湖,杭州,fang.com
初阳花园,住宅,淳安,千岛湖,杭州,fang.com
茶苑小区,住宅,淳安,千岛湖,杭州,fang.com
电力小区,住宅,淳安,千岛湖,杭州,fang.com
二轻解困小区,住宅,淳安,千岛湖,杭州,fang.com
风暴巷公租房,住宅,淳安,千岛湖,杭州,fang.com
方邦望湖国际,住宅,淳安,千岛湖,杭州,fang.com
富力湖滨悦居,住宅,淳安,千岛湖,杭州,fang.com
凤凰岛度假村,住宅,淳安,千岛湖,杭州,fang.com
风暴巷1号小区,住宅,淳安,千岛湖,杭州,fang.com
风瀑巷23号小区,住宅,淳安,千岛湖,杭州,fang.com
复兴街93号小区,住宅,淳安,千岛湖,杭州,fang.com
丰家山二区(南区),住宅,淳安,千岛湖,杭州,fang.com
丰家山二区(北区),住宅,淳安,千岛湖,杭州,fang.com
鼓山晟林商业中心,住宅,淳安,千岛湖,杭州,fang.com
广通茗苑,住宅,淳安,千岛湖,杭州,fang.com
光明青溪华府(公寓住宅),住宅,淳安,千岛湖,杭州,fang.com
高志弄小区,住宅,淳安,千岛湖,杭州,fang.com
华庭铭苑,住宅,淳安,千岛湖,杭州,fang.com
红山新村,住宅,淳安,千岛湖,杭州,fang.com
环湖北路89号小区,住宅,淳安,千岛湖,杭州,fang.com
汇宇和庭(淳安),住宅,淳安,千岛湖,杭州,fang.com
辉照山(一期),住宅,淳安,千岛湖,杭州,fang.com
辉照山(二期),住宅,淳安,千岛湖,杭州,fang.com
海外海秀水名苑,住宅,淳安,千岛湖,杭州,fang.com
景秀花园,住宅,淳安,千岛湖,杭州,fang.com
金基观岛,住宅,淳安,千岛湖,杭州,fang.com
九龙湾,住宅,淳安,千岛湖,杭州,fang.com
教师之家,住宅,淳安,千岛湖,杭州,fang.com
久香苑,住宅,淳安,千岛湖,杭州,fang.com
金鸡弄住宅小区,住宅,淳安,千岛湖,杭州,fang.com
交通工程试检中心住宅楼,住宅,淳安,千岛湖,杭州,fang.com
佳逸公寓,住宅,淳安,千岛湖,杭州,fang.com
康盛花园,住宅,淳安,千岛湖,杭州,fang.com
康乐寓小区,住宅,淳安,千岛湖,杭州,fang.com
绿园新村,住宅,淳安,千岛湖,杭州,fang.com
丽湖馨居,住宅,淳安,千岛湖,杭州,fang.com
绿城千岛湖玫瑰园,住宅,淳安,千岛湖,杭州,fang.com
绿城千岛明月,住宅,淳安,千岛湖,杭州,fang.com
绿城千岛湖柳岸晓风,住宅,淳安,千岛湖,杭州,fang.com
玲珑湾,住宅,淳安,千岛湖,杭州,fang.com
炉峰路44-45号小区,住宅,淳安,千岛湖,杭州,fang.com
炉峰路20幢,住宅,淳安,千岛湖,杭州,fang.com
龙门路62-126号小区,住宅,淳安,千岛湖,杭州,fang.com
李家巷小区,住宅,淳安,千岛湖,杭州,fang.com
李家坞社区,住宅,淳安,千岛湖,杭州,fang.com
美都兰庭,住宅,淳安,千岛湖,杭州,fang.com
墨香新苑,住宅,淳安,千岛湖,杭州,fang.com
美都千岛碧云天,住宅,淳安,千岛湖,杭州,fang.com
睦州大道339号小区,住宅,淳安,千岛湖,杭州,fang.com
睦怡小区,住宅,淳安,千岛湖,杭州,fang.com
睦州大道521号楼,住宅,淳安,千岛湖,杭州,fang.com
南景苑,住宅,淳安,千岛湖,杭州,fang.com
"南山大街509,563,569号小区",住宅,淳安,千岛湖,杭州,fang.com
南山大街372-390号小区,住宅,淳安,千岛湖,杭州,fang.com
南山大街111-129号小区,住宅,淳安,千岛湖,杭州,fang.com
"南山大街321,323号小区",住宅,淳安,千岛湖,杭州,fang.com
南山大街39号小区,住宅,淳安,千岛湖,杭州,fang.com
南山大街75号小区,住宅,淳安,千岛湖,杭州,fang.com
"南山大街小区(449,483号)",住宅,淳安,千岛湖,杭州,fang.com
琵琶园,住宅,淳安,千岛湖,杭州,fang.com
排岭北路36号小区,住宅,淳安,千岛湖,杭州,fang.com
"排岭北路33,34号小区",住宅,淳安,千岛湖,杭州,fang.com
"排岭南路50,67号小区",住宅,淳安,千岛湖,杭州,fang.com
排岭北路29号小区,住宅,淳安,千岛湖,杭州,fang.com
排岭北路43号小区,住宅,淳安,千岛湖,杭州,fang.com
排岭北路44号小区,住宅,淳安,千岛湖,杭州,fang.com
排岭北路46号小区,住宅,淳安,千岛湖,杭州,fang.com
排岭北路62号小区,住宅,淳安,千岛湖,杭州,fang.com
排岭北路53-54号小区,住宅,淳安,千岛湖,杭州,fang.com
排岭北路64-67号小区,住宅,淳安,千岛湖,杭州,fang.com
"排岭北路8,9,12号小区",住宅,淳安,千岛湖,杭州,fang.com
排岭南路87号小区,住宅,淳安,千岛湖,杭州,fang.com
枇杷园小区,住宅,淳安,千岛湖,杭州,fang.com
青溪家苑,住宅,淳安,千岛湖,杭州,fang.com
千岛花园,住宅,淳安,千岛湖,杭州,fang.com
千岛碧水花园,住宅,淳安,千岛湖,杭州,fang.com
千岛龙庭,住宅,淳安,千岛湖,杭州,fang.com
千岛湖商城,住宅,淳安,千岛湖,杭州,fang.com
千岛湖梦云岛,住宅,淳安,千岛湖,杭州,fang.com
千岛湖嘉苑,住宅,淳安,千岛湖,杭州,fang.com
千岛日月天地,住宅,淳安,千岛湖,杭州,fang.com
千岛湖星雨华府,住宅,淳安,千岛湖,杭州,fang.com
千岛湖留香园,住宅,淳安,千岛湖,杭州,fang.com
千岛湖玉兰花园,住宅,淳安,千岛湖,杭州,fang.com
千岛湖东方海岸,住宅,淳安,千岛湖,杭州,fang.com
千岛湖雅苑,住宅,淳安,千岛湖,杭州,fang.com
骑龙巷20-24号小区,住宅,淳安,千岛湖,杭州,fang.com
骑龙巷1-3号小区,住宅,淳安,千岛湖,杭州,fang.com
青塘坞小区,住宅,淳安,千岛湖,杭州,fang.com
青石湾商业广场,住宅,淳安,千岛湖,杭州,fang.com
千岛湖悦湖湾(公寓住宅),住宅,淳安,千岛湖,杭州,fang.com
千岛湖蓝城颐景玉兰,住宅,淳安,千岛湖,杭州,fang.com
千岛湖公寓,住宅,淳安,千岛湖,杭州,fang.com
如意巷小区,住宅,淳安,千岛湖,杭州,fang.com
实验厂公租房,住宅,淳安,千岛湖,杭州,fang.com
杉柏山庄,住宅,淳安,千岛湖,杭州,fang.com
四马巷小区,住宅,淳安,千岛湖,杭州,fang.com
桃源山庄,住宅,淳安,千岛湖,杭州,fang.com
塘边弄2-20号小区,住宅,淳安,千岛湖,杭州,fang.com
温馨家园,住宅,淳安,千岛湖,杭州,fang.com
温馨小区,住宅,淳安,千岛湖,杭州,fang.com
文昌村,住宅,淳安,千岛湖,杭州,fang.com
万寿园,住宅,淳安,千岛湖,杭州,fang.com
新都苑,住宅,淳安,千岛湖,杭州,fang.com
新安大街20号小区,住宅,淳安,千岛湖,杭州,fang.com
新安东路457号小区,住宅,淳安,千岛湖,杭州,fang.com
新安北路19-22号小区,住宅,淳安,千岛湖,杭州,fang.com
新安北路小区(60-70号),住宅,淳安,千岛湖,杭州,fang.com
新安大街6号小区,住宅,淳安,千岛湖,杭州,fang.com
新安东路261号小区,住宅,淳安,千岛湖,杭州,fang.com
新安东路381-435(单)号小区,住宅,淳安,千岛湖,杭州,fang.com
新安东路332-342(双)号小区,住宅,淳安,千岛湖,杭州,fang.com
新安东路870号小区,住宅,淳安,千岛湖,杭州,fang.com
新兴路79号小区,住宅,淳安,千岛湖,杭州,fang.com
向阳巷小区,住宅,淳安,千岛湖,杭州,fang.com
县教委仪器电教站综合楼,住宅,淳安,千岛湖,杭州,fang.com
县公安局办证中心住宅楼,住宅,淳安,千岛湖,杭州,fang.com
县工商局综合楼,住宅,淳安,千岛湖,杭州,fang.com
县房管处人才楼,住宅,淳安,千岛湖,杭州,fang.com
西园大厦,住宅,淳安,千岛湖,杭州,fang.com
一家山水,住宅,淳安,千岛湖,杭州,fang.com
阳光路小区,住宅,淳安,千岛湖,杭州,fang.com
郁川街28号小区,住宅,淳安,千岛湖,杭州,fang.com
阳光路4号小区,住宅,淳安,千岛湖,杭州,fang.com
鱼市街110-130号小区,住宅,淳安,千岛湖,杭州,fang.com
云梯巷小区,住宅,淳安,千岛湖,杭州,fang.com
玉翰明珠公馆,住宅,淳安,千岛湖,杭州,fang.com
紫荆花园,住宅,淳安,千岛湖,杭州,fang.com
招商近湖花苑,住宅,淳安,千岛湖,杭州,fang.com
中梁千岛悦府,住宅,淳安,千岛湖,杭州,fang.com
紫荆香江庭院,住宅,淳安,千岛湖,杭州,fang.com
知丰小区,住宅,淳安,千岛湖,杭州,fang.com
长运安全文明小区,住宅,淳安,千岛湖,杭州,fang.com
佰澜公寓,住宅,淳安,千岛湖,杭州,fang.com
东庄新村,住宅,淳安,千岛湖,杭州,fang.com
宕里新村,住宅,淳安,千岛湖,杭州,fang.com
宕里村,住宅,淳安,千岛湖,杭州,fang.com
丰家山云村村,住宅,淳安,千岛湖,杭州,fang.com
富山村,住宅,淳安,千岛湖,杭州,fang.com
黄村村自建房,住宅,淳安,千岛湖,杭州,fang.com
何家村(淳安),住宅,淳安,千岛湖,杭州,fang.com
鸠坑乡自建房,住宅,淳安,千岛湖,杭州,fang.com
里口村自建房,住宅,淳安,千岛湖,杭州,fang.com
龙门村自建房,住宅,淳安,千岛湖,杭州,fang.com
马路村自建房,住宅,淳安,千岛湖,杭州,fang.com
毛演村自建房,住宅,淳安,千岛湖,杭州,fang.com
坪山村自建房,住宅,淳安,千岛湖,杭州,fang.com
屏湖斋堂村自建房,住宅,淳安,千岛湖,杭州,fang.com
千岛湖财富中心,住宅,淳安,千岛湖,杭州,fang.com
前坞村,住宅,淳安,千岛湖,杭州,fang.com
施家坪村自建房,住宅,淳安,千岛湖,杭州,fang.com
宋家坞村自建房,住宅,淳安,千岛湖,杭州,fang.com
行岗路1-22号小区,住宅,淳安,千岛湖,杭州,fang.com
西河村(淳安),住宅,淳安,千岛湖,杭州,fang.com
西阳村自建房,住宅,淳安,千岛湖,杭州,fang.com
下潘村,住宅,淳安,千岛湖,杭州,fang.com
余岭村自建房,住宅,淳安,千岛湖,杭州,fang.com
周坑村自建房,住宅,淳安,千岛湖,杭州,fang.com
彩虹城,住宅,滨江,浦沿,杭州,fang.com
贺田尚城,住宅,滨江,浦沿,杭州,fang.com
荣盛·江荣府,住宅,滨江,浦沿,杭州,fang.com
观晖美寓,住宅,滨江,浦沿,杭州,fang.com
观邸国际公寓,住宅,滨江,浦沿,杭州,fang.com
临江花园,住宅,滨江,浦沿,杭州,fang.com
璞悦湾,住宅,滨江,浦沿,杭州,fang.com
钱江湾花园,住宅,滨江,浦沿,杭州,fang.com
江南文苑,住宅,滨江,浦沿,杭州,fang.com
六合天寓,住宅,滨江,浦沿,杭州,fang.com
钱塘山水,住宅,滨江,浦沿,杭州,fang.com
世茂之西湖,住宅,滨江,浦沿,杭州,fang.com
曼城,住宅,滨江,浦沿,杭州,fang.com
太阳国际,住宅,滨江,浦沿,杭州,fang.com
盛元慧谷,住宅,滨江,浦沿,杭州,fang.com
彩虹豪庭,住宅,滨江,浦沿,杭州,fang.com
天鸿君邑,住宅,滨江,浦沿,杭州,fang.com
国信嘉园,住宅,滨江,浦沿,杭州,fang.com
钱塘玫瑰湾,住宅,滨江,浦沿,杭州,fang.com
银杏汇公寓,住宅,滨江,浦沿,杭州,fang.com
东和云第,住宅,滨江,浦沿,杭州,fang.com
积家,住宅,滨江,浦沿,杭州,fang.com
银色港湾,住宅,滨江,浦沿,杭州,fang.com
滨江江滨花园,住宅,滨江,浦沿,杭州,fang.com
之江公寓,住宅,滨江,浦沿,杭州,fang.com
碧水豪园,住宅,滨江,浦沿,杭州,fang.com
银爵世纪公寓,住宅,滨江,浦沿,杭州,fang.com
星汇荣邸,住宅,滨江,浦沿,杭州,fang.com
伟星咏滨名邸,住宅,滨江,浦沿,杭州,fang.com
超级星期天公寓,住宅,滨江,浦沿,杭州,fang.com
银杏汇,住宅,滨江,浦沿,杭州,fang.com
长岛之春,住宅,滨江,浦沿,杭州,fang.com
钱塘景苑,住宅,滨江,浦沿,杭州,fang.com
江映云邸,住宅,滨江,浦沿,杭州,fang.com
联庄江涛阁,住宅,滨江,浦沿,杭州,fang.com
浙新小区,住宅,滨江,浦沿,杭州,fang.com
巧园,住宅,滨江,浦沿,杭州,fang.com
钱塘福苑,住宅,滨江,浦沿,杭州,fang.com
通策广场,住宅,滨江,浦沿,杭州,fang.com
之江花园,住宅,滨江,浦沿,杭州,fang.com
联乐名苑,住宅,滨江,浦沿,杭州,fang.com
大同公寓,住宅,滨江,浦沿,杭州,fang.com
逸天广场住宅,住宅,滨江,浦沿,杭州,fang.com
之江公寓景江苑,住宅,滨江,浦沿,杭州,fang.com
明乐府小区,住宅,滨江,浦沿,杭州,fang.com
联庄公寓,住宅,滨江,浦沿,杭州,fang.com
明德明理府,住宅,滨江,浦沿,杭州,fang.com
金盛浦沿公寓,住宅,滨江,浦沿,杭州,fang.com
浮力森林苑,住宅,滨江,浦沿,杭州,fang.com
江照华庭,住宅,滨江,浦沿,杭州,fang.com
浦沿镇前路,住宅,滨江,浦沿,杭州,fang.com
东冠公寓,住宅,滨江,浦沿,杭州,fang.com
钱塘大观,住宅,滨江,浦沿,杭州,fang.com
望水华庭,住宅,滨江,浦沿,杭州,fang.com
杨家墩悦府,住宅,滨江,浦沿,杭州,fang.com
滨盛路3050号,住宅,滨江,浦沿,杭州,fang.com
滨文苑小区,住宅,滨江,浦沿,杭州,fang.com
超级星期天住宅,住宅,滨江,浦沿,杭州,fang.com
东冠新农村,住宅,滨江,浦沿,杭州,fang.com
东冠路710号,住宅,滨江,浦沿,杭州,fang.com
富汇豪庭,住宅,滨江,浦沿,杭州,fang.com
绿地旭辉城,住宅,滨江,滨盛,杭州,fang.com
寰宇天下,住宅,滨江,滨盛,杭州,fang.com
杭州壹号院一期,住宅,滨江,滨盛,杭州,fang.com
半岛国际,住宅,滨江,滨盛,杭州,fang.com
钱塘帝景,住宅,滨江,滨盛,杭州,fang.com
春江彼岸,住宅,滨江,滨盛,杭州,fang.com
水晶城,住宅,滨江,滨盛,杭州,fang.com
杭州壹号院二期,住宅,滨江,滨盛,杭州,fang.com
滨江金茂府,住宅,滨江,滨盛,杭州,fang.com
水印城,住宅,滨江,滨盛,杭州,fang.com
白金海岸,住宅,滨江,滨盛,杭州,fang.com
海威国际,住宅,滨江,滨盛,杭州,fang.com
水榭春天,住宅,滨江,滨盛,杭州,fang.com
绿城九龙仓柳岸晓风,住宅,滨江,滨盛,杭州,fang.com
时代滨江丹枫四季院,住宅,滨江,滨盛,杭州,fang.com
中兴花园,住宅,滨江,滨盛,杭州,fang.com
春江时代,住宅,滨江,滨盛,杭州,fang.com
缤纷北苑,住宅,滨江,滨盛,杭州,fang.com
锦绣江南,住宅,滨江,滨盛,杭州,fang.com
钱江水晶澜轩,住宅,滨江,滨盛,杭州,fang.com
仁苑,住宅,滨江,滨盛,杭州,fang.com
缤纷小区,住宅,滨江,滨盛,杭州,fang.com
缤纷东苑,住宅,滨江,滨盛,杭州,fang.com
盛庐,住宅,滨江,滨盛,杭州,fang.com
江尚景苑,住宅,滨江,滨盛,杭州,fang.com
中兴花园百合苑,住宅,滨江,滨盛,杭州,fang.com
缤纷西苑小区,住宅,滨江,滨盛,杭州,fang.com
金铂湾公寓,住宅,滨江,滨盛,杭州,fang.com
江南国美家园,住宅,滨江,滨盛,杭州,fang.com
滨海大厦,住宅,滨江,滨盛,杭州,fang.com
滨盛小区,住宅,滨江,滨盛,杭州,fang.com
长虹小区,住宅,滨江,滨盛,杭州,fang.com
红门家园,住宅,滨江,滨盛,杭州,fang.com
杭州壹号院,住宅,滨江,滨盛,杭州,fang.com
东方郡,住宅,滨江,西兴,杭州,fang.com
龙湖滨康天曜城,住宅,滨江,西兴,杭州,fang.com
绿城晓风印月,住宅,滨江,西兴,杭州,fang.com
滨江建杭·江晖府,住宅,滨江,西兴,杭州,fang.com
滨江御滨府,住宅,滨江,西兴,杭州,fang.com
官河锦庭,住宅,滨江,西兴,杭州,fang.com
东方郡东区,住宅,滨江,西兴,杭州,fang.com
中央花城,住宅,滨江,西兴,杭州,fang.com
湘云雅苑,住宅,滨江,西兴,杭州,fang.com
东方花城,住宅,滨江,西兴,杭州,fang.com
玲珑府,住宅,滨江,西兴,杭州,fang.com
温馨人家,住宅,滨江,西兴,杭州,fang.com
温兴风情苑,住宅,滨江,西兴,杭州,fang.com
明月江南,住宅,滨江,西兴,杭州,fang.com
江斓映象府,住宅,滨江,西兴,杭州,fang.com
江南豪园,住宅,滨江,西兴,杭州,fang.com
铂金时代,住宅,滨江,西兴,杭州,fang.com
钱塘春晓花园,住宅,滨江,西兴,杭州,fang.com
新州花苑,住宅,滨江,西兴,杭州,fang.com
迎春小区,住宅,滨江,西兴,杭州,fang.com
连园,住宅,滨江,西兴,杭州,fang.com
迎春南苑,住宅,滨江,西兴,杭州,fang.com
春波南苑,住宅,滨江,西兴,杭州,fang.com
望江南,住宅,滨江,西兴,杭州,fang.com
同方燕语林森,住宅,滨江,西兴,杭州,fang.com
时代滨江悦,住宅,滨江,西兴,杭州,fang.com
春波小区,住宅,滨江,西兴,杭州,fang.com
春波西苑,住宅,滨江,西兴,杭州,fang.com
铁岭花园,住宅,滨江,西兴,杭州,fang.com
迎春北苑,住宅,滨江,西兴,杭州,fang.com
春波东苑,住宅,滨江,西兴,杭州,fang.com
官河公寓,住宅,滨江,西兴,杭州,fang.com
滨安小区,住宅,滨江,西兴,杭州,fang.com
河畔花园,住宅,滨江,西兴,杭州,fang.com
世茂智慧之门,住宅,滨江,西兴,杭州,fang.com
兴盛花园,住宅,滨江,西兴,杭州,fang.com
固陵路小区,住宅,滨江,西兴,杭州,fang.com
钱塘滨和花园,住宅,滨江,西兴,杭州,fang.com
水晶湾,住宅,滨江,西兴,杭州,fang.com
启越府,住宅,滨江,西兴,杭州,fang.com
西兴路人民路小区,住宅,滨江,西兴,杭州,fang.com
古塘路小区,住宅,滨江,西兴,杭州,fang.com
歌山品悦府,住宅,滨江,西兴,杭州,fang.com
六眼井,住宅,滨江,西兴,杭州,fang.com
协同村,住宅,滨江,西兴,杭州,fang.com
"滨江人民路19,25号小区",住宅,滨江,西兴,杭州,fang.com
滨江人才公寓,住宅,滨江,西兴,杭州,fang.com
戴家墙门,住宅,滨江,西兴,杭州,fang.com
固陵路48-87号小区,住宅,滨江,西兴,杭州,fang.com
"官河路44,47号小区",住宅,滨江,西兴,杭州,fang.com
固陵路59号楼,住宅,滨江,西兴,杭州,fang.com
官河路103号,住宅,滨江,西兴,杭州,fang.com
官河路小区,住宅,滨江,西兴,杭州,fang.com
古塘路30号,住宅,滨江,西兴,杭州,fang.com
西兴镇张家弄,住宅,滨江,转塘,杭州,fang.com
滨汇之都,住宅,滨江,长河,杭州,fang.com
风雅钱塘,住宅,滨江,长河,杭州,fang.com
风景蝶院,住宅,滨江,长河,杭州,fang.com
绿城华润·晓月映翠,住宅,滨江,长河,杭州,fang.com
中南白马湖壹号,住宅,滨江,长河,杭州,fang.com
滨江兴耀滨耀学府,住宅,滨江,长河,杭州,fang.com
倾城之恋,住宅,滨江,长河,杭州,fang.com
南岸晶都,住宅,滨江,长河,杭州,fang.com
中兴和园,住宅,滨江,长河,杭州,fang.com
绿城晓月和风,住宅,滨江,长河,杭州,fang.com
万科城市之光,住宅,滨江,长河,杭州,fang.com
龙湖春江郦城,住宅,滨江,长河,杭州,fang.com
江南铭庭,住宅,滨江,长河,杭州,fang.com
金成滨玺云著邸,住宅,滨江,长河,杭州,fang.com
铂金名筑,住宅,滨江,长河,杭州,fang.com
中海云宸,住宅,滨江,长河,杭州,fang.com
冠山小区,住宅,滨江,长河,杭州,fang.com
白马湖小区白鹤苑,住宅,滨江,长河,杭州,fang.com
滨江平晖府,住宅,滨江,长河,杭州,fang.com
长江小区,住宅,滨江,长河,杭州,fang.com
翠堤春华轩,住宅,滨江,长河,杭州,fang.com
滨兴家园,住宅,滨江,长河,杭州,fang.com
长江西苑,住宅,滨江,长河,杭州,fang.com
湖漫雅筑,住宅,滨江,长河,杭州,fang.com
齐虹雅园,住宅,滨江,长河,杭州,fang.com
滨康二苑,住宅,滨江,长河,杭州,fang.com
白马湖小区孔雀苑,住宅,滨江,长河,杭州,fang.com
火炬小区,住宅,滨江,长河,杭州,fang.com
长虹苑,住宅,滨江,长河,杭州,fang.com
滨康小区,住宅,滨江,长河,杭州,fang.com
绿城卓越傲旋城,住宅,滨江,长河,杭州,fang.com
康悦香庄,住宅,滨江,长河,杭州,fang.com
山秀景苑,住宅,滨江,长河,杭州,fang.com
滨兴西苑,住宅,滨江,长河,杭州,fang.com
长兴苑,住宅,滨江,长河,杭州,fang.com
朗拾滨屿府,住宅,滨江,长河,杭州,fang.com
滨兴东苑,住宅,滨江,长河,杭州,fang.com
滨兴小区西区,住宅,滨江,长河,杭州,fang.com
冠新佳苑,住宅,滨江,长河,杭州,fang.com
江虹小区,住宅,滨江,长河,杭州,fang.com
白马湖小区凤凰苑,住宅,滨江,长河,杭州,fang.com
滨兴北苑小区,住宅,滨江,长河,杭州,fang.com
朗庭公馆,住宅,滨江,长河,杭州,fang.com
拾排里,住宅,滨江,长河,杭州,fang.com
白马湖小区鸿雁苑,住宅,滨江,长河,杭州,fang.com
映翠雅苑,住宅,滨江,长河,杭州,fang.com
保利天汇,住宅,滨江,长河,杭州,fang.com
长河中学教工宿舍,住宅,滨江,长河,杭州,fang.com
长江中路小区,住宅,滨江,长河,杭州,fang.com
环亚航银座,住宅,滨江,长河,杭州,fang.com
御景蓝湾,住宅,萧山,义桥,杭州,fang.com
铁建万科江湾城,住宅,萧山,义桥,杭州,fang.com
碧桂园东旭府,住宅,萧山,义桥,杭州,fang.com
南岸花城,住宅,萧山,义桥,杭州,fang.com
三水一生,住宅,萧山,义桥,杭州,fang.com
金域三江,住宅,萧山,义桥,杭州,fang.com
悦风荷锦庭,住宅,萧山,义桥,杭州,fang.com
绿都金域东方,住宅,萧山,义桥,杭州,fang.com
金域兰庭,住宅,萧山,义桥,杭州,fang.com
保亿湖风雅园,住宅,萧山,义桥,杭州,fang.com
碧桂园东旭府南区,住宅,萧山,义桥,杭州,fang.com
滨映时代府,住宅,萧山,义桥,杭州,fang.com
滨江江南之星,住宅,萧山,北干,杭州,fang.com
中国铁建江南国际城,住宅,萧山,北干,杭州,fang.com
金地天逸,住宅,萧山,北干,杭州,fang.com
金色钱塘,住宅,萧山,北干,杭州,fang.com
龙湖天钜,住宅,萧山,北干,杭州,fang.com
新城香悦公馆,住宅,萧山,北干,杭州,fang.com
湖滨花园,住宅,萧山,北干,杭州,fang.com
融信江南学府,住宅,萧山,北干,杭州,fang.com
滨江御江南,住宅,萧山,北干,杭州,fang.com
龙湖融信天琅府,住宅,萧山,北干,杭州,fang.com
旺角城,住宅,萧山,北干,杭州,fang.com
新白马公寓,住宅,萧山,北干,杭州,fang.com
绿城九龙仓钱塘明月,住宅,萧山,北干,杭州,fang.com
融信萧山公馆,住宅,萧山,北干,杭州,fang.com
融信永兴首府,住宅,萧山,北干,杭州,fang.com
顺发堤香,住宅,萧山,北干,杭州,fang.com
国颂府,住宅,萧山,北干,杭州,fang.com
开元加州阳光,住宅,萧山,北干,杭州,fang.com
三鑫君悦丽景,住宅,萧山,北干,杭州,fang.com
中誉现代城,住宅,萧山,北干,杭州,fang.com
泰和花园,住宅,萧山,城厢,杭州,fang.com
崇化小区,住宅,萧山,城厢,杭州,fang.com
高桥小区,住宅,萧山,城厢,杭州,fang.com
潘水小区,住宅,萧山,城厢,杭州,fang.com
汇宇花园,住宅,萧山,城厢,杭州,fang.com
潘水南苑,住宅,萧山,城厢,杭州,fang.com
珺悦府,住宅,萧山,城厢,杭州,fang.com
南市花园,住宅,萧山,城厢,杭州,fang.com
中天云望,住宅,萧山,城厢,杭州,fang.com
学林尚苑,住宅,萧山,城厢,杭州,fang.com
滨江滨涛映月,住宅,萧山,宁围,杭州,fang.com
华瑞晴庐,住宅,萧山,宁围,杭州,fang.com
融信展望,住宅,萧山,宁围,杭州,fang.com
保利融信大国璟,住宅,萧山,宁围,杭州,fang.com
融信杭州世纪,住宅,萧山,宁围,杭州,fang.com
融创望海潮,住宅,萧山,宁围,杭州,fang.com
保利潮起云上府,住宅,萧山,宁围,杭州,fang.com
滨江望涛月明,住宅,萧山,宁围,杭州,fang.com
滨江新希望拥潮府,住宅,萧山,宁围,杭州,fang.com
滨江新希望悦潮府,住宅,萧山,宁围,杭州,fang.com
绿城·沁桂轩,住宅,萧山,宁围,杭州,fang.com
绿城·咏桂里,住宅,萧山,宁围,杭州,fang.com
东南钱江蓝湾,住宅,萧山,宁围,杭州,fang.com
科尔世纪外滩,住宅,萧山,宁围,杭州,fang.com
新城璟隽公馆,住宅,萧山,宁围,杭州,fang.com
庆丰拥涛府,住宅,萧山,宁围,杭州,fang.com
新希望滨江锦粼府,住宅,萧山,宁围,杭州,fang.com
滨江江南名府,住宅,萧山,宁围,杭州,fang.com
景海湾,住宅,萧山,宁围,杭州,fang.com
新希望华发锦粼云荟,住宅,萧山,宁围,杭州,fang.com
国玺悦龙府,住宅,萧山,宁围,杭州,fang.com
中旅名门府,住宅,萧山,宁围,杭州,fang.com
雅棠轩,住宅,萧山,宁围,杭州,fang.com
东方一品公寓,住宅,萧山,宁围,杭州,fang.com
林之语,住宅,萧山,宁围,杭州,fang.com
滨心宁望府,住宅,萧山,宁围,杭州,fang.com
绿城桂月云翠园,住宅,萧山,宁围,杭州,fang.com
招商闻博花城,住宅,萧山,开发区,杭州,fang.com
万科海上明月一期,住宅,萧山,开发区,杭州,fang.com
潮听映月府,住宅,萧山,开发区,杭州,fang.com
龙湖旭辉春江悦茗,住宅,萧山,开发区,杭州,fang.com
龙湖春江天玺,住宅,萧山,开发区,杭州,fang.com
滨江翠语华庭,住宅,萧山,开发区,杭州,fang.com
嘉宸天誉名轩,住宅,萧山,开发区,杭州,fang.com
招商蛇口花屿观澜里,住宅,萧山,开发区,杭州,fang.com
新城香悦奥府,住宅,萧山,开发区,杭州,fang.com
中国铁建德信君宸,住宅,萧山,开发区,杭州,fang.com
绿城桂语听澜轩,住宅,萧山,开发区,杭州,fang.com
时代滨江翡翠之星,住宅,萧山,开发区,杭州,fang.com
新希望滨江锦宸,住宅,萧山,开发区,杭州,fang.com
中国铁建青秀城,住宅,萧山,开发区,杭州,fang.com
滨江东原拥翠府,住宅,萧山,开发区,杭州,fang.com
高运莱茵传奇,住宅,萧山,开发区,杭州,fang.com
明怡花苑,住宅,萧山,开发区,杭州,fang.com
德圣博奥城,住宅,萧山,开发区,杭州,fang.com
万科海上明月澜庭,住宅,萧山,开发区,杭州,fang.com
绿城九龙仓桂语江南,住宅,萧山,开发区,杭州,fang.com
顺发恒园,住宅,萧山,开发区,杭州,fang.com
霞飞郡,住宅,萧山,开发区,杭州,fang.com
花曜里,住宅,萧山,开发区,杭州,fang.com
兴耀星漫里,住宅,萧山,开发区,杭州,fang.com
中栋国际,住宅,萧山,开发区,杭州,fang.com
虹云之城·云彩之城,住宅,萧山,新塘,杭州,fang.com
高运高庄,住宅,萧山,新塘,杭州,fang.com
滨江旭辉·滨旭府,住宅,萧山,新塘,杭州,fang.com
博印名邸,住宅,萧山,新街,杭州,fang.com
得力名望府,住宅,萧山,新街,杭州,fang.com
保利欣品华庭,住宅,萧山,新街,杭州,fang.com
江上湾,住宅,萧山,新街,杭州,fang.com
前湾国际社区,住宅,萧山,新街,杭州,fang.com
郡望府,住宅,萧山,新街,杭州,fang.com
融科东南海,住宅,萧山,新街,杭州,fang.com
中南君奥时代,住宅,萧山,新街,杭州,fang.com
中铁诺德雅逸府,住宅,萧山,新街,杭州,fang.com
融创江南壹号院,住宅,萧山,新街,杭州,fang.com
荣望轩,住宅,萧山,新街,杭州,fang.com
山澜桂语轩,住宅,萧山,新街,杭州,fang.com
东南花城名苑,住宅,萧山,新街,杭州,fang.com
碧秀名庭,住宅,萧山,新街,杭州,fang.com
融创湖悦江南院,住宅,萧山,新街,杭州,fang.com
保利和者时光印象府,住宅,萧山,新街,杭州,fang.com
融创云潮府,住宅,萧山,新街,杭州,fang.com
阳光城上府,住宅,萧山,湘湖,杭州,fang.com
乐虹湾,住宅,萧山,湘湖,杭州,fang.com
万科金辰之光,住宅,萧山,湘湖,杭州,fang.com
湘湖美地,住宅,萧山,湘湖,杭州,fang.com
都会艺境,住宅,萧山,湘湖,杭州,fang.com
旭辉滨江东方悦府,住宅,萧山,湘湖,杭州,fang.com
万向美之园,住宅,萧山,湘湖,杭州,fang.com
威尼斯水城,住宅,萧山,湘湖,杭州,fang.com
奥兰多小镇,住宅,萧山,湘湖,杭州,fang.com
湘湖家园,住宅,萧山,湘湖,杭州,fang.com
佳源湘湖印象,住宅,萧山,湘湖,杭州,fang.com
苏黎士小镇,住宅,萧山,湘湖,杭州,fang.com
同和公寓,住宅,萧山,湘湖,杭州,fang.com
丁香公馆,住宅,萧山,湘湖,杭州,fang.com
星悦湾,住宅,萧山,瓜沥,杭州,fang.com
融创森与海,住宅,萧山,萧山其他,杭州,fang.com
滨江旭辉融信·朝闻花城,住宅,萧山,蜀山,杭州,fang.com
恒大澜悦帝景湾,住宅,萧山,蜀山,杭州,fang.com
东原德信九章赋,住宅,萧山,蜀山,杭州,fang.com
融望之城,住宅,萧山,蜀山,杭州,fang.com
江湘云庐,住宅,萧山,蜀山,杭州,fang.com
宸宇府,住宅,萧山,蜀山,杭州,fang.com
绿城九龙仓桂语朝阳,住宅,萧山,蜀山,杭州,fang.com
北辰奥园,住宅,萧山,蜀山,杭州,fang.com
众安朝阳8号,住宅,萧山,蜀山,杭州,fang.com
光明尚海湾,住宅,萧山,蜀山,杭州,fang.com
佳源佳印府,住宅,萧山,蜀山,杭州,fang.com
新城香悦半岛,住宅,萧山,蜀山,杭州,fang.com
绿都四季华庭,住宅,萧山,蜀山,杭州,fang.com
广泽小区,住宅,萧山,蜀山,杭州,fang.com
湖悦章府,住宅,萧山,蜀山,杭州,fang.com
碧桂园天麓府,住宅,萧山,蜀山,杭州,fang.com
开元广场,住宅,萧山,蜀山,杭州,fang.com
雅颂市心府,住宅,萧山,蜀山,杭州,fang.com
青漫里,住宅,萧山,蜀山,杭州,fang.com
东原旭辉璞阅,住宅,萧山,蜀山,杭州,fang.com
滨江碧桂园卧城印象,住宅,萧山,蜀山,杭州,fang.com
中天拾光翠语,住宅,萧山,蜀山,杭州,fang.com
南城景园,住宅,萧山,蜀山,杭州,fang.com
万科樟宜翠湾,住宅,萧山,蜀山,杭州,fang.com
绿城桂冠东方,住宅,萧山,钱江世纪城,杭州,fang.com
融信保利创世纪,住宅,萧山,钱江世纪城,杭州,fang.com
日耀之城,住宅,萧山,钱江世纪城,杭州,fang.com
万科大家世纪之光,住宅,萧山,钱江世纪城,杭州,fang.com
亚奥城北区,住宅,萧山,钱江世纪城,杭州,fang.com
观品名寓,住宅,萧山,钱江世纪城,杭州,fang.com
澄之华庭东区,住宅,萧山,钱江世纪城,杭州,fang.com
滨江嘉品美寓,住宅,萧山,钱江世纪城,杭州,fang.com
澄之华庭西区,住宅,萧山,钱江世纪城,杭州,fang.com
融创时代奥城,住宅,萧山,钱江世纪城,杭州,fang.com
滨江君品名邸,住宅,萧山,钱江世纪城,杭州,fang.com
保亿绿城奥邸国际,住宅,萧山,钱江世纪城,杭州,fang.com
滨江御虹府,住宅,萧山,钱江世纪城,杭州,fang.com
顺发美哉美城,住宅,萧山,钱江世纪城,杭州,fang.com
龙湖天璞,住宅,萧山,钱江世纪城,杭州,fang.com
景瑞天赋,住宅,萧山,钱江世纪城,杭州,fang.com
春和钱塘,住宅,萧山,钱江世纪城,杭州,fang.com
滨江星翠澜庭,住宅,萧山,钱江世纪城,杭州,fang.com
中粮悦著云轩,住宅,萧山,钱江世纪城,杭州,fang.com
佳境天城,住宅,萧山,钱江世纪城,杭州,fang.com
阳光城檀悦,住宅,萧山,钱江世纪城,杭州,fang.com
顺发康庄,住宅,萧山,钱江世纪城,杭州,fang.com
顺发·美颂城,住宅,萧山,钱江世纪城,杭州,fang.com
碧桂园珑悦,住宅,萧山,钱江世纪城,杭州,fang.com
德信泊林春天,住宅,萧山,钱江世纪城,杭州,fang.com
亚奥城,住宅,萧山,钱江世纪城,杭州,fang.com
滨江金色江南,住宅,萧山,钱江世纪城,杭州,fang.com
滨江碧桂园翡翠江南,住宅,萧山,钱江世纪城,杭州,fang.com
三盛大家汝悦美境府,住宅,萧山,钱江世纪城,杭州,fang.com
滨江·澄虹府,住宅,萧山,钱江世纪城,杭州,fang.com
奥悦美筑,住宅,萧山,钱江世纪城,杭州,fang.com
和美家,住宅,萧山,钱江世纪城,杭州,fang.com
万和国际,住宅,萧山,钱江世纪城,杭州,fang.com
中天大家悦潮云望府,住宅,萧山,钱江世纪城,杭州,fang.com
顺发江南丽锦,住宅,萧山,钱江世纪城,杭州,fang.com
盈一佳苑,住宅,萧山,钱江世纪城,杭州,fang.com
潮展云起,住宅,萧山,钱江世纪城,杭州,fang.com
戈雅公寓,住宅,萧山,闻堰,杭州,fang.com
湘湖人家,住宅,萧山,闻堰,杭州,fang.com
滨江东方海岸,住宅,萧山,闻堰,杭州,fang.com
郁金香岸,住宅,萧山,闻堰,杭州,fang.com
江南摩卡,住宅,萧山,闻堰,杭州,fang.com
叠潮雅庭,住宅,萧山,闻堰,杭州,fang.com
三江花园,住宅,萧山,闻堰,杭州,fang.com
云涛名苑,住宅,萧山,闻堰,杭州,fang.com
保亿湖珀润园,住宅,萧山,闻堰,杭州,fang.com
三墩颐景园,住宅,西湖,三墩,杭州,fang.com
白马尊邸,住宅,西湖,三墩,杭州,fang.com
古墩彩虹轩,住宅,西湖,三墩,杭州,fang.com
万科融信西雅图,住宅,西湖,三墩,杭州,fang.com
协安紫郡,住宅,西湖,三墩,杭州,fang.com
都市阳光嘉苑,住宅,西湖,三墩,杭州,fang.com
金地自在城玛瑙湾,住宅,西湖,三墩,杭州,fang.com
中国铁建西湖国际城,住宅,西湖,三墩,杭州,fang.com
金地自在城鹭影轩,住宅,西湖,三墩,杭州,fang.com
景溪北苑,住宅,西湖,三墩,杭州,fang.com
兰韵天城,住宅,西湖,三墩,杭州,fang.com
紫金名门,住宅,西湖,三墩,杭州,fang.com
金地自在城求学里,住宅,西湖,三墩,杭州,fang.com
中海紫藤苑,住宅,西湖,三墩,杭州,fang.com
都市阳光和苑,住宅,西湖,三墩,杭州,fang.com
宝嘉誉府,住宅,西湖,三墩,杭州,fang.com
金地自在城林溪里,住宅,西湖,三墩,杭州,fang.com
首开国风美域,住宅,西湖,三墩,杭州,fang.com
金地自在城境水岸,住宅,西湖,三墩,杭州,fang.com
金地自在城乐活湾,住宅,西湖,三墩,杭州,fang.com
绿都云和湖,住宅,西湖,三墩,杭州,fang.com
新世纪花苑,住宅,西湖,三墩,杭州,fang.com
中海金溪园,住宅,西湖,三墩,杭州,fang.com
龙湖水晶郦城,住宅,西湖,三墩,杭州,fang.com
中兴墩莳家园,住宅,西湖,三墩,杭州,fang.com
金地自在城悦活轩,住宅,西湖,三墩,杭州,fang.com
恒大商业中心,住宅,西湖,之江,杭州,fang.com
之江九里,住宅,西湖,之江,杭州,fang.com
建发云启之江,住宅,西湖,之江,杭州,fang.com
嘉里云荷廷,住宅,西湖,之江,杭州,fang.com
仁恒祥生珊瑚世纪雅园,住宅,西湖,之江,杭州,fang.com
祥生云溪新语,住宅,西湖,之江,杭州,fang.com
中天九溪诚品,住宅,西湖,之江,杭州,fang.com
绿城汀岸芷兰轩,住宅,西湖,之江,杭州,fang.com
祥生云境,住宅,西湖,之江,杭州,fang.com
珊瑚沙社区,住宅,西湖,之江,杭州,fang.com
大家之江悦,住宅,西湖,之江,杭州,fang.com
德信九溪云庄,住宅,西湖,之江,杭州,fang.com
公元沐桥,住宅,西湖,之江,杭州,fang.com
梦湖山庄公寓,住宅,西湖,之江,杭州,fang.com
新西湖花园,住宅,西湖,之江,杭州,fang.com
万安景月湾,住宅,西湖,之江,杭州,fang.com
绿城云栖玫瑰园,住宅,西湖,之江,杭州,fang.com
枫华府第,住宅,西湖,九莲,杭州,fang.com
九莲新村,住宅,西湖,九莲,杭州,fang.com
望翠蓝庭,住宅,西湖,九莲,杭州,fang.com
建发书香印翠,住宅,西湖,九莲,杭州,fang.com
天苑花园,住宅,西湖,九莲,杭州,fang.com
花园南村,住宅,西湖,九莲,杭州,fang.com
花园西村,住宅,西湖,九莲,杭州,fang.com
松木场河东,住宅,西湖,北山,杭州,fang.com
松木场河西,住宅,西湖,北山,杭州,fang.com
胜利新村,住宅,西湖,北山,杭州,fang.com
友谊新村,住宅,西湖,北山,杭州,fang.com
罗马公寓,住宅,西湖,北山,杭州,fang.com
金祝新村,住宅,西湖,北山,杭州,fang.com
栖霞岭,住宅,西湖,北山,杭州,fang.com
古荡新村西区,住宅,西湖,古荡,杭州,fang.com
古荡新村东区,住宅,西湖,古荡,杭州,fang.com
山水人家,住宅,西湖,古荡,杭州,fang.com
文三新村,住宅,西湖,古荡,杭州,fang.com
西荡苑,住宅,西湖,古荡,杭州,fang.com
武林花园,住宅,西湖,古荡,杭州,fang.com
紫金庭园,住宅,西湖,古荡,杭州,fang.com
莲花新村西区,住宅,西湖,古荡,杭州,fang.com
武林门新村,住宅,西湖,古荡,杭州,fang.com
嘉绿景苑,住宅,西湖,古荡,杭州,fang.com
锦绣文苑,住宅,西湖,古荡,杭州,fang.com
启真名苑,住宅,西湖,古荡,杭州,fang.com
中融城市花园,住宅,西湖,古荡,杭州,fang.com
马塍路小区,住宅,西湖,古荡,杭州,fang.com
府苑新村,住宅,西湖,古荡,杭州,fang.com
混堂巷,住宅,西湖,古荡,杭州,fang.com
马塍路11号,住宅,西湖,古荡,杭州,fang.com
沁雅花园,住宅,西湖,古荡,杭州,fang.com
窑背巷,住宅,西湖,古荡,杭州,fang.com
城市心境,住宅,西湖,古荡,杭州,fang.com
嘉绿景苑南园,住宅,西湖,古荡,杭州,fang.com
上宁新村,住宅,西湖,古荡,杭州,fang.com
中大文锦苑,住宅,西湖,学军,杭州,fang.com
马塍雅院,住宅,西湖,学军,杭州,fang.com
下宁巷,住宅,西湖,学军,杭州,fang.com
文二新村,住宅,西湖,学军,杭州,fang.com
师苑新村,住宅,西湖,学军,杭州,fang.com
崇文公寓,住宅,西湖,学军,杭州,fang.com
沈塘新村,住宅,西湖,学军,杭州,fang.com
邮电新村,住宅,西湖,学军,杭州,fang.com
求智弄小区,住宅,西湖,学军,杭州,fang.com
马塍路33号,住宅,西湖,学军,杭州,fang.com
建工新村,住宅,西湖,学军,杭州,fang.com
日晖新村,住宅,西湖,学军,杭州,fang.com
西溪河东,住宅,西湖,学军,杭州,fang.com
文欣苑,住宅,西湖,学军,杭州,fang.com
求智巷,住宅,西湖,学军,杭州,fang.com
文二路小区,住宅,西湖,学军,杭州,fang.com
文二路21号,住宅,西湖,学军,杭州,fang.com
嘉绿西苑,住宅,西湖,文教,杭州,fang.com
嘉绿名苑,住宅,西湖,文教,杭州,fang.com
嘉绿北苑,住宅,西湖,文教,杭州,fang.com
文三路小区,住宅,西湖,文教,杭州,fang.com
嘉绿文苑,住宅,西湖,文教,杭州,fang.com
南都银座公寓,住宅,西湖,文教,杭州,fang.com
文鼎苑,住宅,西湖,文新,杭州,fang.com
西城年华,住宅,西湖,文新,杭州,fang.com
西城美墅,住宅,西湖,文新,杭州,fang.com
港湾家园,住宅,西湖,文新,杭州,fang.com
香樟公寓,住宅,西湖,文新,杭州,fang.com
滨江紫金府,住宅,西湖,文新,杭州,fang.com
城北商贸园,住宅,西湖,文新,杭州,fang.com
桂花城,住宅,西湖,文新,杭州,fang.com
南都德加,住宅,西湖,文新,杭州,fang.com
南都花园,住宅,西湖,文新,杭州,fang.com
天虹公寓,住宅,西湖,文新,杭州,fang.com
协安上郡,住宅,西湖,文新,杭州,fang.com
雅仕苑,住宅,西湖,文新,杭州,fang.com
金都新城,住宅,西湖,文新,杭州,fang.com
星洲花园,住宅,西湖,文新,杭州,fang.com
紫金文苑,住宅,西湖,文新,杭州,fang.com
冠苑小区,住宅,西湖,文新,杭州,fang.com
湖畔花园,住宅,西湖,文新,杭州,fang.com
康乐新村,住宅,西湖,文新,杭州,fang.com
世纪新城,住宅,西湖,文苑,杭州,fang.com
金色蓝庭,住宅,西湖,文苑,杭州,fang.com
桃源春居,住宅,西湖,文苑,杭州,fang.com
毛家桥公寓,住宅,西湖,文苑,杭州,fang.com
龙湖唐宁ONE,住宅,西湖,文苑,杭州,fang.com
物华小区,住宅,西湖,文苑,杭州,fang.com
湖畔莲花港家园,住宅,西湖,文苑,杭州,fang.com
外东山弄,住宅,西湖,灵隐,杭州,fang.com
里东山弄,住宅,西湖,灵隐,杭州,fang.com
玉古路小区,住宅,西湖,灵隐,杭州,fang.com
留庄,住宅,西湖,留下,杭州,fang.com
金都城市芯宇,住宅,西湖,翠苑,杭州,fang.com
融信杭州公馆,住宅,西湖,翠苑,杭州,fang.com
御西湖,住宅,西湖,翠苑,杭州,fang.com
翠苑三区,住宅,西湖,翠苑,杭州,fang.com
文萃苑,住宅,西湖,翠苑,杭州,fang.com
白荡海人家,住宅,西湖,翠苑,杭州,fang.com
梧桐公寓,住宅,西湖,翠苑,杭州,fang.com
石灰桥新村,住宅,西湖,翠苑,杭州,fang.com
华海园,住宅,西湖,翠苑,杭州,fang.com
翠苑五区,住宅,西湖,翠苑,杭州,fang.com
银马公寓,住宅,西湖,翠苑,杭州,fang.com
今日嘉园,住宅,西湖,翠苑,杭州,fang.com
翠苑一区,住宅,西湖,翠苑,杭州,fang.com
郡枫华庭,住宅,西湖,翠苑,杭州,fang.com
中豪晴园,住宅,西湖,翠苑,杭州,fang.com
翠苑二区,住宅,西湖,翠苑,杭州,fang.com
新德雅公寓,住宅,西湖,翠苑,杭州,fang.com
翠苑四区,住宅,西湖,翠苑,杭州,fang.com
瑞祺大厦,住宅,西湖,翠苑,杭州,fang.com
溪畔花园,住宅,西湖,翠苑,杭州,fang.com
翠苑佳居,住宅,西湖,翠苑,杭州,fang.com
融创河滨之城,住宅,西湖,蒋村,杭州,fang.com
西溪蝶园,住宅,西湖,蒋村,杭州,fang.com
葛洲坝龙湖中杭府,住宅,西湖,蒋村,杭州,fang.com
西溪华府,住宅,西湖,蒋村,杭州,fang.com
西溪正庐,住宅,西湖,蒋村,杭州,fang.com
众安蒲荷芸邸,住宅,西湖,蒋村,杭州,fang.com
西溪里,住宅,西湖,蒋村,杭州,fang.com
西溪诚园致诚苑,住宅,西湖,蒋村,杭州,fang.com
西溪名庐,住宅,西湖,蒋村,杭州,fang.com
和家园,住宅,西湖,西湖,杭州,fang.com
西湖花园,住宅,西湖,西湖,杭州,fang.com
云栖蝶谷,住宅,西湖,西湖,杭州,fang.com
万科坤和玉泉,住宅,西湖,西湖,杭州,fang.com
禹洲滨之江,住宅,西湖,转塘,杭州,fang.com
云溪香山,住宅,西湖,转塘,杭州,fang.com
绿城之江1号,住宅,西湖,转塘,杭州,fang.com
篁外,住宅,西湖,转塘,杭州,fang.com
融科瑷骊山,住宅,西湖,转塘,杭州,fang.com
溪悦云和园,住宅,西湖,转塘,杭州,fang.com
新帝朗郡,住宅,西湖,转塘,杭州,fang.com
赞成岭上花苑,住宅,西湖,转塘,杭州,fang.com
玖珑山,住宅,西湖,转塘,杭州,fang.com
梧桐燕庐,住宅,西湖,转塘,杭州,fang.com
祥生云浦新语,住宅,西湖,转塘,杭州,fang.com
天阳云筑,住宅,西湖,转塘,杭州,fang.com
东日晴好,住宅,西湖,转塘,杭州,fang.com
中梁云都汇中心,住宅,西湖,转塘,杭州,fang.com
云溪印象,住宅,西湖,转塘,杭州,fang.com
钱江之江新天地,住宅,西湖,转塘,杭州,fang.com
之江家园三区,住宅,西湖,转塘,杭州,fang.com
绿城茗春苑,住宅,西湖,转塘,杭州,fang.com
中天之江诚品,住宅,西湖,转塘,杭州,fang.com
樱花小筑,住宅,西湖,转塘,杭州,fang.com
翰墨香林苑,住宅,西湖,转塘,杭州,fang.com
定山家园,住宅,西湖,转塘,杭州,fang.com
定山西苑二区,住宅,西湖,转塘,杭州,fang.com
回龙雅苑,住宅,西湖,转塘,杭州,fang.com
村口家园,住宅,西湖,转塘,杭州,fang.com
定北家园三区,住宅,西湖,转塘,杭州,fang.com
钱江彩虹府,住宅,西湖,转塘,杭州,fang.com
之江家园一区,住宅,西湖,转塘,杭州,fang.com
求是新村,住宅,西湖,黄龙,杭州,fang.com
世贸丽晶城,住宅,西湖,黄龙,杭州,fang.com
黄龙雅苑,住宅,西湖,黄龙,杭州,fang.com
庆丰新村,住宅,西湖,黄龙,杭州,fang.com
曙光新村,住宅,西湖,黄龙,杭州,fang.com
国际花园,住宅,西湖,黄龙,杭州,fang.com
世茂江滨花园,住宅,钱塘,下沙江湾,杭州,fang.com
宋都晨光国际,住宅,钱塘,下沙江湾,杭州,fang.com
保利东湾,住宅,钱塘,下沙江湾,杭州,fang.com
观澜时代,住宅,钱塘,下沙江湾,杭州,fang.com
玫瑰湾,住宅,钱塘,下沙江湾,杭州,fang.com
天元公寓,住宅,钱塘,下沙江湾,杭州,fang.com
保利湾天地二期,住宅,钱塘,下沙江湾,杭州,fang.com
东尚国际寓所,住宅,钱塘,下沙江湾,杭州,fang.com
江城府,住宅,钱塘,下沙江湾,杭州,fang.com
世茂首府,住宅,钱塘,下沙江湾,杭州,fang.com
江语海,住宅,钱塘,下沙江滨,杭州,fang.com
中兴景冉佳园,住宅,钱塘,下沙江滨,杭州,fang.com
野风海天城,住宅,钱塘,下沙江滨,杭州,fang.com
伊萨卡国际城,住宅,钱塘,下沙江滨,杭州,fang.com
广宇锦上文澜,住宅,钱塘,下沙江滨,杭州,fang.com
多蓝水岸,住宅,钱塘,下沙江滨,杭州,fang.com
金沙学府,住宅,钱塘,下沙江滨,杭州,fang.com
朗诗国际街区,住宅,钱塘,下沙江滨,杭州,fang.com
梦琴湾,住宅,钱塘,下沙江滨,杭州,fang.com
阳光华城,住宅,钱塘,下沙江滨,杭州,fang.com
金沙居,住宅,钱塘,下沙江滨,杭州,fang.com
宝龙云滨湾,住宅,钱塘,下沙江滨,杭州,fang.com
宝龙城市广场,住宅,钱塘,下沙江滨,杭州,fang.com
云水苑,住宅,钱塘,下沙江滨,杭州,fang.com
多蓝水岸银沙苑,住宅,钱塘,下沙江滨,杭州,fang.com
桑达公寓,住宅,钱塘,下沙江滨,杭州,fang.com
东东城,住宅,钱塘,下沙江滨,杭州,fang.com
瓯江大厦,住宅,钱塘,下沙江滨,杭州,fang.com
融创·杭曜之城,住宅,钱塘,下沙物美,杭州,fang.com
万科湖印光年府,住宅,钱塘,下沙物美,杭州,fang.com
绿城燕语春风居,住宅,钱塘,下沙物美,杭州,fang.com
和达城,住宅,钱塘,下沙物美,杭州,fang.com
融创·杭望云潮城,住宅,钱塘,下沙物美,杭州,fang.com
四季风景,住宅,钱塘,下沙物美,杭州,fang.com
清雅苑,住宅,钱塘,下沙物美,杭州,fang.com
大都文苑风情,住宅,钱塘,下沙物美,杭州,fang.com
精欧荣寓,住宅,钱塘,下沙物美,杭州,fang.com
东盛家园,住宅,钱塘,下沙物美,杭州,fang.com
东海未名园,住宅,钱塘,下沙物美,杭州,fang.com
湾南德盛东苑,住宅,钱塘,下沙物美,杭州,fang.com
下沙文汇苑,住宅,钱塘,下沙物美,杭州,fang.com
广宇锦上云澜,住宅,钱塘,下沙物美,杭州,fang.com
香榭里花园,住宅,钱塘,下沙物美,杭州,fang.com
月雅苑,住宅,钱塘,下沙物美,杭州,fang.com
东方水岚佳苑,住宅,钱塘,下沙物美,杭州,fang.com
福雷德广场,住宅,钱塘,下沙物美,杭州,fang.com
潮映望月府,住宅,钱塘,下沙物美,杭州,fang.com
四季名门城市公寓,住宅,钱塘,下沙物美,杭州,fang.com
2号大街1035号,住宅,钱塘,下沙物美,杭州,fang.com
艾肯金座,住宅,钱塘,下沙物美,杭州,fang.com
东部之星,住宅,钱塘,下沙物美,杭州,fang.com
金鹭八号桥小区,住宅,钱塘,下沙物美,杭州,fang.com
锦阳人力,住宅,钱塘,下沙物美,杭州,fang.com
瓯江综合楼,住宅,钱塘,下沙物美,杭州,fang.com
盛泰名都住宅,住宅,钱塘,下沙物美,杭州,fang.com
东裕华庭,住宅,钱塘,临江,杭州,fang.com
杭房悦东方,住宅,钱塘,临江,杭州,fang.com
润东府,住宅,钱塘,临江,杭州,fang.com
三迪枫丹雅居,住宅,钱塘,临江,杭州,fang.com
临江佳苑,住宅,钱塘,临江,杭州,fang.com
临江时代花苑,住宅,钱塘,临江,杭州,fang.com
临江商贸城,住宅,钱塘,临江,杭州,fang.com
前乐佳苑,住宅,钱塘,临江,杭州,fang.com
三迪·雅颂美筑,住宅,钱塘,临江,杭州,fang.com
尚江名邸,住宅,钱塘,临江,杭州,fang.com
白银时代,住宅,钱塘,九堡,杭州,fang.com
都会钱塘东区晓春城,住宅,钱塘,大学城北,杭州,fang.com
都会钱塘西区水云城,住宅,钱塘,大学城北,杭州,fang.com
江山云樾府,住宅,钱塘,大学城北,杭州,fang.com
龙湖春江天越,住宅,钱塘,大学城北,杭州,fang.com
城市果岭,住宅,钱塘,大学城北,杭州,fang.com
中国铁建保利像素,住宅,钱塘,大学城北,杭州,fang.com
东郡国际,住宅,钱塘,大学城北,杭州,fang.com
宋都东郡之星,住宅,钱塘,大学城北,杭州,fang.com
碧桂园,住宅,钱塘,大学城北,杭州,fang.com
丰隆百翘香江,住宅,钱塘,大学城北,杭州,fang.com
汇澜公寓,住宅,钱塘,大学城北,杭州,fang.com
龙湖江与城,住宅,钱塘,大江东,杭州,fang.com
融创城,住宅,钱塘,大江东,杭州,fang.com
旭辉宝龙东湖城,住宅,钱塘,大江东,杭州,fang.com
卓越中锐星央悦府,住宅,钱塘,大江东,杭州,fang.com
滨江新希望新城未来海岸,住宅,钱塘,大江东,杭州,fang.com
琅琴湾,住宅,钱塘,大江东,杭州,fang.com
潮闻天下,住宅,钱塘,大江东,杭州,fang.com
金成潮塘轩,住宅,钱塘,大江东,杭州,fang.com
大江之星,住宅,钱塘,大江东,杭州,fang.com
大江东宝龙广场公寓,住宅,钱塘,大江东,杭州,fang.com
东原东傲城,住宅,钱塘,大江东,杭州,fang.com
阳光城兴耀花漾里,住宅,钱塘,大江东,杭州,fang.com
兴耀·湖境观岚湾,住宅,钱塘,大江东,杭州,fang.com
至高钱塘一品,住宅,钱塘,大江东,杭州,fang.com
帝凯帝景园,住宅,钱塘,大江东,杭州,fang.com
滨江湖映里,住宅,钱塘,大江东,杭州,fang.com
宏河嘉园,住宅,钱塘,大江东,杭州,fang.com
宋都新宸悦府,住宅,钱塘,大江东,杭州,fang.com
河印观翠湾,住宅,钱塘,大江东,杭州,fang.com
宋都丽郡国际,住宅,钱塘,大江东,杭州,fang.com
金色和庄,住宅,钱塘,大江东,杭州,fang.com
中天翡玥府,住宅,钱塘,大江东,杭州,fang.com
天阳湖与舍,住宅,钱塘,大江东,杭州,fang.com
德信大江源著,住宅,钱塘,大江东,杭州,fang.com
万固珺府,住宅,钱塘,大江东,杭州,fang.com
德信大江壹号,住宅,钱塘,大江东,杭州,fang.com
宏景园,住宅,钱塘,大江东,杭州,fang.com
佳源驭远玖墅,住宅,钱塘,大江东,杭州,fang.com
江与珑府(公寓住宅),住宅,钱塘,大江东,杭州,fang.com
盛都苑,住宅,钱塘,大江东,杭州,fang.com
紫瑞华庭,住宅,钱塘,大江东,杭州,fang.com
滨江华成大江之星,住宅,钱塘,大江东,杭州,fang.com
潮悦前城(西区),住宅,钱塘,大江东,杭州,fang.com
潮悦前城(东区),住宅,钱塘,大江东,杭州,fang.com
景悦家苑,住宅,钱塘,大江东,杭州,fang.com
江东阳光名城,住宅,钱塘,大江东,杭州,fang.com
江东锦秀,住宅,钱塘,大江东,杭州,fang.com
江东锦绣,住宅,钱塘,大江东,杭州,fang.com
金逸雅苑,住宅,钱塘,大江东,杭州,fang.com
蓝色港湾,住宅,钱塘,大江东,杭州,fang.com
南沙新苑,住宅,钱塘,大江东,杭州,fang.com
兴耀·岚漫之城,住宅,钱塘,大江东,杭州,fang.com
云上学府,住宅,钱塘,大江东,杭州,fang.com
滨江春盛大江名筑,住宅,钱塘,大江东,杭州,fang.com
诚盛美郡,住宅,钱塘,大江东,杭州,fang.com
诚意公寓,住宅,钱塘,大江东,杭州,fang.com
春意江南名邸,住宅,钱塘,大江东,杭州,fang.com
德意义和苑,住宅,钱塘,大江东,杭州,fang.com
大业江东府,住宅,钱塘,大江东,杭州,fang.com
东哲钱塘汇,住宅,钱塘,大江东,杭州,fang.com
丰达公寓楼,住宅,钱塘,大江东,杭州,fang.com
华鸿东潮云庭,住宅,钱塘,大江东,杭州,fang.com
华彩名府,住宅,钱塘,大江东,杭州,fang.com
河西弄7-1幢,住宅,钱塘,大江东,杭州,fang.com
河中路588号小区,住宅,钱塘,大江东,杭州,fang.com
金凌花园,住宅,钱塘,大江东,杭州,fang.com
江盛江南岸,住宅,钱塘,大江东,杭州,fang.com
继来路,住宅,钱塘,大江东,杭州,fang.com
江与东府(公寓住宅),住宅,钱塘,大江东,杭州,fang.com
江东锦苑小区,住宅,钱塘,大江东,杭州,fang.com
江南明珠,住宅,钱塘,大江东,杭州,fang.com
美郡园,住宅,钱塘,大江东,杭州,fang.com
明意公寓,住宅,钱塘,大江东,杭州,fang.com
南苑教工宿舍,住宅,钱塘,大江东,杭州,fang.com
钱塘商贸公寓,住宅,钱塘,大江东,杭州,fang.com
钱塘迎宾路,住宅,钱塘,大江东,杭州,fang.com
钱塘河东路小区,住宅,钱塘,大江东,杭州,fang.com
首业御东湾,住宅,钱塘,大江东,杭州,fang.com
水畔华庭,住宅,钱塘,大江东,杭州,fang.com
同心居,住宅,钱塘,大江东,杭州,fang.com
上海大华潮悦前城,住宅,钱塘,新湾,杭州,fang.com
钱塘兴隆路小区,住宅,钱塘,望江,杭州,fang.com
江上澜庭,住宅,钱塘,河中路,杭州,fang.com
钱塘邮电路小区,住宅,钱塘,湖滨,杭州,fang.com
靖美华庭,住宅,钱塘,瓜沥,杭州,fang.com
宋都相贤府(公寓住宅),住宅,钱塘,瓜沥,杭州,fang.com
龙湖滟澜山,住宅,钱塘,金沙湖,杭州,fang.com
绿城春风金沙,住宅,钱塘,金沙湖,杭州,fang.com
坤和融创开元望金沙,住宅,钱塘,金沙湖,杭州,fang.com
德信早城,住宅,钱塘,金沙湖,杭州,fang.com
绿城湖上春风里,住宅,钱塘,金沙湖,杭州,fang.com
御观邸,住宅,钱塘,金沙湖,杭州,fang.com
东海橙对,住宅,钱塘,金沙湖,杭州,fang.com
铭和苑,住宅,钱塘,金沙湖,杭州,fang.com
柠檬郡,住宅,钱塘,金沙湖,杭州,fang.com
名城湖左岸,住宅,钱塘,金沙湖,杭州,fang.com
德信中外公寓,住宅,钱塘,金沙湖,杭州,fang.com
融创金昌启亚·杭臻源筑,住宅,钱塘,金沙湖,杭州,fang.com
湖景居,住宅,钱塘,金沙湖,杭州,fang.com
松合幸福雅苑,住宅,钱塘,金沙湖,杭州,fang.com
金沙阳光,住宅,钱塘,金沙湖,杭州,fang.com
坤和.绿城金沙湖紫棠园,住宅,钱塘,金沙湖,杭州,fang.com
春咏风荷里,住宅,钱塘,金沙湖,杭州,fang.com
凯德璟高府,住宅,钱塘,金沙湖,杭州,fang.com
兴耀·月琉璃,住宅,钱塘,金沙湖,杭州,fang.com
铭都雅苑,住宅,钱塘,金沙湖,杭州,fang.com
锦湖家园,住宅,钱塘,金沙湖,杭州,fang.com
头格江景家园一区,住宅,钱塘,金沙湖,杭州,fang.com
东岸嘉园,住宅,钱塘,金沙湖,杭州,fang.com
滨江兴耀·湖翠里,住宅,钱塘,金沙湖,杭州,fang.com
万科朗拾湖著,住宅,钱塘,金沙湖,杭州,fang.com
学林铭城,住宅,钱塘,金沙湖,杭州,fang.com
湖悦岚湾,住宅,钱塘,金沙湖,杭州,fang.com
头格江景家园二区,住宅,钱塘,金沙湖,杭州,fang.com
新沙家园,住宅,钱塘,金沙湖,杭州,fang.com
新元金沙城,住宅,钱塘,金沙湖,杭州,fang.com
金沙家园,住宅,钱塘,金沙湖,杭州,fang.com
兴耀枫漫小筑,住宅,钱塘,金沙湖,杭州,fang.com
高沙百盛苑,住宅,钱塘,金沙湖,杭州,fang.com
新怡家园,住宅,钱塘,金沙湖,杭州,fang.com
幸福家园,住宅,钱塘,金沙湖,杭州,fang.com
财通中心,住宅,钱塘,金沙湖,杭州,fang.com
兴耀·沐云川,住宅,钱塘,金沙湖,杭州,fang.com
智格豪城,住宅,钱塘,金沙湖,杭州,fang.com
东沙铭城,住宅,钱塘,金沙湖,杭州,fang.com
东海金沙T台,住宅,钱塘,金沙湖,杭州,fang.com
高沙文盛公寓,住宅,钱塘,金沙湖,杭州,fang.com
华沙公寓,住宅,钱塘,金沙湖,杭州,fang.com
久映樾府,住宅,钱塘,金沙湖,杭州,fang.com
龙湖亚伦·金沙御湖境,住宅,钱塘,金沙湖,杭州,fang.com
沐晴川府,住宅,钱塘,金沙湖,杭州,fang.com
松合幸福里,住宅,钱塘,金沙湖,杭州,fang.com
建发云启钱湾,住宅,钱塘,钱塘杭州钱塘区江,杭州,fang.com
